financial_year,year,bank_name,total_assets,investments,advances,fixed_assets,other_assets,capital,reserves_surplus,deposits,borrowings,other_liabilities_provisions,total_liabilities
FY2024-25,2025,BANK OF BARODA,1781247.32,385398.446,1209557.898,12376.2569,48065.5179,1035.5336,135890.1506,1472034.849,123716.179,,1781247.32
FY2024-25,2025,BANK OF INDIA,1042581.947,259111.8048,649657.0414,11938.7144,21593.4781,4553.407,74048.0346,816541.4874,123856.4269,,1042581.947
FY2024-25,2025,BANK OF MAHARASHTRA,369142.1546,82004.7908,236083.7953,2915.5869,5943.1137,7691.555,20797.7081,307142.6051,23852.515,,369142.1546
FY2024-25,2025,CANARA BANK,1682849.599,380343.3966,1049155.02,10215.1494,37795.8566,1814.1303,98085.9766,1456883.177,89665.1181,,1682849.599
FY2024-25,2025,CENTRAL BANK OF INDIA,479128.1253,141435.248,282419.8724,5204.2772,13871.8807,9051.4012,27454.6828,412697.1413,21591.9465,,479128.1253
FY2024-25,2025,INDIAN BANK,873410.6612,225303.1238,571071.1909,8826.693,13341.7774,1346.964,67962.9767,737153.5639,41507.9245,,873410.6612
FY2024-25,2025,INDIAN OVERSEAS BANK,395014.943,111044.8364,245555.1684,4654.821024,12689.85299,19256.5898,13284.32955,311938.8239,42227.66319,,395014.943
FY2024-25,2025,PUNJAB AND SIND BANK,161815.168,46912.3086,97299.9019,1778.8633,7004.0301,7095.5852,6259.1713,129774.0219,14229.5201,,161815.168
FY2024-25,2025,PUNJAB NATIONAL BANK,1818170.731,497311.2522,1077474.572,13053.3867,81611.6788,2298.5887,125063.6573,1566623.283,83776.7152,,1818170.731
FY2024-25,2025,STATE BANK OF INDIA,6676053.269,1690572.747,4163312.102,44107.5526,437831.1809,892.462,440269.6581,5382189.528,563572.5236,,6676053.269
FY2024-25,2025,UCO BANK,362481.0826,94272.4901,215134.5788,3851.9503,13095.1517,12539.559,18465.318,293542.1782,28687.4853,,362481.0826
FY2024-25,2025,UNION BANK OF INDIA,1499855.708,354381.3963,953513.3435,9781.8765,50845.1148,7633.6056,105341.6007,1309749.518,27341.788,,1499855.708
FY2024-25,2025,AXIS BANK LIMITED,1609929.879,396141.7941,1040811.32,6291.6985,66952.974,619.4738,179105.6541,1172952.022,184146.5165,,1609929.879
FY2024-25,2025,BANDHAN BANK LIMITED,191476.2885,40712.2755,131987.3177,1180.381845,8026.9222,1610.971405,22748.13041,151212.4992,11138.49269,,191476.2885
FY2024-25,2025,CITY UNION BANK LIMITED,77623.2149,17336.1436,52081.2546,322.3385,2592.9355,74.0986,9392.5186,63525.9539,2169.41,,77623.2149
FY2024-25,2025,CSB BANK LIMITED,47836.2719,11389.3376,31507.0485,628.6839,719.0226,173.5381,4324.1934,36861.4881,5546.2839,,47836.2719
FY2024-25,2025,DCB BANK LIMITED,76809.7809,20149.9016,51046.9134,898.3981,2015.9772,314.2874,5376.3927,60030.9531,9115.1786,,76809.7809
FY2024-25,2025,DHANLAXMI BANK LIMITED,17936.9373,3955.1519,11959.4899,281.5576,660.9148,394.6989,1000.5867,16013.4513,200.0,,17936.9373
FY2024-25,2025,FEDERAL BANK LTD,349004.8014,66245.6067,234836.3947,1478.2703,15585.2854,491.1658,32929.4508,283647.4727,23726.3046,,349004.8014
FY2024-25,2025,HDFC BANK LTD.,3910198.945,836359.6736,2619608.617,13655.3987,201004.584,765.2222,500659.4173,2714714.896,547930.8926,,3910198.945
FY2024-25,2025,ICICI BANK LIMITED,2118239.969,504756.7369,1341766.161,12838.7372,73316.3375,1424.5974,290651.703,1610348.021,123538.2601,,2118239.969
FY2024-25,2025,IDBI BANK LIMITED,411661.3146,117467.5344,218399.1556,12181.14077,19197.2952,10752.4022,49498.61454,310293.5516,19882.27945,,411661.3146
FY2024-25,2025,IDFC FIRST BANK LIMITED,343818.6512,80715.52186,233112.527,2662.647947,12230.59982,7322.106984,30755.88613,252065.2454,38974.83738,,343818.6512
FY2024-25,2025,INDUSIND BANK LTD,554018.4307,114496.8048,345018.6256,2355.790194,32981.4362,779.0545,63713.5237,411078.1394,53703.5526,,554018.4307
FY2024-25,2025,JAMMU & KASHMIR BANK LTD,169468.4659,41212.6568,104198.7193,2191.2176,12106.0223,110.1326,14141.8109,148569.4591,2382.8443,,169468.4659
FY2024-25,2025,KARNATAKA BANK LTD,120961.7843,24536.5115,76541.4846,990.5356,10908.9351,377.9465,11707.3753,104807.4852,1940.55,,120961.7843
FY2024-25,2025,KARUR VYSYA BANK LTD,119367.4177,23831.25456,84004.53626,490.172998,3234.733256,161.024932,11768.51826,102077.9901,1216.982269,,119367.4177
FY2024-25,2025,KOTAK MAHINDRA BANK LTD.,693624.1783,181907.4474,426909.2008,2358.856727,16669.51987,994.1115,116151.505,499055.1352,48442.7559,,693624.1783
FY2024-25,2025,NAINITAL BANK LTD,9360.482216,1856.886222,4663.9371,74.558068,616.229848,117.44625,759.730247,8255.818818,,,9360.482216
FY2024-25,2025,RBL BANK LTD,146725.484,32164.7479,92618.2672,577.1676,8805.6897,607.8761,14998.9044,110943.5302,13733.8438,,146725.484
FY2024-25,2025,SOUTH INDIAN BANK LTD,124655.1221,21777.1814,85682.066,1018.2941,3917.4839,261.6301,9838.2856,107525.6011,4300.4755,,124655.1221
FY2024-25,2025,TAMILNAD MERCANTILE BANK LTD,66449.87025,15100.7978,43983.66913,284.4837087,2672.672707,158.351454,8850.340993,53688.95921,500.0,,66449.87025
FY2024-25,2025,YES BANK LTD.,423422.3003,85104.4827,246188.469,3065.4248,61004.8915,6270.8231,41509.2308,284525.1333,71602.9679,,423422.3003
FY2024-25,2025,AB BANK PLC,474.746737,132.275977,73.372676,2.855297,11.998753,157.33451,64.385706,248.044642,,,474.746737
FY2024-25,2025,AMERICAN EXPRESS BANKING CORP.,12243.7562,4660.5838,6194.7637,316.6378,692.058,2215.3299,-373.5294,5157.5965,2765.7841,,12243.7562
FY2024-25,2025,AUSTRALIA AND NEW ZEALAND BANKING GROUP LIMITED,37754.7644,22801.6942,4323.6731,19.2623,6202.4866,2888.5427,1093.9907,8023.8488,18278.969,,37754.7644
FY2024-25,2025,"BANK OF AMERICA , NATIONAL ASSOCIATION",137176.2722,79380.94812,34492.26027,240.7979406,14557.90561,6731.93823,16933.97265,66780.08573,32503.46742,,137176.2722
FY2024-25,2025,BANK OF BAHRAIN & KUWAIT B.S.C.,2414.761826,600.5528,1415.0667,20.1645,132.823248,292.8863,159.8266,1897.793,14.9874,,2414.761826
FY2024-25,2025,BANK OF CEYLON,600.10849,82.379547,443.619016,3.75727,28.236688,168.433926,117.686738,259.273488,34.19,,600.10849
FY2024-25,2025,BANK OF CHINA LIMITED,400.9255,160.4484,161.6667,2.3191,12.2248,352.5375,-67.8702,27.5363,,,400.9255
FY2024-25,2025,BANK OF NOVA SCOTIA,2123.758,1240.5231,2.2414,5.3419,80.0338,839.413,1211.7328,20.4372,,,2123.758
FY2024-25,2025,BARCLAYS BANK PLC,70701.8719,43828.0435,10416.9703,73.6694,14888.9537,11041.6107,4270.7819,19668.9016,14103.262,,70701.8719
FY2024-25,2025,BNP PARIBAS,86112.6426,45782.3712,14354.7225,63.1786,14817.6503,9585.7139,5312.1486,24790.1941,30509.7034,,86112.6426
FY2024-25,2025,CITIBANK N.A,270544.7242,132157.3287,72260.24078,1583.751977,16842.22042,3743.8375,39405.21702,199807.2948,5246.085249,,270544.7242
FY2024-25,2025,COOPERATIEVE RABOBANK U.A.,1051.107003,,,,152.120703,1220.0775,-207.234097,,,,1051.107003
FY2024-25,2025,CREDIT AGRICOLE CORPORATE AND INVESTMENT BANK,31444.28467,13621.30906,6837.989019,39.880029,8677.847025,4854.414377,1617.59551,7841.056126,7469.910754,,31444.28467
FY2024-25,2025,"CTBC BANK CO., LTD.",4740.277,1382.2046,2521.389,23.3361,100.7897,965.7126,74.0024,3242.845,331.3224,,4740.277
FY2024-25,2025,DBS BANK INDIA LIMITED,139950.735,56169.0965,53972.7676,538.9265,15991.7712,8105.1974,5374.7522,83313.5287,27184.0909,,139950.735
FY2024-25,2025,DEUTSCHE BANK AG,167292.1912,63051.6115,67420.5697,212.2934,18321.2082,13602.0289,19054.447,93186.603,16969.0523,,167292.1912
FY2024-25,2025,DOHA BANK Q.P.S.C.,1607.75,371.1027,856.2074,35.3763,76.4011,304.2002,91.6806,1037.0294,140.8946,,1607.75
FY2024-25,2025,EMIRATES NBD BANK (P.J.S.C.),12456.66,3421.889,6568.2732,20.3375,263.9477,2152.8889,263.3593,7804.6407,1940.7794,,12456.66
FY2024-25,2025,FIRST ABU DHABI BANK PJSC,9620.1865,4959.1209,2284.4512,16.7144,1548.6393,2012.5891,663.3316,1506.8642,3696.7605,,9620.1865
FY2024-25,2025,FIRSTRAND BANK LTD,381.6369,,,0.5733,42.1907,661.714,-309.9667,,,,381.6369
FY2024-25,2025,INDUSTRIAL AND COMMERCIAL BANK OF CHINA,5784.1732,3581.4956,1456.2551,3.1183,193.2868,455.448,471.9498,3439.9456,1296.1781,,5784.1732
FY2024-25,2025,INDUSTRIAL BANK OF KOREA,1169.078,67.438,600.0678,1.7012,69.3784,735.4138,129.1187,280.632,,,1169.078
FY2024-25,2025,JPMORGAN CHASE BANK NATIONAL ASSOCIATION,186602.3343,104956.765,15460.4667,45.6413,19709.9059,6570.341,17364.6229,81130.2623,59172.1499,,186602.3343
FY2024-25,2025,JSC VTB BANK,2626.9429,288.1872,,7.4475,11.6926,239.7661,202.5518,1915.165,,,2626.9429
FY2024-25,2025,KEB HANA BANK,5204.7287,373.3836,2749.2708,1.3775,67.9264,1015.4901,263.6123,3563.4418,279.1688,,5204.7287
FY2024-25,2025,KOOKMIN BANK,3602.8621,1901.5737,1359.909,20.4619,66.9171,355.8625,21.8317,1802.7207,1374.7012,,3602.8621
FY2024-25,2025,MASHREQ BANK PSC,3148.9396,389.7749,2563.0641,21.2171,29.541,977.5406,351.3154,413.2737,1339.4885,,3148.9396
FY2024-25,2025,MIZUHO BANK LTD,50670.7267,22168.0106,20882.2192,60.3474,3013.9975,7144.3353,4075.2812,28882.3757,7959.6705,,50670.7267
FY2024-25,2025,"MUFG BANK, LTD.",45326.588,10631.5317,21153.3133,42.7625,9616.8059,6133.2737,5018.1183,22347.9905,1600.169,,45326.588
FY2024-25,2025,NATWEST MARKETS PLC,4619.508,4382.9197,,,9.9046,2802.821,-369.4643,,1928.5297,,4619.508
FY2024-25,2025,NONGHYUP BANK,342.8379,,138.0,12.9735,5.9007,327.52,-0.8611,13.4496,,,342.8379
FY2024-25,2025,PT BANK MAYBANK INDONESIA TBK,441.0606,122.4368,275.3051,4.684,10.9983,291.8252,-22.2473,118.0891,42.5708,,441.0606
FY2024-25,2025,QATAR NATIONAL BANK (Q.P.S.C),2276.4918,530.8933,1477.2159,2.3489,18.3977,529.9192,-30.8667,1706.9319,18.4939,,2276.4918
FY2024-25,2025,SBERBANK,14856.58923,2005.514479,95.760382,103.940808,354.920767,3044.84341,1729.097765,9026.990711,,,14856.58923
FY2024-25,2025,SBM BANK (INDIA) LIMITED,9583.2478,2211.6971,4653.6277,105.1858,455.2052,1001.1375,-210.2895,7699.4625,620.52,,9583.2478
FY2024-25,2025,SHINHAN BANK,16013.9755,3176.5639,10764.6131,6.6814,297.4819,633.1908,1132.1581,13521.7882,391.9,,16013.9755
FY2024-25,2025,SOCIETE GENERALE,9981.0564,5974.5367,827.0142,40.4206,2606.6084,2697.4653,634.3088,2059.5868,774.9984,,9981.0564
FY2024-25,2025,SONALI BANK PLC,352.9711,33.593,5.5538,4.3398,6.702,207.3269,24.8843,107.5445,,,352.9711
FY2024-25,2025,STANDARD CHARTERED BANK,258908.5019,110934.3778,84958.28203,1501.784174,41149.40699,7440.0742,33574.08342,145896.2061,22660.82044,,258908.5019
FY2024-25,2025,SUMITOMO MITSUI BANKING CORPORATION,48166.42784,12436.90329,22546.11164,64.588004,3861.735833,9654.5325,3399.024241,30066.45264,1500.0,,48166.42784
FY2024-25,2025,THE HONGKONG AND SHANGHAI BANKING CORPORATION LIMITED,378940.7323,160283.5215,138277.8219,756.198313,31036.91236,8633.416,40026.17092,223377.8582,74642.9813,,378940.7323
FY2024-25,2025,UBS AG,7783.1224,4428.785,1566.9901,3.0085,341.2179,3225.0,2053.8781,2451.8801,,,7783.1224
FY2024-25,2025,UNITED OVERSEAS BANK LTD,1298.3656,401.4136,631.825,1.4553,54.3717,752.5524,180.4931,144.1815,200.8663,,1298.3656
FY2024-25,2025,WOORI BANK,5108.4398,1701.4484,2924.502,11.4979,96.3178,696.3261,250.0867,3607.9607,443.3963,,5108.4398
FY2024-25,2025,AU SMALL FINANCE BANK LIMITED,157845.6662,37847.52354,107092.4845,912.465098,2526.831293,744.530531,16421.75126,124268.5438,11659.90244,,157845.6662
FY2024-25,2025,CAPITAL SMALL FINANCE BANK LIMITED,10107.5126,1819.4534,7090.3911,87.7485,110.2024,45.2469,1294.8885,8322.5995,320.58,,10107.5126
FY2024-25,2025,EQUITAS SMALL FINANCE BANK LIMITED,52835.6344,9288.6851,36208.8881,695.7024,1106.0595,1139.8624,4932.6579,43106.7209,2136.99,,52835.6344
FY2024-25,2025,ESAF SMALL FINANCE BANK LIMITED,27178.2894,5995.2619,18027.872,300.4175,875.6246,515.4275,1429.5845,23276.44,1405.73,,27178.2894
FY2024-25,2025,JANA SMALL FINANCE BANK LIMITED,38463.6165,5944.5806,27155.4759,153.1772,751.0627,105.0565,4013.2892,29119.7813,3866.8171,,38463.6165
FY2024-25,2025,NORTH EAST SMALL FINANCE BANK LIMITED,4329.898556,778.138965,2904.865898,72.693148,233.83068,1072.337899,-519.490548,2418.381216,1139.530801,,4329.898556
FY2024-25,2025,SHIVALIK SMALL FINANCE BANK LIMITED,4119.7598,634.529,2934.5595,141.9527,64.0582,149.4368,201.8997,3161.0625,515.0647,,4119.7598
FY2024-25,2025,SURYODAY SMALL FINANCE BANK LIMITED,15614.38566,3137.484334,9974.349925,290.135637,503.03099,106.284824,1820.806022,10579.611,2710.286827,,15614.38566
FY2024-25,2025,UJJIVAN SMALL FINANCE BANK LIMITED,47689.1515,11729.99021,31390.00398,456.913096,942.448856,1935.003643,4148.403257,37630.48425,2845.362998,,47689.1515
FY2024-25,2025,UNITY SMALL FINANCE BANK LIMITED,19151.94093,5151.990755,10985.17909,706.554895,1193.378057,1392.435375,721.916326,11951.88853,1067.266297,,19151.94093
FY2024-25,2025,UTKARSH SMALL FINANCE BANK LIMITED,28127.437,4957.8851,18716.4758,386.9206,629.5344,1101.6099,1872.8943,21565.6989,2354.7658,,28127.437
FY2024-25,2025,AIRTEL PAYMENTS BANK LIMITED,7511.082794,3293.993756,,739.124946,650.943807,2465.007036,-1820.331111,3418.064861,129.847904,,7511.082794
FY2024-25,2025,FINO PAYMENTS BANK LIMITED,4205.9319,2388.1285,0.1694,297.5752,415.8698,83.2184,663.6582,1939.4353,839.4572,,4205.9319
FY2024-25,2025,INDIA POST PAYMENTS BANK LIMITED,22907.277,16536.7934,,317.2512,599.0711,2355.0,-815.9693,19345.2366,961.0,,22907.277
FY2024-25,2025,PAYTM PAYMENTS BANK LIMITED,1918.8279,1226.2715,,0.0007,35.2195,400.0,-168.7614,428.5292,,,1918.8279
FY2024-25,2025,PAYMENTS BANKS,36543.119594,23445.187156,0.1694,1353.952046,1701.104207,5303.225436,-2141.403611,25131.265961,1930.305104,,36543.119594
FY2023-24,2024,BANK OF BARODA,1585797.091,369816.8374,1065781.715,7912.5532,47161.8466,1035.5336,111188.0547,1335136.399,94402.2594,,1585797.091
FY2023-24,2024,BANK OF INDIA,912597.9248,227144.4677,563144.6654,10226.464,29145.1953,4553.407,64327.2643,737920.2058,80924.0678,,912597.9248
FY2023-24,2024,BANK OF MAHARASHTRA,307137.8595,68274.1197,200239.8843,2209.5999,6102.594,7081.3736,12592.5257,270747.1682,7718.855,,307137.8595
FY2023-24,2024,CANARA BANK,1491540.72,357454.4215,931612.8331,12228.1748,39485.568,1814.1303,85140.4605,1312366.613,57592.2773,,1491540.72
FY2023-24,2024,CENTRAL BANK OF INDIA,446672.6847,143923.4863,243406.2841,5335.739,16399.6788,8680.9394,23467.0251,385011.3226,19805.6503,,446672.6847
FY2023-24,2024,INDIAN BANK,792619.1227,212554.4766,514889.0682,7515.4729,15550.9712,1346.964,57041.1597,688000.0037,23131.487,,792619.1227
FY2023-24,2024,INDIAN OVERSEAS BANK,352033.6188,99632.08173,213318.8094,3739.7559,16788.55312,18902.41226,9039.888501,285905.3782,30387.16546,,352033.6188
FY2023-24,2024,PUNJAB AND SIND BANK,147656.5259,49599.1569,82736.3762,1755.7825,6182.1984,6777.7864,8755.6407,119409.5543,9770.8561,,147656.5259
FY2023-24,2024,PUNJAB NATIONAL BANK,1561835.007,420318.2069,934430.5924,12318.7737,65662.8534,2202.2031,104274.3703,1369712.806,50429.8535,,1561835.007
FY2023-24,2024,STATE BANK OF INDIA,6179693.945,1671339.656,3703970.854,42617.2525,450964.1944,892.4612,376354.0725,4916076.769,597560.9078,,6179693.945
FY2023-24,2024,UCO BANK,323691.4516,92904.3955,182021.8651,3781.4733,15958.3565,11955.9582,15400.827,263129.7727,25331.4409,,323691.4516
FY2023-24,2024,UNION BANK OF INDIA,1391957.617,337903.5284,870776.0894,9222.7802,54752.3429,7633.6056,89335.3596,1221528.374,26948.3682,,1391957.617
FY2023-24,2024,AXIS BANK LIMITED,1477208.601,331527.2496,965068.3843,5684.575,60474.0043,617.3141,150444.2617,1068641.392,196811.7504,,1477208.601
FY2023-24,2024,BANDHAN BANK LIMITED,177841.659,29287.5784,121136.7833,1173.426221,10073.34492,1610.969748,19954.47838,135201.9863,16371.52398,,177841.659
FY2023-24,2024,CITY UNION BANK LIMITED,70825.8685,15664.1108,45525.7193,270.3733,2422.1381,74.0672,8327.3643,55656.6411,4724.1577,,70825.8685
FY2023-24,2024,CSB BANK LIMITED,36055.9902,7551.429,24335.5757,405.9157,608.1822,173.5381,3630.1087,29718.8036,1757.38,,36055.9902
FY2023-24,2024,DCB BANK LIMITED,63036.9669,16210.8481,40924.5645,864.8834,1970.7837,312.8045,4758.4651,49353.0343,6219.475,,63036.9669
FY2023-24,2024,DHANLAXMI BANK LIMITED,15961.8888,3942.3992,10102.1561,274.3353,668.3735,253.0121,776.7501,14290.3085,299.035,,15961.8888
FY2023-24,2024,FEDERAL BANK LTD,308311.8017,60859.5267,209403.3349,1020.0583,18065.9651,487.0703,28607.3479,252534.0153,18026.4164,,308311.8017
FY2023-24,2024,HDFC BANK LTD.,3617623.087,702414.9587,2484861.519,11398.9878,199800.2035,759.6911,439486.114,2379786.276,662153.0751,,3617623.087
FY2023-24,2024,ICICI BANK LIMITED,1871514.577,461942.2722,1184406.389,10859.8403,74380.0667,1404.679,236994.6426,1412824.951,124967.5779,,1871514.577
FY2023-24,2024,IDBI BANK LIMITED,363578.1682,114934.2444,188620.6145,9519.9155,24570.5086,10752.4022,39129.4634,277657.2234,17082.6959,,363578.1682
FY2023-24,2024,IDFC FIRST BANK LIMITED,296115.1016,74710.39334,194592.3662,2619.427545,11712.70257,7069.923853,25091.38117,200576.3123,50935.5743,,296115.1016
FY2023-24,2024,INDUSIND BANK LTD,514935.1448,106526.705,343298.274,2197.745706,26110.80606,778.32,62018.78671,384792.9167,47611.4113,,514935.1448
FY2023-24,2024,JAMMU & KASHMIR BANK LTD,154526.5896,34986.7091,93762.5111,2257.4772,15342.4093,110.1326,12125.5497,134776.317,2885.0015,,154526.5896
FY2023-24,2024,KARNATAKA BANK LTD,116084.5729,24302.0533,71508.6408,927.91,11292.6836,377.2598,10471.2396,97988.2232,4399.5333,,116084.5729
FY2023-24,2024,KARUR VYSYA BANK LTD,105453.2584,22343.52482,73667.48228,432.880897,3350.808241,160.8754,9879.197831,89112.72313,2478.350194,,105453.2584
FY2023-24,2024,KOTAK MAHINDRA BANK LTD.,600357.0457,155403.7587,376075.2659,2155.296469,13934.3225,993.9604,95645.50269,448953.7451,28368.0956,,600357.0457
FY2023-24,2024,NAINITAL BANK LTD,9306.822126,1989.073448,4517.844418,79.058523,548.641995,117.44625,700.287754,8267.744392,,,9306.822126
FY2023-24,2024,RBL BANK LTD,138432.2127,29575.8526,83986.9147,532.3919,9920.5028,605.0999,14191.2946,103493.5964,14184.0873,,138432.2127
FY2023-24,2024,SOUTH INDIAN BANK LTD,117412.79,23977.0194,78060.6486,966.4796,4386.4661,261.5926,8561.9469,101920.2587,3912.0935,,117412.79
FY2023-24,2024,TAMILNAD MERCANTILE BANK LTD,61552.46,15262.59841,39733.75006,270.9797917,2717.009963,158.351454,7762.850808,49515.07323,1301.151103,,61552.46
FY2023-24,2024,YES BANK LTD.,405492.9899,90235.1322,227799.472,2856.5218,65672.2245,5753.5764,35443.4232,266372.1717,79940.8803,,405492.9899
FY2023-24,2024,AB BANK LIMITED,436.387818,74.26462,68.220079,0.341193,13.292653,157.33451,53.094115,221.522052,,,436.387818
FY2023-24,2024,AMERICAN EXPRESS BANKING CORP.,10643.4778,4609.9075,4718.7231,388.1511,557.4697,2215.3299,-386.9221,4116.5047,2682.1128,,10643.4778
FY2023-24,2024,AUSTRALIA AND NEW ZEALAND BANKING GROUP LIMITED,27939.1149,17757.7255,3877.7561,27.8149,4658.739,2542.5927,675.7887,7963.6249,10966.2518,,27939.1149
FY2023-24,2024,"BANK OF AMERICA , NATIONAL ASSOCIATION",106784.0034,60159.60979,27437.98387,177.793697,10705.00334,5232.56123,14143.48927,59855.69212,16280.84276,,106784.0034
FY2023-24,2024,BANK OF BAHRAIN & KUWAIT B.S.C.,2558.0619,529.4528,1434.3282,21.388,137.9687,292.8863,157.9597,2064.5976,,,2558.0619
FY2023-24,2024,BANK OF CEYLON,575.881752,71.908205,376.619397,0.743508,31.928253,168.433926,110.885075,278.682831,,,575.881752
FY2023-24,2024,BANK OF CHINA LIMITED,379.4023,144.9151,80.0,2.9646,10.4909,352.5375,-71.4017,15.7355,,,379.4023
FY2023-24,2024,BANK OF NOVA SCOTIA,2097.9398,592.6931,2.7873,8.3496,89.0888,839.413,1168.8776,32.7016,,,2097.9398
FY2023-24,2024,BARCLAYS BANK PLC,53910.0899,33137.0787,9026.06,28.3315,10146.9511,8673.8598,3046.1644,21620.3407,3646.3709,,53910.0899
FY2023-24,2024,BNP PARIBAS,58854.4918,30292.5926,12923.0247,69.2581,13923.2564,6794.2259,4751.1632,19388.2782,14056.5256,,58854.4918
FY2023-24,2024,CITIBANK N.A,259587.6451,110758.8105,68307.6173,1533.731707,13047.56783,3743.8375,40235.38699,191625.5492,6046.785403,,259587.6451
FY2023-24,2024,COOPERATIEVE RABOBANK U.A.,1045.586003,82.4254,,,154.570303,1220.0775,-224.877997,,,,1045.586003
FY2023-24,2024,CREDIT AGRICOLE CORPORATE AND INVESTMENT BANK,21260.97778,9994.785756,4898.439044,27.886,3945.312618,2380.134236,1339.545658,9001.336204,3575.825422,,21260.97778
FY2023-24,2024,CREDIT SUISSE AG,8148.6793,2817.3202,2233.1489,6.0125,856.0249,3225.0,1969.6254,2394.5127,,,8148.6793
FY2023-24,2024,"CTBC BANK CO., LTD.",3507.8062,1030.6007,2122.4194,15.4851,66.8992,965.7126,38.629,2262.9805,183.1509,,3507.8062
FY2023-24,2024,DBS BANK INDIA LIMITED,130455.5067,55328.6412,52201.3474,597.5755,12649.4434,8105.1974,4473.6011,79438.4141,26991.3392,,130455.5067
FY2023-24,2024,DEUTSCHE BANK AG,145234.8022,59235.9258,60240.6721,210.6403,12723.3732,8443.1087,15845.6731,76993.4954,25109.2322,,145234.8022
FY2023-24,2024,DOHA BANK Q.P.S.C.,1317.7511,411.9566,681.3769,37.2768,65.7383,304.2002,76.5914,879.4533,24.9769,,1317.7511
FY2023-24,2024,EMIRATES NBD BANK (P.J.S.C.),8245.9293,1941.5228,4641.6267,25.3912,178.831,2152.8889,181.6251,4646.8922,1064.7588,,8245.9293
FY2023-24,2024,FIRST ABU DHABI BANK PJSC,8172.433,5806.8488,1193.0711,1.1111,978.5766,2012.5891,531.3977,502.0321,4071.0981,,8172.433
FY2023-24,2024,FIRSTRAND BANK LTD,374.1117,,,0.4508,38.6185,661.714,-316.2172,,,,374.1117
FY2023-24,2024,INDUSTRIAL AND COMMERCIAL BANK OF CHINA,5709.333,3756.7718,1422.685,2.414,256.6975,455.448,384.9946,3095.06,1673.7041,,5709.333
FY2023-24,2024,INDUSTRIAL BANK OF KOREA,858.1551,67.4503,548.5597,1.3291,45.2376,392.6008,108.7061,331.4488,,,858.1551
FY2023-24,2024,JPMORGAN CHASE BANK NATIONAL ASSOCIATION,126875.5062,91025.3464,12494.7364,73.0593,14098.117,6570.341,13694.3035,72053.6553,16272.3273,,126875.5062
FY2023-24,2024,JSC VTB BANK,1480.421,271.1483,,14.3009,11.8073,239.7661,107.1709,653.5525,,,1480.421
FY2023-24,2024,KEB HANA BANK,3786.695,324.9337,2580.3225,1.5175,41.0734,1015.4901,172.2505,2216.5393,326.6478,,3786.695
FY2023-24,2024,KOOKMIN BANK,3066.6675,1852.742,1023.7587,2.5893,64.0186,355.8625,15.0732,1315.1027,1349.2628,,3066.6675
FY2023-24,2024,KRUNG THAI BANK PUBLIC COMPANY LIMITED,62.3813,,,0.0026,1.3983,35.8445,26.0837,,,,62.3813
FY2023-24,2024,MASHREQ BANK PSC,1556.8027,253.5829,1131.5571,22.6981,24.6339,977.5406,307.4731,234.0124,,,1556.8027
FY2023-24,2024,MIZUHO BANK LTD,36445.5,11826.0791,18170.1933,49.8188,2733.4901,7144.3353,3310.3172,21817.8742,1760.4928,,36445.5
FY2023-24,2024,"MUFG BANK, LTD.",41292.9134,11164.9119,18066.0221,52.6708,7324.3091,5953.9697,4430.5894,22222.1484,764.4528,,41292.9134
FY2023-24,2024,NATWEST MARKETS PLC,4717.2607,4340.2043,,,54.6642,2802.821,-429.3053,,1881.8254,,4717.2607
FY2023-24,2024,NONGHYUP BANK,329.7237,,108.0,13.48,9.1971,327.52,-0.2906,0.2756,,,329.7237
FY2023-24,2024,PT BANK MAYBANK INDONESIA TBK,339.920841,126.636452,193.2455,1.509215,11.158351,291.825173,-37.726075,48.123252,29.971671,,339.920841
FY2023-24,2024,QATAR NATIONAL BANK (Q.P.S.C),1636.709,359.8746,979.6329,4.1889,16.4195,520.2425,-43.7195,1129.4917,,,1636.709
FY2023-24,2024,SBERBANK,5633.048441,2073.048899,13.753138,19.294951,597.991617,905.023044,1370.681525,2124.279043,338.734134,,5633.048441
FY2023-24,2024,SBM BANK (INDIA) LIMITED,8945.8809,3057.3832,4676.2048,104.4987,437.6662,921.3768,-125.2052,7112.9811,726.84,,8945.8809
FY2023-24,2024,SHINHAN BANK,13239.9639,2943.2636,8931.3442,6.9564,252.2131,633.1908,1030.7825,10915.3438,333.62,,13239.9639
FY2023-24,2024,SOCIETE GENERALE,10074.1981,5226.2743,1422.8655,43.3254,3138.9848,2697.4653,530.6261,1655.3676,470.4042,,10074.1981
FY2023-24,2024,SONALI BANK,288.5483,32.9407,13.1625,0.4773,4.8811,124.8815,24.9621,124.0658,,,288.5483
FY2023-24,2024,STANDARD CHARTERED BANK,237130.1021,110050.83,87076.26683,1499.079411,25128.42324,7440.0742,31154.29193,144090.4628,21183.38108,,237130.1021
FY2023-24,2024,SUMITOMO MITSUI BANKING CORPORATION,46245.30163,13064.64211,20513.62277,71.154014,3620.270059,7947.5325,2650.338557,28605.19046,3410.40023,,46245.30163
FY2023-24,2024,THE HONGKONG AND SHANGHAI BANKING CORPORATION LIMITED,296773.0501,148523.9304,109216.1352,788.1336,20145.04707,8633.416,32615.20852,201218.9921,35980.2424,,296773.0501
FY2023-24,2024,UNITED OVERSEAS BANK LTD,1943.3153,406.5673,802.896,0.2996,62.4228,752.5524,156.8491,886.2277,125.1075,,1943.3153
FY2023-24,2024,WOORI BANK,5749.3576,1800.3362,2593.088,2.4361,79.5253,696.3261,252.5712,2966.9436,1746.7267,,5749.3576
FY2023-24,2024,AU SMALL FINANCE BANK LIMITED,109425.6699,27133.36527,73162.65476,851.592417,1901.723151,669.162451,11890.36904,87182.11636,5479.372156,,109425.6699
FY2023-24,2024,CAPITAL SMALL FINANCE BANK LIMITED,9295.2773,1705.7065,6074.692,83.7294,109.9918,45.0425,1152.3752,7477.7391,472.25,,9295.2773
FY2023-24,2024,EQUITAS SMALL FINANCE BANK LIMITED,45303.8699,9065.2723,30964.2999,604.7251,1090.621,1134.8873,4833.8146,36129.2022,1787.53,,45303.8699
FY2023-24,2024,ESAF SMALL FINANCE BANK LIMITED,26086.8945,5541.0223,18293.1116,207.5529,622.2829,514.7799,1971.3342,19867.8036,3222.53,,26086.8945
FY2023-24,2024,FINCARE SMALL FINANCE BANK LIMITED,17267.431,3184.611064,12357.78079,66.10743,507.095932,253.973579,2166.543055,10521.70086,3760.273,,17267.431
FY2023-24,2024,JANA SMALL FINANCE BANK LIMITED,32709.7825,6737.6897,23111.2739,141.591,666.5403,104.5903,3472.5085,22571.2488,5211.4591,,32709.7825
FY2023-24,2024,NORTH EAST SMALL FINANCE BANK LIMITED,1686.547571,550.19055,802.430926,27.370753,73.990429,469.380361,-408.465649,1519.574124,78.25,,1686.547571
FY2023-24,2024,SHIVALIK SMALL FINANCE BANK LIMITED,3028.5229,495.6309,2095.379,102.4896,50.659,122.636,109.5346,2409.6555,335.8372,,3028.5229
FY2023-24,2024,SURYODAY SMALL FINANCE BANK LIMITED,12377.68456,2599.296775,8077.969956,168.793183,351.550684,106.200698,1698.757381,7777.267453,2442.98,,12377.68456
FY2023-24,2024,UJJIVAN SMALL FINANCE BANK LIMITED,40422.21625,9766.018246,26882.9191,426.664322,809.823022,1931.428509,3682.06356,31462.15984,2170.815314,,40422.21625
FY2023-24,2024,UNITY SMALL FINANCE BANK LIMITED,13773.79863,3824.6984,7960.8514,360.992326,1029.587106,1392.435375,514.789957,6505.1005,1298.9138,,13773.79863
FY2023-24,2024,UTKARSH SMALL FINANCE BANK LIMITED,23902.677,3679.4652,16364.8091,311.5775,519.3553,1099.4575,1873.7308,17472.5981,1995.0808,,23902.677
FY2023-24,2024,AIRTEL PAYMENTS BANK LIMITED,4697.600684,2623.762922,,624.513636,383.855344,2413.1582,-1909.379016,2630.536068,,,4697.600684
FY2023-24,2024,FINO PAYMENTS BANK LIMITED,3419.1124,1746.9301,0.0689,195.2387,411.3247,83.2143,559.9545,1412.54,712.65,,3419.1124
FY2023-24,2024,INDIA POST PAYMENTS BANK LIMITED,13662.7628,8839.4493,,369.2152,732.6275,2105.0,-927.7856,11552.192,,,13662.7628
FY2023-24,2024,PAYTM PAYMENTS BANK LIMITED,2888.1103,1075.7763,,0.0007,348.4155,400.0,-88.2128,588.5579,,,2888.1103
FY2023-24,2024,PAYMENTS BANKS,24667.586184,14285.918622,0.0689,1188.968236,1876.223044,5001.3725,-2365.422916,16183.825968,712.65,,24667.586184
FY2022-23,2023,BANK OF BARODA,1458561.545,362485.3642,940998.2698,8706.5728,50668.0995,1035.5336,97187.3577,1203687.788,101910.4848,,1458561.545
FY2022-23,2023,BANK OF INDIA,815555.6143,204397.8771,485899.6352,9961.0019,30901.7816,4104.3052,54866.3088,669585.7713,64979.0232,,815555.6143
FY2022-23,2023,BANK OF MAHARASHTRA,267651.3901,68866.951,171220.6712,2156.7097,6878.1475,6730.4964,8879.768,234082.6837,10765.6577,,267651.3901
FY2022-23,2023,CANARA BANK,1345732.248,319038.4505,830672.5524,10230.6706,44367.3744,1814.1303,71793.0497,1179218.607,58089.7891,,1345732.248
FY2022-23,2023,CENTRAL BANK OF INDIA,406165.4828,136583.476,202984.3065,4776.2762,17721.7708,8680.9394,20427.9672,359296.4686,8118.7478,,406165.4828
FY2022-23,2023,INDIAN BANK,710500.7312,185988.2525,449296.7337,7459.0404,17624.1258,1245.4411,46727.3146,621165.7565,22073.0309,,710500.7312
FY2022-23,2023,INDIAN OVERSEAS BANK,313733.986,94170.41036,178052.5737,3709.9769,17194.20319,18902.41226,6360.532523,260883.2905,20803.77188,,313733.986
FY2022-23,2023,PUNJAB AND SIND BANK,136454.517,44838.4193,76819.4289,1519.4228,6980.5244,6777.7864,8330.7205,109665.49,9018.3832,,136454.517
FY2022-23,2023,PUNJAB NATIONAL BANK,1461831.362,395996.7163,830833.9813,12051.0745,67840.7819,2202.2031,97653.4561,1281163.105,51291.7308,,1461831.362
FY2022-23,2023,STATE BANK OF INDIA,5516978.527,1570366.226,3199269.297,42381.8031,397061.5829,892.4612,326715.9877,4423777.776,493135.1562,,5516978.527
FY2022-23,2023,UCO BANK,300862.9865,95169.3452,155870.1787,3509.5093,17585.853,11955.9582,13808.5477,249337.737,20501.08,,300862.9865
FY2022-23,2023,UNION BANK OF INDIA,1280752.451,339299.0482,761845.4577,8825.6071,58631.8849,6834.7475,71499.4658,1117716.322,43137.4686,,1280752.451
FY2022-23,2023,AXIS BANK LIMITED,1317325.532,288814.8338,845302.841,4733.8516,72063.1984,615.3704,124801.2865,946945.2104,186300.0386,,1317325.532
FY2022-23,2023,BANDHAN BANK LIMITED,156037.0926,32365.8918,104756.7691,854.5906,9810.1172,1610.83648,17961.3704,108064.6905,24710.8226,,156037.0926
FY2022-23,2023,CITY UNION BANK LIMITED,66594.562,14332.6282,43053.3457,239.3252,2319.988,74.0416,7383.1686,52397.858,4688.0949,,66594.562
FY2022-23,2023,CSB BANK LIMITED,29162.2815,5848.6951,20650.6453,319.3615,506.8731,173.5381,3030.0883,24505.8119,782.97,,29162.2815
FY2022-23,2023,DCB BANK LIMITED,52365.8692,12582.4569,34378.0425,826.268,2210.6776,311.5017,4254.6118,41238.9076,4118.12,,52365.8692
FY2022-23,2023,DHANLAXMI BANK LIMITED,15132.1325,3888.6427,9451.5216,257.5741,687.7672,253.0121,708.1385,13351.6494,492.3785,,15132.1325
FY2022-23,2023,FEDERAL BANK LTD,260341.8295,48983.347,174446.8846,933.974,18288.9433,423.2402,21082.9966,213386.0385,19319.2891,,260341.8295
FY2022-23,2023,HDFC BANK LTD.,2466081.467,517001.428,1600585.9,8016.541,146712.5151,557.9743,279641.0334,1883394.646,206765.5655,,2466081.467
FY2022-23,2023,ICICI BANK LIMITED,1584206.652,362329.7355,1019638.305,9599.8412,73200.498,1396.775,199318.6029,1180840.697,119325.4936,,1584206.652
FY2022-23,2023,IDBI BANK LIMITED,330502.1721,99689.7449,162567.7293,9756.8655,29307.0782,10752.4022,34566.0788,255490.0509,12637.7501,,330502.1721
FY2022-23,2023,IDFC FIRST BANK LIMITED,239941.6597,61123.55203,151794.5314,2090.134531,11035.48691,6618.121816,19103.04069,144637.3101,57212.09201,,239941.6597
FY2022-23,2023,INDUSIND BANK LTD,457804.054,83116.2036,289923.6828,1992.619188,26260.40688,775.8952,53845.7733,336438.1367,49011.2342,,457804.054
FY2022-23,2023,JAMMU & KASHMIR BANK LTD,145962.2588,34829.1521,82285.4513,2271.5388,17697.4545,103.1623,9840.0757,122037.7383,2892.3058,,145962.2588
FY2022-23,2023,KARNATAKA BANK LTD,99058.3385,23326.3666,59951.6221,875.2196,8745.6628,312.3524,7901.0089,87368.0122,1562.72,,99058.3385
FY2022-23,2023,KARUR VYSYA BANK LTD,90179.42349,18808.32361,63134.14089,435.041014,3106.789266,160.410693,8423.642874,76637.58312,1432.01203,,90179.42349
FY2022-23,2023,KOTAK MAHINDRA BANK LTD.,489862.4774,121403.7287,319861.2074,1920.3232,14134.91027,1493.278291,82026.97168,363096.0526,23416.2684,,489862.4774
FY2022-23,2023,NAINITAL BANK LTD,8656.674066,2130.238684,4317.03818,81.485386,386.403094,117.44625,647.340903,7681.82732,,,8656.674066
FY2022-23,2023,RBL BANK LTD,115876.1785,28875.4477,70209.3517,573.9726,7697.3792,599.5681,12977.0182,84886.5173,13331.2779,,115876.1785
FY2022-23,2023,SOUTH INDIAN BANK LTD,107698.1813,24641.8041,69804.4444,877.9163,5293.5292,209.2741,6465.4154,91651.353,6993.8514,,107698.1813
FY2022-23,2023,TAMILNAD MERCANTILE BANK LTD,57895.36586,14156.03773,37289.68931,245.64824,2622.00513,158.351454,6769.99408,47766.48605,525.0,,57895.36586
FY2022-23,2023,YES BANK LTD.,354786.1308,76888.2974,203269.4436,2444.7724,52909.1799,5750.9551,34043.1129,217501.8616,77451.9923,,354786.1308
FY2022-23,2023,AB BANK LIMITED,257.243534,59.671753,54.288749,0.464579,10.598396,74.12826,46.132987,132.243664,,,257.243534
FY2022-23,2023,AMERICAN EXPRESS BANKING CORP.,9849.6765,4095.9055,3970.7783,492.1232,973.988,2215.3299,66.4512,3214.2161,2581.3928,,9849.6765
FY2022-23,2023,AUSTRALIA AND NEW ZEALAND BANKING GROUP LIMITED,17969.5205,7575.621,3169.6553,24.6418,3910.813,2256.2554,609.4625,6062.3114,2684.0912,,17969.5205
FY2022-23,2023,"BANK OF AMERICA , NATIONAL ASSOCIATION",83121.08884,36096.54794,20716.12484,178.519527,11531.54942,5232.56123,12262.07206,52655.42698,941.705569,,83121.08884
FY2022-23,2023,BANK OF BAHRAIN & KUWAIT B.S.C.,2751.0367,533.0787,1728.8619,22.2055,150.8176,292.8863,168.0374,2238.2742,,,2751.0367
FY2022-23,2023,BANK OF CEYLON,592.169249,67.617884,393.911542,0.95902,28.947605,168.433926,104.754522,303.501271,,,592.169249
FY2022-23,2023,BANK OF CHINA LIMITED,461.2806,142.6591,100.0,4.6542,9.6792,352.5375,-73.5401,100.4799,,,461.2806
FY2022-23,2023,BANK OF NOVA SCOTIA,2053.0389,594.8928,168.8027,11.2948,209.1503,839.413,1103.2619,45.0189,,,2053.0389
FY2022-23,2023,BARCLAYS BANK PLC,53205.0525,29425.5,9467.1054,15.8425,12790.4539,8673.8598,3029.2872,12660.3014,7775.3309,,53205.0525
FY2022-23,2023,BNP PARIBAS,61632.21,28468.8116,11597.8755,78.8321,17448.8492,7078.6379,4412.963,18909.063,14296.5164,,61632.21
FY2022-23,2023,CITIBANK N.A,217302.1802,115004.8127,49965.42148,1292.013148,14770.50511,3743.8375,37139.35796,147382.5873,7956.74993,,217302.1802
FY2022-23,2023,COOPERATIEVE RABOBANK U.A.,1383.36295,160.042381,225.9284,0.8397,234.203369,1220.0775,-287.62405,149.6032,0.8217,,1383.36295
FY2022-23,2023,CREDIT AGRICOLE CORPORATE AND INVESTMENT BANK,19842.88682,6630.942894,5090.078458,26.671541,6182.9273,2375.260928,1208.352422,8412.626131,405.845547,,19842.88682
FY2022-23,2023,CREDIT SUISSE AG,18286.5637,14473.8658,656.9827,7.794,1588.5132,3225.0,1772.3026,1695.9919,10621.7154,,18286.5637
FY2022-23,2023,"CTBC BANK CO., LTD.",3217.4049,980.5273,1776.7639,8.7198,65.5254,553.5549,5.4866,2203.5471,398.6868,,3217.4049
FY2022-23,2023,DBS BANK INDIA LIMITED,111502.7887,43070.8139,47159.5386,597.5529,12399.2802,7257.8894,3024.0706,61375.0902,27775.7207,,111502.7887
FY2022-23,2023,DEUTSCHE BANK AG,131841.1378,46839.4459,57196.0856,190.0306,13147.6952,8443.1087,13868.8125,70069.682,19285.9155,,131841.1378
FY2022-23,2023,DOHA BANK Q.P.S.C.,1199.9295,358.3528,606.5837,41.8916,67.5941,304.2002,48.2708,787.4233,25.6842,,1199.9295
FY2022-23,2023,EMIRATES NBD BANK (P.J.S.C.),6309.3833,1938.6238,3417.2048,16.116,142.504,2152.8889,107.5372,3308.7155,624.5877,,6309.3833
FY2022-23,2023,FIRST ABU DHABI BANK PJSC,8950.2291,6521.4415,1100.2899,0.9251,1173.9885,2012.5891,418.7179,708.8323,4597.1085,,8950.2291
FY2022-23,2023,FIRSTRAND BANK LTD,360.8077,,,0.099,27.1146,661.714,-324.5742,,,,360.8077
FY2022-23,2023,INDUSTRIAL AND COMMERCIAL BANK OF CHINA,4359.4386,2958.6267,830.3558,1.8424,252.9677,455.448,335.5647,2488.6921,974.8841,,4359.4386
FY2022-23,2023,INDUSTRIAL BANK OF KOREA,1105.688,61.678,441.792,1.5341,70.9695,392.6008,90.3504,588.7286,,,1105.688
FY2022-23,2023,JPMORGAN CHASE BANK NATIONAL ASSOCIATION,121602.2393,66758.15,16097.4341,73.7935,15282.5707,6570.341,12079.8412,55596.8249,27761.1862,,121602.2393
FY2022-23,2023,JSC VTB BANK,3721.5038,152.933,,1.2813,4.7945,239.7661,65.2865,36.7866,,,3721.5038
FY2022-23,2023,KEB HANA BANK,3971.9683,216.0258,2220.4187,2.2081,387.1667,1015.4901,122.3625,2391.6581,41.085,,3971.9683
FY2022-23,2023,KOOKMIN BANK,2534.7558,1302.0211,1026.2031,4.1183,52.4849,355.8625,7.4809,1862.7096,274.825,,2534.7558
FY2022-23,2023,KRUNG THAI BANK PUBLIC COMPANY LIMITED,61.4549,,,0.0933,2.7861,35.8445,25.2955,,,,61.4549
FY2022-23,2023,MASHREQ BANK PSC,1476.2111,367.9724,1022.1883,14.4864,14.7963,977.5406,262.4927,127.5859,80.0,,1476.2111
FY2022-23,2023,MIZUHO BANK LTD,27984.2127,5741.7097,13201.9457,53.3357,1272.4815,3044.3353,2870.9328,18501.6016,2113.8633,,27984.2127
FY2022-23,2023,"MUFG BANK, LTD.",37040.97,7502.6239,17368.2625,60.9697,5705.0101,5463.0523,4519.2795,18880.0422,1593.7212,,37040.97
FY2022-23,2023,NATWEST MARKETS PLC,4853.0284,4366.5418,,,233.8153,2802.821,-342.6227,,1853.9607,,4853.0284
FY2022-23,2023,PT BANK MAYBANK INDONESIA TBK,297.425492,68.046292,158.011029,1.585694,63.060266,208.880173,6.3379,34.689011,41.998349,,297.425492
FY2022-23,2023,QATAR NATIONAL BANK (Q.P.S.C),1169.0148,335.6854,608.4236,4.8951,36.7546,345.4368,-36.1389,802.4951,28.7595,,1169.0148
FY2022-23,2023,SBERBANK,9882.705093,1383.13789,23.769052,22.326152,269.229395,905.023044,626.054388,378.698153,186.024877,,9882.705093
FY2022-23,2023,SBM BANK (INDIA) LIMITED,10125.2551,3692.709,4835.9324,88.1539,513.8788,823.6251,-83.3624,7318.533,1705.2493,,10125.2551
FY2022-23,2023,SHINHAN BANK,11115.0011,2983.6266,7046.7362,8.379,282.6946,633.1908,975.3289,8626.1033,458.68,,11115.0011
FY2022-23,2023,SOCIETE GENERALE,11627.7309,4956.2213,1276.3175,46.3076,4592.3798,2697.4653,465.0796,1929.6898,461.1927,,11627.7309
FY2022-23,2023,SONALI BANK,183.017,35.9776,37.728,0.6677,3.3648,41.657,22.3555,98.0281,,,183.017
FY2022-23,2023,STANDARD CHARTERED BANK,228486.2683,95344.59451,85879.62829,1443.521367,30209.95084,7440.0742,30202.42609,132582.7611,23490.99424,,228486.2683
FY2022-23,2023,SUMITOMO MITSUI BANKING CORPORATION,34946.50531,9826.327869,14271.86972,25.39131,2887.410193,7947.5325,2139.430255,19822.00916,2204.957329,,34946.50531
FY2022-23,2023,THE HONGKONG AND SHANGHAI BANKING CORPORATION LIMITED,293016.0527,120957.2942,103574.254,754.2076,25077.0123,8633.416,27170.11404,187851.1754,44819.3457,,293016.0527
FY2022-23,2023,UNITED OVERSEAS BANK LTD,1594.858,234.1273,597.889,0.3079,77.5112,752.5524,137.7011,690.5438,,,1594.858
FY2022-23,2023,WOORI BANK,4459.3439,1791.9141,1947.9311,2.5709,71.8851,696.3261,234.6566,2800.7313,676.3261,,4459.3439
FY2022-23,2023,AU SMALL FINANCE BANK LIMITED,90216.11845,20072.00988,58421.54406,740.139275,1557.252926,666.745055,10310.59868,69364.98644,6298.652106,,90216.11845
FY2022-23,2023,CAPITAL SMALL FINANCE BANK LIMITED,7990.7747,1488.581,5428.6883,82.593,110.0508,34.2525,576.3582,6560.6212,721.3833,,7990.7747
FY2022-23,2023,EQUITAS SMALL FINANCE BANK LIMITED,34958.1286,6664.5624,25798.5566,379.1304,871.6215,1110.5582,4047.3895,25348.4826,2973.76,,34958.1286
FY2022-23,2023,ESAF SMALL FINANCE BANK LIMITED,20223.679,4888.5274,13924.3307,187.9269,455.8451,449.4738,1259.6545,14665.6237,3354.1956,,20223.679
FY2022-23,2023,FINCARE SMALL FINANCE BANK LIMITED,12467.69122,2522.84219,8702.414286,56.305738,413.940318,220.77972,1092.929936,8033.188937,2783.995,,12467.69122
FY2022-23,2023,JANA SMALL FINANCE BANK LIMITED,25643.6896,5221.2244,17759.5554,127.7487,447.8527,324.9787,1472.2765,16334.0158,6277.46,,25643.6896
FY2022-23,2023,NORTH EAST SMALL FINANCE BANK LIMITED,2710.4395,348.2944,1603.2595,28.6131,175.989,346.8468,-243.6006,2039.63,430.75,,2710.4395
FY2022-23,2023,SHIVALIK SMALL FINANCE BANK LIMITED,2249.8494,480.1385,1407.371,63.0395,40.777,108.4666,52.3523,1894.2586,164.5141,,2249.8494
FY2022-23,2023,SURYODAY SMALL FINANCE BANK LIMITED,9861.221119,2570.186468,6015.051072,164.477455,286.35387,106.158749,1478.56873,5166.719863,2765.4139,,9861.221119
FY2022-23,2023,UJJIVAN SMALL FINANCE BANK LIMITED,33316.8775,8510.3075,21289.6611,282.8799,750.4362,2154.7066,2054.4004,25537.6822,2641.464,,33316.8775
FY2022-23,2023,UNITY SMALL FINANCE BANK LIMITED,8761.3277,2435.8044,4468.1901,318.4653,983.8815,1392.4354,351.789,2684.6256,428.5958,,8761.3277
FY2022-23,2023,UTKARSH SMALL FINANCE BANK LIMITED,19117.2922,2859.4222,13068.7655,303.3239,369.4176,895.9047,1104.4159,13710.14,2349.4753,,19117.2922
FY2022-23,2023,AIRTEL PAYMENTS BANK LIMITED,3026.4536,1631.271,,315.9287,326.278,2374.2715,-1979.4293,1678.9458,84.982,,3026.4536
FY2022-23,2023,FINO PAYMENTS BANK LIMITED,2466.4016,1146.4335,0.1168,144.9118,341.0,83.2143,469.3317,917.147,434.0645,,2466.4016
FY2022-23,2023,INDIA POST PAYMENTS BANK LIMITED,7620.7205,4599.1846,0.0098,59.6447,434.7414,1655.0,-962.0234,6292.3585,,,7620.7205
FY2022-23,2023,PAYTM PAYMENTS BANK LIMITED,9843.8892,4687.341,,43.7209,1968.3084,400.0,67.949,3285.2679,,,9843.8892
FY2022-23,2023,PAYMENTS BANKS,22957.4649,12064.2301,0.1266,564.2061,3070.3278,4512.4858,-2404.172,12173.7192,519.0465,,22957.4649
FY2021-22,2022,BANK OF BARODA,1277999.8334,315795.3873,777155.1778,9921.8981,52472.3744,1035.5336,84874.1891,1045938.56,103899.2855,,1277999.8334
FY2021-22,2022,BANK OF INDIA,734614.0123,174448.4066,420841.7907,9774.9535,37991.2226,4104.3052,51026.9339,627895.9591,26760.3666,,734614.0123
FY2021-22,2022,BANK OF MAHARASHTRA,230611.3651,68589.9716,131170.4389,2241.6551,8693.3268,6730.4964,7154.3722,202294.2918,7746.7419,,230611.3651
FY2021-22,2022,CANARA BANK,1228104.8807,282012.8998,703601.8239,11356.3017,49079.5498,1814.1303,64297.1813,1086409.2541,46284.9576,,1228104.8807
FY2021-22,2022,CENTRAL BANK OF INDIA,386422.5012,140786.9475,168173.5,4955.0429,19412.6866,8680.9394,18845.7659,342691.9375,7474.361,,386422.5012
FY2021-22,2022,INDIAN BANK,671668.0551,174558.588,389186.0632,7683.7116,20323.6407,1245.4411,42463.3631,593617.8137,17208.9747,,671668.0551
FY2021-22,2022,INDIAN OVERSEAS BANK,299377.168998,98179.312837,144243.52455,3364.896592,16816.242235,18902.41226,4097.984595,262158.924841,3070.636578,,299377.169023
FY2021-22,2022,PUNJAB AND SIND BANK,121067.5464,42280.8739,63626.5621,1577.4435,7294.4427,6777.7864,7232.8029,102137.014,2443.6325,,121067.5464
FY2021-22,2022,PUNJAB NATIONAL BANK,1314805.0226,372167.7619,728185.6753,10673.6139,71131.1985,2202.2031,93284.6923,1146218.4496,45681.4093,,1314805.0226
FY2021-22,2022,STATE BANK OF INDIA,4987597.4055,1481445.4702,2733966.5926,37708.1583,339924.8633,892.4612,279195.5989,4051534.1226,426043.3798,,4987597.4053
FY2021-22,2022,UCO BANK,267784.0157,96873.8026,122784.4056,3334.9212,18642.8953,11955.9582,11637.5394,224072.8983,13508.1442,,267784.0157
FY2021-22,2022,UNION BANK OF INDIA,1187591.0609,348507.3915,661004.6627,7191.3038,51387.3446,6834.7475,63741.3875,1032392.6349,51179.0975,,1187591.0609
FY2021-22,2022,AXIS BANK LIMITED,1175428.75,275597.2009,707946.5923,4572.3503,76325.478,613.9496,114560.1076,821971.5463,185133.8631,,1175428.75
FY2021-22,2022,BANDHAN BANK LIMITED,138995.174064,29078.710064,93974.9267,587.8852,6032.2993,1610.7659,15770.3848,96330.6131,19921.228,,138995.174063
FY2021-22,2022,CITY UNION BANK LIMITED,61530.9147,12221.2247,40358.4682,214.6546,2049.6373,73.9585,6511.7469,47689.6698,5311.8236,,61530.9147
FY2021-22,2022,CSB BANK LIMITED,25356.2722,7011.6186,15814.6804,287.8632,668.3507,173.5381,2477.8599,20188.296,2007.1878,,25356.2722
FY2021-22,2022,DCB BANK LIMITED,44792.5614,9050.6537,29095.7812,661.1838,1894.1823,310.9765,3737.8478,34691.6866,4081.8396,,44792.5614
FY2021-22,2022,DHANLAXMI BANK LIMITED,13795.7636,4044.0582,8141.9836,221.0001,652.881,253.0121,646.9906,12402.8899,150.0,,13795.7636
FY2021-22,2022,FEDERAL BANK LTD,220946.3088,39179.4616,144928.3246,633.9444,15194.2327,420.5089,18373.3307,181700.5861,15393.1151,,220946.3088
FY2021-22,2022,HDFC BANK LTD.,2068535.0503,455535.693,1368820.9314,6083.6735,85767.828,554.5541,239538.3846,1559217.44,184817.2073,,2068535.0503
FY2021-22,2022,ICICI BANK LIMITED,1411297.742,310241.0024,859020.439,9373.8159,64840.1215,1389.9662,169122.0082,1064571.6132,107231.3597,,1411297.742
FY2021-22,2022,IDBI BANK LIMITED,301602.752889,82988.205837,136955.227763,9936.909021,36011.822094,10752.40218,30909.57996,233134.415939,14344.97996,,301602.752891
FY2021-22,2022,IDFC FIRST BANK LIMITED,190181.606095,46144.835198,117857.800336,1361.223094,9059.838453,6217.70831,14785.77331,105634.36384,52962.599326,,190181.606128
FY2021-22,2022,INDUSIND BANK LTD,401974.584807,70970.7772,239051.5346,1848.686847,21829.09286,774.6632,46922.56257,293681.3488,47323.2231,,401974.58477
FY2021-22,2022,JAMMU & KASHMIR BANK LTD,130602.4124,33834.9883,70400.675,1953.68,15628.0219,93.303,7920.363,114710.3799,2370.8173,,130602.4124
FY2021-22,2022,KARNATAKA BANK LTD,91583.9932,22040.9973,56783.1402,818.1604,7504.9368,311.1737,6783.5564,80386.8454,2313.8433,,91583.9932
FY2021-22,2022,KARUR VYSYA BANK LTD,80071.322003,17216.064194,54661.201919,478.487566,2789.396042,160.002334,7436.196918,68486.005568,1339.093068,,80071.322006
FY2021-22,2022,KOTAK MAHINDRA BANK LTD.,429428.395455,100580.2168,271253.6018,1643.7169,13026.924855,1492.33088,70964.14098,311684.1134,25967.1169,,429428.39546
FY2021-22,2022,NAINITAL BANK LTD,8337.8588,2291.0966,3916.8277,75.4622,391.208,77.5,545.7824,7485.8785,,,8337.8588
FY2021-22,2022,RBL BANK LTD,106208.5774,22274.3505,60021.8084,548.1034,5816.6158,599.5138,12018.7321,79006.5324,11093.0412,,106208.5774
FY2021-22,2022,SOUTH INDIAN BANK LTD,100052.4215,21445.0128,59993.3907,811.0541,6599.5363,209.2741,5645.1495,89142.1078,3294.4934,,100052.4215
FY2021-22,2022,TAMILNAD MERCANTILE BANK LTD,52858.4881,13242.3695,33491.5428,210.8354,2061.7369,142.5115,5193.1948,44933.1146,,,52858.4881
FY2021-22,2022,YES BANK LTD.,318220.225,51895.5557,181051.991,2133.1268,36499.9621,5010.9906,28730.8864,197191.7331,72204.5835,,318220.225
FY2021-22,2022,AB BANK LIMITED,343.8438,56.0074,61.1475,0.3286,11.5178,74.1283,44.2133,221.1961,,,343.8438
FY2021-22,2022,ABU DHABI COMMERCIAL BANK PJSC,296.6728,,,2.7152,24.1079,217.0187,79.601,,,,296.6728
FY2021-22,2022,AMERICAN EXPRESS BANKING CORP.,8677.5974,3097.4058,3670.9513,557.5702,1106.3689,2215.3299,48.7531,2818.068,2104.6741,,8677.5974
FY2021-22,2022,AUSTRALIA AND NEW ZEALAND BANKING GROUP LIMITED,12520.2721,4809.3699,2706.1462,31.6163,2279.5539,2256.2554,519.9465,4486.6926,964.9622,,12520.2721
FY2021-22,2022,"BANK OF AMERICA , NATIONAL ASSOCIATION",62332.8262,17742.8935,21912.2432,89.181,8135.3092,3188.2612,11102.4406,39183.8747,15.1733,,62332.8262
FY2021-22,2022,BANK OF BAHRAIN & KUWAIT B.S.C.,2592.4168,598.5284,1623.3966,21.3892,122.7105,292.8863,158.9363,2005.3492,80.0,,2592.4168
FY2021-22,2022,BANK OF CEYLON,564.832042,64.055298,413.04545,0.662235,28.973885,168.433926,95.000371,285.367102,,,564.832042
FY2021-22,2022,BANK OF CHINA LIMITED,410.4835,199.9145,50.0,5.769,11.6999,352.5375,-81.323,65.2992,,,410.4835
FY2021-22,2022,BANK OF NOVA SCOTIA,5135.3383,3124.9795,526.2165,10.4928,225.9724,839.413,1124.8888,2844.9707,177.7914,,5135.3383
FY2021-22,2022,BARCLAYS BANK PLC,45659.9588,24334.3745,8324.089,10.2009,9711.9313,8673.8598,2360.1783,17037.7008,2683.1757,,45659.9588
FY2021-22,2022,BNP PARIBAS,59317.6865,20827.574,11881.0229,87.5353,12784.4209,7078.6379,4193.0295,25591.9808,10121.4981,,59317.6865
FY2021-22,2022,CITIBANK N.A,233264.544766,95822.364407,70681.674612,1003.643374,13200.417461,3743.8375,26150.84501,179641.036647,4335.709161,,233264.544769
FY2021-22,2022,COOPERATIEVE RABOBANK U.A.,3774.697543,704.220995,1377.0721,1.6007,253.723948,1220.0775,-328.759057,2250.4287,366.4693,,3774.697543
FY2021-22,2022,CREDIT AGRICOLE CORPORATE AND INVESTMENT BANK,16652.5673,5126.536573,4937.4478,20.031,3899.867711,2377.9812,1127.617254,7906.610403,341.0662,,16652.5673
FY2021-22,2022,CREDIT SUISSE AG,20732.0668,16056.3908,946.5696,8.9223,1829.3984,3225.0,1511.5561,2833.4972,12178.5418,,20732.0668
FY2021-22,2022,"CTBC BANK CO., LTD.",2666.5241,660.9881,1534.1039,10.5312,73.1498,553.5549,-4.7194,1859.0681,196.0524,,2666.5241
FY2021-22,2022,DBS BANK INDIA LIMITED,84361.6094,21565.5079,43898.0204,459.5798,8448.2431,7257.8894,2795.9293,48977.8971,17641.4361,,84361.6094
FY2021-22,2022,DEUTSCHE BANK AG,147954.8614,57813.4872,57649.2925,207.992,11037.9016,8443.1087,12401.9118,79908.0246,32313.0753,,147954.8614
FY2021-22,2022,DOHA BANK Q.P.S.C.,1281.9937,267.429,736.6696,45.0787,61.2157,304.2002,4.4822,938.7347,,,1281.9937
FY2021-22,2022,EMIRATES NBD BANK (P.J.S.C.),4581.8572,1273.0519,2502.5477,8.7379,110.5928,2152.8889,65.8368,1553.1372,740.7381,,4581.8572
FY2021-22,2022,FIRST ABU DHABI BANK PJSC,10297.4239,7546.791,1695.3535,1.2531,914.9933,2012.5891,448.466,801.3323,6185.0303,,10297.4239
FY2021-22,2022,FIRSTRAND BANK LTD,352.7424,,,0.1319,25.9087,661.714,-341.8001,,,,352.7424
FY2021-22,2022,HONGKONG AND SHANGHAI BANKING CORPN.LTD.,247310.082,95415.2393,81846.2488,740.0876,18424.0822,4499.166,28178.03,185481.7497,12102.2697,,247310.082
FY2021-22,2022,INDUSTRIAL AND COMMERCIAL BANK OF CHINA,3817.5893,2432.3024,317.3489,1.3357,327.6044,455.448,320.7543,1923.322,1074.6952,,3817.5893
FY2021-22,2022,INDUSTRIAL BANK OF KOREA,825.2225,43.7677,250.7688,1.0104,99.1008,392.6008,73.8227,329.9953,,,825.2225
FY2021-22,2022,JPMORGAN CHASE BANK NATIONAL ASSOCIATION,90873.763,42022.0081,15876.2891,2.8357,11821.5272,6570.341,11507.5793,45265.8079,12197.39,,90873.763
FY2021-22,2022,JSC VTB BANK,300.463964,,,0.431185,4.711804,239.766124,59.534568,0.037419,,,300.463964
FY2021-22,2022,KEB HANA BANK,2531.6453,200.0132,1440.4365,2.7996,159.136,1015.4901,97.1992,1128.389,126.33,,2531.6453
FY2021-22,2022,KOOKMIN BANK,1856.6649,808.8085,690.8915,6.4943,42.0579,355.8625,11.0185,1375.819,96.0,,1856.6649
FY2021-22,2022,KRUNG THAI BANK PUBLIC COMPANY LIMITED,63.8567,19.9478,,0.7775,4.7293,35.8445,27.0796,0.5599,,,63.8567
FY2021-22,2022,MASHREQ BANK PSC,1394.58,319.4862,321.2922,16.1963,17.7126,977.5406,228.3422,172.031,,,1394.58
FY2021-22,2022,MIZUHO BANK LTD,20492.6881,5580.313,8731.5507,53.1543,1098.6272,3044.3353,2587.9563,13144.7779,638.7918,,20492.6881
FY2021-22,2022,"MUFG BANK, LTD.",34703.7708,12875.3517,15294.5679,59.5299,3474.0587,2207.3356,4266.5733,23487.8744,1170.3539,,34703.7708
FY2021-22,2022,PT BANK MAYBANK INDONESIA TBK,267.652526,93.079654,92.92806,1.396312,62.856775,208.880173,5.962046,44.544181,5.49759,,267.652526
FY2021-22,2022,QATAR NATIONAL BANK (Q.P.S.C),1546.4107,336.593,838.6243,4.2626,35.5163,331.9058,-36.2241,1132.4493,87.7118,,1546.4107
FY2021-22,2022,SBERBANK,942.88363,326.326835,9.443073,24.023695,64.583041,494.803044,259.102201,70.231116,,,942.88363
FY2021-22,2022,SBM BANK (INDIA) LIMITED,8079.3177,2227.8658,4353.5662,69.6274,232.5797,823.6251,-109.0047,6799.4463,319.0,,8079.3177
FY2021-22,2022,SHINHAN BANK,13315.7112,3135.9042,7079.8342,7.6346,236.3089,633.1908,907.489,10513.5997,889.9625,,13315.7112
FY2021-22,2022,SOCIETE GENERALE,9036.3366,3236.2059,1399.045,50.3579,3277.9894,2697.4653,466.0957,1748.019,309.2334,,9036.3366
FY2021-22,2022,SONALI BANK,164.3314,16.7758,32.4781,0.3562,2.6849,0.8995,19.8679,130.2511,,,164.3314
FY2021-22,2022,STANDARD CHARTERED BANK,175938.123419,43777.719772,73181.581094,1309.737317,22126.260904,7440.0742,25499.96758,112852.643421,5614.312532,,175938.123423
FY2021-22,2022,SUMITOMO MITSUI BANKING CORPORATION,26556.61367,4038.557517,14282.09357,25.028978,1914.916725,7947.5325,1659.468575,14673.138413,500.0,,26556.613671
FY2021-22,2022,THE ROYAL BANK OF SCOTLAND N.V.,4760.45,4303.2495,,,270.1114,2802.821,-260.5743,,1710.0684,,4760.45
FY2021-22,2022,UNITED OVERSEAS BANK LTD,1407.958,394.9947,326.4265,0.5618,79.2697,752.5524,114.0286,529.2937,,,1407.958
FY2021-22,2022,WOORI BANK,4653.331,1704.7048,1991.5058,1.6077,77.0819,696.3261,208.141,3467.3549,180.3316,,4653.331
FY2021-22,2022,AU SMALL FINANCE BANK LIMITED,69077.800442,15306.504313,46095.256419,622.571224,1124.953371,314.900031,7199.113988,52584.620544,5990.778653,,69077.800445
FY2021-22,2022,CAPITAL SMALL FINANCE BANK LIMITED,7153.9212,1357.0627,4634.8002,83.5866,59.4151,34.0441,481.7374,6046.3591,498.43,,7153.9212
FY2021-22,2022,EQUITAS SMALL FINANCE BANK LIMITED,26947.6215,4449.8496,19374.206,200.4445,790.6068,1252.0277,2994.1409,18950.7973,2616.4,,26947.6215
FY2021-22,2022,ESAF SMALL FINANCE BANK LIMITED,17707.5641,4070.2983,11637.0048,159.4747,328.8817,449.4738,962.1272,12815.0725,2952.8333,,17707.5641
FY2021-22,2022,FINCARE SMALL FINANCE BANK LIMITED,10905.903633,2151.62317,7036.374495,42.339289,439.618441,220.77972,981.083485,6455.578833,2943.542958,,10905.903633
FY2021-22,2022,JANA SMALL FINANCE BANK LIMITED,20188.7086,5065.2606,13006.6746,171.647,408.0342,201.4116,999.2874,13536.4912,4509.832,,20188.7086
FY2021-22,2022,NORTH EAST SMALL FINANCE BANK LIMITED,2351.9985,277.2158,1627.2284,28.3079,141.2989,307.6114,-34.3584,1528.7836,444.85,,2351.9985
FY2021-22,2022,SHIVALIK SMALL FINANCE BANK LIMITED,1890.0204,425.108,1108.6036,41.4866,37.8669,89.9358,15.0823,1592.9094,167.7678,,1890.0204
FY2021-22,2022,SURYODAY SMALL FINANCE BANK LIMITED,8180.183211,2057.680489,4750.883626,115.249403,278.675281,106.158749,1398.959015,3853.882742,2551.335,,8180.183211
FY2021-22,2022,UJJIVAN SMALL FINANCE BANK LIMITED,23612.1838,4152.9348,16303.1714,249.3926,730.8651,1928.3142,874.3197,18292.2169,1763.5616,,23612.1838
FY2021-22,2022,UTKARSH SMALL FINANCE BANK LIMITED,15063.7698,2347.9238,10228.1473,286.5335,329.5161,895.5215,676.7753,10074.1826,2571.9349,,15063.7698
FY2021-22,2022,AIRTEL PAYMENTS BANK LIMITED,2128.3136,1082.4048,,128.7215,367.0709,2348.347,-2001.0683,992.3983,57.4946,,2128.3136
FY2021-22,2022,FINO PAYMENTS BANK LIMITED,1680.0023,631.3985,0.2447,92.7485,189.4474,83.2143,396.6172,502.67,249.6535,,1680.0023
FY2021-22,2022,INDIA POST PAYMENTS BANK LIMITED,4501.1081,2900.8863,1.562,78.8712,279.4426,1455.0,-981.9377,3691.7218,,,4501.1081
FY2021-22,2022,PAYTM PAYMENTS BANK LIMITED,9242.2399,5322.6066,,70.096,1649.471,400.0,53.4086,2642.3474,,,9242.2399
FY2021-22,2022,PAYMENTS BANKS,17551.6639,9937.2962,1.8067,370.4372,2485.4319,4286.5613,-2532.9802,7829.1375,307.1481,,17551.6639
FY2020-21,2021,BANK OF BARODA,1155364.7714,261220.2662,706300.5115,8016.2455,59414.9313,1035.5336,76010.1878,966996.9266,66847.9294,,1155364.7714
FY2020-21,2021,BANK OF INDIA,725856.4456,187252.8456,365686.5239,8914.1309,37422.2767,3277.6625,42407.9259,627113.5601,32464.1055,,725856.4456
FY2020-21,2021,BANK OF MAHARASHTRA,196665.0129,68111.6445,102405.1668,1674.0023,11532.4685,6560.1589,5573.0202,174005.6191,4238.7512,,196665.0129
FY2020-21,2021,CANARA BANK,1153675.0349,261690.394,639048.9861,11206.5324,63321.0857,1646.7382,57238.1939,1010874.5827,49983.5606,,1153675.0349
FY2020-21,2021,CENTRAL BANK OF INDIA,369214.9938,148582.4347,156578.6472,5132.4206,19970.1828,5875.5625,15829.5276,329972.9496,5468.6391,,369214.9938
FY2020-21,2021,INDIAN BANK,623426.6658,176536.9662,362669.0796,7376.3114,25379.8364,1129.3666,37282.5783,538071.1149,24734.3312,,623426.6658
FY2020-21,2021,INDIAN OVERSEAS BANK,274010.35355,95494.223696,127720.652616,2918.779628,17100.360687,16436.988324,507.822516,240288.295565,3671.576507,,274010.35355
FY2020-21,2021,PUNJAB AND SIND BANK,110481.8853,32022.7734,60941.7022,1584.9119,7593.0494,4052.668,4310.3461,96108.1796,2643.55,,110481.8853
FY2020-21,2021,PUNJAB NATIONAL BANK,1260632.6158,392983.254,674230.0802,11020.8974,71048.6797,2095.5364,88841.7727,1106332.4728,42840.3107,,1260632.6158
FY2020-21,2021,STATE BANK OF INDIA,4534429.6312,1351705.2051,2449497.7911,38419.2419,351768.6837,892.4612,252982.7285,3681277.0796,417297.6988,,4534429.6312
FY2020-21,2021,UCO BANK,253336.1092,93782.9499,111354.5409,3218.2324,21380.1421,9918.3406,10088.0729,205919.3944,15382.6323,,253336.1092
FY2020-21,2021,UNION BANK OF INDIA,1071705.8448,331511.7896,590982.8759,7343.8719,57456.9601,6406.8444,58069.8908,923805.3402,51837.1092,,1071705.8448
FY2020-21,2021,AXIS BANK LIMITED,986797.6306,226119.6213,614399.3979,4245.0264,80303.764,612.7497,100990.2605,697985.2901,142873.1597,,986797.6306
FY2020-21,2021,BANDHAN BANK LIMITED,115016.17479,25155.387502,81612.87593,486.712077,1532.879248,1610.599201,15797.584469,77972.224841,16960.35719,,115016.17479
FY2020-21,2021,CITY UNION BANK LIMITED,53311.6831,9435.9442,36157.8288,232.6901,1870.1596,73.8822,5768.594,44537.3637,1345.6957,,53311.6831
FY2020-21,2021,CSB BANK LIMITED,23337.3538,6125.9907,14438.1223,269.4891,789.6845,173.5381,2006.6887,19140.0427,1425.9194,,23337.3538
FY2020-21,2021,DCB BANK LIMITED,39602.1289,8413.6927,25737.197,568.5098,1843.3874,310.5361,3448.0518,29703.8646,4482.2513,,39602.1289
FY2020-21,2021,DHANLAXMI BANK LIMITED,13096.5067,4438.9692,6787.3984,224.9285,660.2377,253.0121,611.0865,11711.9041,150.0,,13096.5067
FY2020-21,2021,FEDERAL BANK LTD,201367.3878,37186.21,131878.6014,491.1286,12220.0607,399.2301,15725.2349,172644.4801,9068.5033,,201367.3878
FY2020-21,2021,HDFC BANK LTD.,1746870.5237,443728.2921,1132836.6309,4909.3169,45925.8881,551.2776,203169.5513,1335060.2208,135487.3236,,1746870.5237
FY2020-21,2021,ICICI BANK LIMITED,1230432.6758,281286.5399,733729.0904,8877.5806,73411.2148,1383.4104,146125.7746,932522.1605,91630.9564,,1230432.6758
FY2020-21,2021,IDBI BANK LIMITED,297764.076618,81022.562675,128149.941203,7827.417412,45541.966131,10752.402175,26058.666412,230851.777883,15908.053231,,297764.076618
FY2020-21,2021,IDFC FIRST BANK LIMITED,163143.882727,45411.742707,100550.125949,1266.423008,10087.735695,5675.849855,12132.043687,88688.421381,45786.085434,,163143.882727
FY2020-21,2021,INDUSIND BANK LTD,362972.74745,69694.7057,212595.4085,1809.3733,22546.06905,773.3723,42592.03485,256204.9568,51322.8118,,362972.74745
FY2020-21,2021,JAMMU & KASHMIR BANK LTD,120291.9459,30814.2439,66841.7318,2012.4103,11125.9671,71.3594,6754.2478,108061.1496,2015.1969,,120291.9459
FY2020-21,2021,KARNATAKA BANK LTD,85615.4289,21635.1854,51515.8462,838.3603,6310.4708,310.8795,6331.4755,75654.8616,1764.88,,85615.4289
FY2020-21,2021,KARUR VYSYA BANK LTD,74623.187784,16018.9253,50363.5056,539.0597,1381.358384,159.864144,6799.8753,63278.4342,2528.2891,,74623.187784
FY2020-21,2021,KOTAK MAHINDRA BANK LTD.,383488.6238,105099.187832,223688.622101,1535.269714,13539.012267,1490.917834,62236.053075,280100.04521,23650.645527,,383488.6238
FY2020-21,2021,NAINITAL BANK LTD,8182.2651,2319.015,3647.7004,32.8365,261.9908,77.5,511.5491,7412.5888,,,8182.2651
FY2020-21,2021,RBL BANK LTD,100650.6129,23230.4166,58622.5075,466.4776,4906.9954,598.0204,12064.5552,73121.2747,11225.8891,,100650.6129
FY2020-21,2021,SOUTH INDIAN BANK LTD,94149.1734,20321.0845,58056.4761,795.1667,6208.568,209.2741,5599.9691,82710.549,4108.2731,,94149.1734
FY2020-21,2021,TAMILNAD MERCANTILE BANK LTD,47527.1685,11703.2089,31069.6034,137.1762,1912.1048,142.5115,4437.4709,40970.4168,,,47527.1685
FY2020-21,2021,YES BANK LTD.,273542.7653,43319.1476,166892.9938,2148.5304,31873.3611,5010.9812,28185.3472,162946.6422,63949.0848,,273542.7653
FY2020-21,2021,AB BANK LIMITED,299.227382,40.417562,61.285667,0.546988,10.836998,36.98226,64.075516,193.734991,,,299.227382
FY2020-21,2021,ABU DHABI COMMERCIAL BANK PJSC,306.8053,,,3.6201,23.6965,217.0187,89.7176,,,,306.8053
FY2020-21,2021,AMERICAN EXPRESS BANKING CORP.,7603.9168,3260.7358,3137.5953,25.0371,823.1709,2215.3299,48.7531,2538.7116,1568.5034,,7603.9168
FY2020-21,2021,AUSTRALIA AND NEW ZEALAND BANKING GROUP LIMITED,9281.9098,3494.2275,2150.3822,36.6849,1840.1963,2256.2554,467.7539,2127.9584,1880.8156,,9281.9098
FY2020-21,2021,"BANK OF AMERICA , NATIONAL ASSOCIATION",59616.3226,19421.4243,18185.9619,106.7732,8851.9415,3188.2612,10272.9093,36300.5042,255.885,,59616.3226
FY2020-21,2021,BANK OF BAHRAIN & KUWAIT B.S.C.,3031.6329,684.6006,1482.8029,22.5718,161.1405,292.8863,152.4923,2429.9089,80.0,,3031.6329
FY2020-21,2021,BANK OF CEYLON,538.1701,59.6376,417.3176,1.217,19.4823,168.4339,88.6642,260.1288,,,538.1701
FY2020-21,2021,BANK OF CHINA LIMITED,490.7378,200.9533,53.3333,5.201,10.028,352.5375,-59.4516,125.7209,,,490.7378
FY2020-21,2021,BANK OF NOVA SCOTIA,5073.853,3363.1059,730.924,3.4018,364.7068,839.413,1025.517,3011.137,31.6089,,5073.853
FY2020-21,2021,BARCLAYS BANK PLC,43871.9382,20547.1947,8047.607,9.9511,11022.797,5249.5224,1664.1897,22946.7836,182.8155,,43871.9382
FY2020-21,2021,BNP PARIBAS,44597.6882,15587.8057,10458.5284,98.4989,10008.3937,4481.2859,3849.2407,18000.886,7649.0356,,44597.6882
FY2020-21,2021,CITIBANK N.A,216889.861542,92187.224935,68746.573373,1031.172961,13385.243634,3743.8375,24528.952138,166431.37584,4100.266948,,216889.861542
FY2020-21,2021,COOPERATIEVE RABOBANK U.A.,5154.746748,1369.339048,2289.777,3.4631,216.1573,1220.0775,-238.94466,3489.3602,470.0055,,5154.746748
FY2020-21,2021,CREDIT AGRICOLE CORPORATE AND INVESTMENT BANK,15126.583701,3851.091757,3957.580244,17.441097,5092.191678,1373.2366,1051.923066,6698.120537,328.995048,,15126.583701
FY2020-21,2021,CREDIT SUISSE AG,19189.4833,13390.1958,1270.0,11.0654,734.2948,3225.0,1208.9544,5254.5622,9243.1482,,19189.4833
FY2020-21,2021,"CTBC BANK CO., LTD.",2109.4656,562.2341,1377.2304,10.714,50.279,553.5549,-16.1245,1385.8113,145.3089,,2109.4656
FY2020-21,2021,DBS BANK INDIA LIMITED,77242.6354,20972.9896,36972.7891,429.9684,9141.3856,6679.147,2168.1,51501.0448,9159.8518,,77242.6354
FY2020-21,2021,DEUTSCHE BANK AG,129429.9224,51767.7357,52437.7619,178.32,12198.4853,8443.1087,10928.1672,66223.5472,27654.9681,,129429.9224
FY2020-21,2021,DOHA BANK Q.P.S.C.,1538.08,286.8434,692.8226,44.0699,64.4912,304.2002,8.3772,1193.4262,,,1538.08
FY2020-21,2021,EMIRATES NBD BANK (P.J.S.C.),3243.6423,974.9843,1583.9652,15.1925,102.8378,1397.7426,41.6041,1594.667,161.5543,,3243.6423
FY2020-21,2021,FIRST ABU DHABI BANK PJSC,8027.1144,5379.4162,1852.5216,2.4095,705.6209,2012.5891,346.9044,409.0267,4660.5463,,8027.1144
FY2020-21,2021,FIRSTRAND BANK LTD,772.4848,476.9175,28.433,2.2424,64.9932,661.714,-337.026,148.3738,227.9951,,772.4848
FY2020-21,2021,HONGKONG AND SHANGHAI BANKING CORPN.LTD.,229945.8295,83494.26,71673.0742,778.1039,22170.3705,4499.166,24966.2076,165271.4658,13429.5802,,229945.8295
FY2020-21,2021,INDUSTRIAL AND COMMERCIAL BANK OF CHINA,3563.4236,2916.3032,258.6692,0.9675,88.9378,455.448,266.4384,2597.7284,199.908,,3563.4236
FY2020-21,2021,INDUSTRIAL BANK OF KOREA,783.8805,48.9666,237.6443,1.0527,59.8656,392.6008,62.2561,308.8655,,,783.8805
FY2020-21,2021,JPMORGAN CHASE BANK NATIONAL ASSOCIATION,77150.6973,31198.4882,13258.2367,3.9193,17111.8799,6570.341,10027.2674,35089.6164,6952.5602,,77150.6973
FY2020-21,2021,JSC VTB BANK,253.611026,,,0.58135,6.443693,239.766124,12.769368,0.050419,,,253.611026
FY2020-21,2021,KEB HANA BANK,2545.0828,121.5179,973.7247,3.8648,390.6152,1015.4901,73.6445,925.2846,,,2545.0828
FY2020-21,2021,KOOKMIN BANK,1275.5058,535.6663,288.5632,9.0012,30.7051,355.8625,3.4769,903.3971,,,1275.5058
FY2020-21,2021,KRUNG THAI BANK PUBLIC COMPANY LIMITED,515.9059,300.9257,,1.6207,6.0812,35.8445,28.0738,447.9572,,,515.9059
FY2020-21,2021,MASHREQ BANK PSC,807.5829,168.5019,514.6079,14.6423,16.0446,226.7056,211.634,166.3931,169.9807,,807.5829
FY2020-21,2021,MIZUHO BANK LTD,18863.9323,4721.9778,8471.5214,61.0079,951.8619,3044.3353,2393.7443,11962.3382,588.2709,,18863.9323
FY2020-21,2021,"MUFG BANK, LTD.",32921.9808,11619.3345,13427.9711,44.1669,4570.9761,2207.3356,3895.376,19088.9673,3481.6101,,32921.9808
FY2020-21,2021,PT BANK MAYBANK INDONESIA TBK,267.663563,98.188363,68.949151,1.145611,59.781305,208.880173,5.962046,50.026474,,,267.663563
FY2020-21,2021,QATAR NATIONAL BANK (Q.P.S.C),916.9938,246.4717,597.5572,4.7854,16.1488,326.6599,-12.1814,470.1507,108.488,,916.9938
FY2020-21,2021,SBERBANK,731.393226,99.35523,6.825,1.019399,118.157934,273.211044,183.43921,52.286614,,,731.393226
FY2020-21,2021,SBM BANK (INDIA) LIMITED,4739.3043,1226.5178,2917.3284,57.7756,114.4494,756.9584,-157.9703,3855.1831,168.9837,,4739.3043
FY2020-21,2021,SHINHAN BANK,11650.553,2659.1431,6119.6928,5.9292,199.678,633.1908,817.4979,9331.7225,511.0,,11650.553
FY2020-21,2021,SOCIETE GENERALE,8072.6053,2842.3814,1199.2805,47.6938,3457.6547,1670.7273,399.1073,2095.5733,153.531,,8072.6053
FY2020-21,2021,SONALI BANK,184.9167,17.2799,35.6184,0.3343,2.188,0.6148,16.7145,155.2984,,,184.9167
FY2020-21,2021,STANDARD CHARTERED BANK,175359.506414,57848.160696,71823.845733,1325.385251,26956.728589,7440.0742,22752.002592,112365.152267,6123.517401,,175359.506414
FY2020-21,2021,SUMITOMO MITSUI BANKING CORPORATION,26580.815595,5280.047394,10762.662314,24.488836,1103.224266,7947.5325,1293.840411,15652.440609,636.057,,26580.815595
FY2020-21,2021,THE ROYAL BANK OF SCOTLAND N.V.,4754.3092,4191.9291,,5.0001,410.9107,2802.821,-181.0873,,1649.5444,,4754.3092
FY2020-21,2021,UNITED OVERSEAS BANK LTD,1170.3055,609.825,419.665,0.7935,95.6214,752.5524,104.9838,301.8728,,,1170.3055
FY2020-21,2021,WOORI BANK,4190.395753,1587.292134,1789.596965,4.094761,72.407153,696.326066,175.551346,2908.958173,356.170415,,4190.395753
FY2020-21,2021,AU SMALL FINANCE BANK LIMITED,51591.305915,10815.413904,34608.914208,482.368494,903.273748,312.21339,5963.002447,35979.314198,7029.695679,,51591.305915
FY2020-21,2021,CAPITAL SMALL FINANCE BANK LIMITED,6371.2382,1212.2519,3726.886,86.554,55.1232,33.9107,416.8797,5221.07,616.72,,6371.2382
FY2020-21,2021,EQUITAS SMALL FINANCE BANK LIMITED,24708.4747,3705.1661,16848.189,185.05,591.3572,1139.2783,2257.0628,16391.9717,4165.32,,24708.4747
FY2020-21,2021,ESAF SMALL FINANCE BANK LIMITED,12338.6516,1932.069,8167.5855,138.5119,281.3587,449.4738,902.5896,8999.426,1694.0,,12338.6516
FY2020-21,2021,FINCARE SMALL FINANCE BANK LIMITED,7967.889625,1279.386678,5301.11968,36.195476,195.555484,63.610481,954.288791,5318.497639,1400.427,,7967.889625
FY2020-21,2021,JANA SMALL FINANCE BANK LIMITED,19090.9052,4697.7852,11611.9172,212.057,309.3746,200.7273,926.1506,12385.9271,4815.3193,,19090.9052
FY2020-21,2021,NORTH EAST SMALL FINANCE BANK LIMITED,2258.3451,313.6792,1654.6629,30.4795,58.1389,293.385,79.0677,1277.2308,584.9333,,2258.3451
FY2020-21,2021,SURYODAY SMALL FINANCE BANK LIMITED,6711.9853,1873.6967,3982.77,43.2196,215.6584,106.1308,1490.7664,3255.6761,1666.62,,6711.9853
FY2020-21,2021,UJJIVAN SMALL FINANCE BANK LIMITED,20380.45395,2516.450071,14493.951761,280.728908,511.825787,1928.314205,1290.437732,13135.767322,3247.316667,,20380.45395
FY2020-21,2021,UTKARSH SMALL FINANCE BANK LIMITED,12137.9123,2313.9356,8216.8575,181.1712,256.132,848.3339,520.0187,7507.5681,2607.8252,,12137.9123
FY2020-21,2021,FINO PAYMENTS BANK LIMITED,1010.2914,503.558,0.1317,64.218,171.5661,44.58,105.9675,242.8362,180.7977,,1010.2914
FY2020-21,2021,INDIA POST PAYMENTS BANK LIMITED,3061.7396,1909.0898,,157.7433,280.0393,1255.0,-810.3856,2299.6851,16.9964,,3061.7396
FY2020-21,2021,PAYMENTS BANKS,4072.031,2412.6478,0.1317,221.9613,451.6054,1299.58,-704.4181,2542.5213,197.7941,,4072.031
FY2019-20,2020,ALLAHABAD BANK,258002.1179,80666.5774,142964.7811,3510.4248,9109.9057,4527.4815,8135.2924,228608.5075,9102.5665,,258002.1179
FY2019-20,2020,ANDHRA BANK,243871.0617,61331.166,157742.3333,1482.5126,12202.9954,3095.5373,9132.3638,212609.3768,14129.5804,,243871.0617
FY2019-20,2020,BANK OF BARODA,1157915.5151,274614.6139,690120.734,8889.2911,62389.756,925.3745,70930.8448,945984.4256,93069.3058,,1157915.5151
FY2019-20,2020,BANK OF INDIA,656995.4817,158572.9874,368883.3041,8981.9999,34100.8849,3277.6625,40538.654,555504.9786,39752.4659,,656995.4817
FY2019-20,2020,BANK OF MAHARASHTRA,168867.1824,57740.8512,86871.6509,1676.1916,12131.5216,5824.1093,4931.1701,150066.4046,3670.0318,,168867.1824
FY2019-20,2020,CANARA BANK,723874.7453,176244.9403,432175.2049,8276.2919,38906.8437,1030.2334,38262.7312,625351.1737,42761.7672,,723874.7453
FY2019-20,2020,CENTRAL BANK OF INDIA,356249.0973,142517.5354,151100.8778,4336.1846,22217.3858,5709.7627,15719.7102,313763.1641,5787.1971,,356249.0973
FY2019-20,2020,CORPORATION BANK,229539.7699,66432.4373,127399.0574,1379.4014,17320.7098,1198.8368,12551.6356,205354.7818,2301.0624,,229539.7699
FY2019-20,2020,INDIAN BANK,309468.1744,81241.688,197887.0115,3895.7442,12519.0467,608.8006,21480.468,260225.897,20830.3096,,309468.1744
FY2019-20,2020,INDIAN OVERSEAS BANK,260726.830675,79416.079954,121333.406466,3127.342675,32789.345888,16436.988324,-282.013379,222951.880026,5419.730791,,260726.830675
FY2019-20,2020,ORIENTAL BANK OF COMMERCE,268443.8872,72871.3033,157958.6666,2443.0473,19028.5028,1370.2093,15168.8772,230108.228,14121.3918,,268443.8872
FY2019-20,2020,PUNJAB AND SIND BANK,100503.807,24552.0958,58411.9082,1240.8273,6720.7213,701.0531,4895.3443,89667.5534,3213.05,,100503.807
FY2019-20,2020,PUNJAB NATIONAL BANK,830665.9117,240465.6414,471827.7227,7239.0682,35140.4498,1347.5132,61009.973,703846.3206,50225.4292,,830665.9117
FY2019-20,2020,STATE BANK OF INDIA,3951393.918,1046954.5175,2325289.5607,38439.2818,289613.5526,892.4612,231114.9663,3241620.7343,314655.6521,,3951393.918
FY2019-20,2020,SYNDICATE BANK,326729.5293,74964.2633,184398.7777,2567.6848,11716.3735,2683.7236,9802.3383,281269.8228,20278.8622,,326729.5293
FY2019-20,2020,UCO BANK,235908.1513,90998.813,101174.2529,2840.3728,23088.5542,9918.3406,9291.2835,193203.4435,15695.0621,,235908.1513
FY2019-20,2020,UNION BANK OF INDIA,550683.2685,152413.8968,315049.4069,4762.5172,23351.2283,3422.8189,30362.8257,450668.4524,52486.2533,,550683.2685
FY2019-20,2020,UNITED BANK OF INDIA,152992.8357,58636.9227,67523.3277,1418.4855,11839.0895,9069.299,-2160.6981,137614.6391,2279.9452,,152992.8357
FY2019-20,2020,AXIS BANK LIMITED,915164.8161,156734.3203,571424.1564,4312.897,85425.1621,564.3356,84383.5072,640104.9373,147954.133,,915164.8161
FY2019-20,2020,BANDHAN BANK LIMITED,91717.799137,15351.774405,66629.947673,368.767441,1014.405112,1610.247843,13585.211484,57081.503553,16379.177148,,91717.799137
FY2019-20,2020,CITY UNION BANK LIMITED,49733.5331,9116.7861,33927.4461,245.162,1722.4912,73.7319,5222.3354,40832.4936,2032.4031,,49733.5331
FY2019-20,2020,CSB BANK LIMITED,18864.2381,5359.8353,11366.3539,253.4832,945.224,173.5081,1787.1564,15790.6789,794.0,,18864.2381
FY2019-20,2020,DCB BANK LIMITED,38505.1407,7741.5027,25345.2923,545.8728,1326.6029,310.4154,3111.7363,30369.9287,3407.9512,,38505.1407
FY2019-20,2020,DHANLAXMI BANK LIMITED,12265.0916,3682.4028,6496.0991,213.6998,743.5453,253.0121,573.8984,10904.0692,177.5,,12265.0916
FY2019-20,2020,FEDERAL BANK LTD,180638.046911,35892.67889,122267.914759,479.985338,9422.886598,398.532489,14119.075742,152290.084903,10372.426265,,180638.046911
FY2019-20,2020,HDFC BANK LTD.,1530511.2589,391826.6581,993702.8781,4431.9155,53931.0892,548.3286,170437.7008,1147502.2947,144628.5372,,1530511.2589
FY2019-20,2020,ICICI BANK LIMITED,1098365.1492,249531.4805,645289.9697,8410.2853,75977.6748,1294.7649,115209.6421,770968.9946,162896.7599,,1098365.1492
FY2019-20,2020,IDBI BANK LIMITED,299928.100468,81780.415529,129841.788719,8129.179496,49746.311255,10380.593998,23643.772601,222424.125156,36748.856073,,299928.100468
FY2019-20,2020,IDFC FIRST BANK LIMITED,149200.398649,45404.579766,85595.359468,1037.726561,12971.947734,4809.903,10532.697537,65107.971211,57397.185507,,149200.398649
FY2019-20,2020,INDUSIND BANK LTD,307057.5526,59979.9435,206783.1669,1820.1132,22470.6781,693.5357,33339.1411,202039.8129,60753.5494,,307057.5526
FY2019-20,2020,JAMMU & KASHMIR BANK LTD,108872.097,23052.2425,64399.0687,2070.5182,9567.44,71.3594,6322.1239,97788.2315,2019.5765,,108872.097
FY2019-20,2020,KARNATAKA BANK LTD,83313.4876,17545.3422,56964.2718,826.4189,5057.9641,310.8795,5659.5641,71785.154,4065.118,,83313.4876
FY2019-20,2020,KARUR VYSYA BANK LTD,68278.170077,15762.44573,46098.108163,586.636862,1438.42677,159.864144,6440.411041,59075.078623,1184.175525,,68278.170077
FY2019-20,2020,KOTAK MAHINDRA BANK LTD.,360251.683802,75051.5457,219748.1867,1623.13053,10536.52179,1456.519169,47558.784314,262820.519907,37993.311187,,360251.683802
FY2019-20,2020,LAKSHMI VILAS BANK LTD,24421.5151,5383.8295,13827.8904,463.4213,2906.2495,336.7138,893.0912,21443.1941,755.7,,24421.5151
FY2019-20,2020,NAINITAL BANK LTD,8438.6275,1676.2168,3828.9883,41.2825,276.543,77.5,504.799,7679.4296,0.006,,8438.6275
FY2019-20,2020,RBL BANK LTD,88977.7681,18149.735,58019.0491,469.7611,3482.0408,508.6986,10074.2483,57812.2235,17006.7323,,88977.7681
FY2019-20,2020,SOUTH INDIAN BANK LTD,97032.9006,20625.2745,64439.4729,800.0419,6978.3496,180.9722,5296.3755,83033.8881,6893.2347,,97032.9006
FY2019-20,2020,TAMILNAD MERCANTILE BANK LTD,42758.7972,9467.3297,27715.7642,128.4529,1710.7007,142.5115,3837.1347,36825.0267,324.0,,42758.7972
FY2019-20,2020,YES BANK LTD.,257826.922507,43914.8259,171443.294185,1009.088123,33076.713361,2510.0944,19216.199185,105363.9434,113790.5026,,257826.922507
FY2019-20,2020,AB BANK LIMITED,203.4053,39.5833,55.0234,0.6599,10.289,36.9823,56.363,105.8204,,,203.4053
FY2019-20,2020,ABU DHABI COMMERCIAL BANK PJSC,327.9398,,,3.7123,26.2034,217.0187,86.661,,,,327.9398
FY2019-20,2020,AMERICAN EXPRESS BANKING CORP.,8247.8773,3340.9924,3987.3855,30.7012,537.8054,1760.3299,48.7531,2128.9851,2059.6093,,8247.8773
FY2019-20,2020,AUSTRALIA AND NEW ZEALAND BANKING GROUP LIMITED,10348.9629,3561.8873,3265.2472,45.1523,2579.9908,1131.1074,342.0974,4548.4791,834.9737,,10348.9629
FY2019-20,2020,"BANK OF AMERICA , NATIONAL ASSOCIATION",72618.2735,25656.516,23589.065,113.1267,11410.328,3188.2612,9046.0773,39638.1927,5892.2059,,72618.2735
FY2019-20,2020,BANK OF BAHRAIN & KUWAIT B.S.C.,3236.004165,744.602016,1579.800594,21.605291,122.149096,292.88625,138.523232,2640.723889,101.0,,3236.004165
FY2019-20,2020,BANK OF CEYLON,508.7531,55.1774,341.3679,1.5088,16.9682,135.0005,111.8817,243.0667,,,508.7531
FY2019-20,2020,BANK OF CHINA LIMITED,408.2638,,5.0,7.1907,8.1165,352.5375,-36.2988,20.4968,,,408.2638
FY2019-20,2020,BANK OF NOVA SCOTIA,6152.1521,3351.4651,1807.2779,4.4372,458.7693,839.413,1007.7137,3381.4063,649.0954,,6152.1521
FY2019-20,2020,BARCLAYS BANK PLC,40251.6233,8624.8552,10283.7063,13.6989,16984.5384,5249.5224,1405.7151,14439.2178,1185.0774,,40251.6233
FY2019-20,2020,BNP PARIBAS,48591.554977,13622.3777,14924.0592,89.188076,13958.683201,4481.2859,3383.243737,21255.5853,4082.2165,,48591.554977
FY2019-20,2020,CITIBANK N.A,218801.888942,101480.473544,66507.947551,1052.201135,22867.484937,3743.8375,22790.022656,157869.33862,10149.801203,,218801.888942
FY2019-20,2020,COOPERATIEVE RABOBANK U.A.,6337.455022,1753.142922,2531.7141,3.6249,235.1081,1220.0775,-241.17046,4637.240698,467.6505,,6337.455022
FY2019-20,2020,CREDIT AGRICOLE CORPORATE AND INVESTMENT BANK,21313.028062,3501.034268,5040.987188,20.814978,11182.416896,1097.166539,830.82861,6550.642322,852.49448,,21313.028062
FY2019-20,2020,CREDIT SUISSE AG,9951.528,7534.6622,1226.995,8.6286,833.0906,1775.0,878.63,2831.7446,4029.4864,,9951.528
FY2019-20,2020,"CTBC BANK CO., LTD.",2058.0094,513.8329,1243.902,9.1504,55.7431,553.5549,-27.1073,1373.9075,125.246,,2058.0094
FY2019-20,2020,DBS BANK INDIA LIMITED,62864.3524,23426.9222,19130.6865,90.8356,12717.572,5037.65,997.8068,35652.1099,9086.6897,,62864.3524
FY2019-20,2020,DEUTSCHE BANK AG,121244.0419,33179.9673,51067.7596,113.8329,27002.6746,7588.1087,9401.4941,59909.5565,13973.6932,,121244.0419
FY2019-20,2020,DOHA BANK Q.P.S.C.,1674.5171,259.0601,976.3068,47.9909,53.3678,304.2002,16.5783,1319.3155,6.5,,1674.5171
FY2019-20,2020,EMIRATES NBD BANK (P.J.S.C.),2879.7112,1003.9778,1478.1706,25.5204,67.9251,1397.7426,8.3072,801.9768,619.1687,,2879.7112
FY2019-20,2020,FIRST ABU DHABI BANK PJSC,5951.086,3626.0164,1449.0163,3.0849,784.7109,2012.5891,179.9078,374.642,2652.9827,,5951.086
FY2019-20,2020,FIRSTRAND BANK LTD,2083.1671,1208.8655,420.3151,1.0036,111.8818,661.714,-339.1839,318.7777,1356.0138,,2083.1671
FY2019-20,2020,HONGKONG AND SHANGHAI BANKING CORPN.LTD.,211114.6589,71622.013,76580.6656,764.1322,37125.8207,4499.166,21362.7232,124852.9766,24441.7354,,211114.6589
FY2019-20,2020,INDUSTRIAL AND COMMERCIAL BANK OF CHINA,3426.8413,2688.6906,397.8407,2.2806,107.1119,455.448,210.9267,2118.8635,566.5845,,3426.8413
FY2019-20,2020,INDUSTRIAL BANK OF KOREA,666.709,37.0685,203.764,0.9377,30.5176,392.6008,47.5169,205.8207,,,666.709
FY2019-20,2020,JPMORGAN CHASE BANK NATIONAL ASSOCIATION,92503.9237,34460.5233,14683.0206,6.2252,33528.7331,6570.341,7982.2358,28386.4592,16836.964,,92503.9237
FY2019-20,2020,JSC VTB BANK,86.57032,,,0.171455,10.926618,110.566124,-25.808259,0.051185,,,86.57032
FY2019-20,2020,KEB HANA BANK,2262.5911,121.934,911.9439,5.169,286.7623,643.4574,42.0787,1151.5267,98.3645,,2262.5911
FY2019-20,2020,KOOKMIN BANK,652.4338,56.5003,138.0,11.0709,12.1862,355.8625,0.2376,290.2071,,,652.4338
FY2019-20,2020,KRUNG THAI BANK PUBLIC COMPANY LIMITED,528.6444,414.0242,1.82,2.0054,8.1728,35.8445,26.1321,458.0815,,,528.6444
FY2019-20,2020,MASHREQ BANK PSC,973.8245,356.266,524.9905,2.4516,16.2976,226.7056,197.424,267.4373,264.2064,,973.8245
FY2019-20,2020,MIZUHO BANK LTD,22178.373,5220.9618,9415.5444,59.7253,1149.6255,3044.3353,2145.9837,14505.955,1473.3772,,22178.373
FY2019-20,2020,"MUFG BANK, LTD.",37289.9289,11960.1361,13255.11,32.9566,6731.1661,2207.3356,3452.2545,19585.0027,5994.926,,37289.9289
FY2019-20,2020,PT BANK MAYBANK INDONESIA TBK,295.523271,121.975293,106.631489,1.208736,56.128603,208.880173,5.962047,50.075812,25.597781,,295.523271
FY2019-20,2020,QATAR NATIONAL BANK (Q.P.S.C),1133.3884,207.9661,717.03,6.2797,15.1524,321.6512,0.0288,717.7264,65.0,,1133.3884
FY2019-20,2020,SBERBANK,478.052706,99.701912,29.901818,1.369705,106.093399,273.211044,88.840067,24.148284,,,478.052706
FY2019-20,2020,SBM BANK (INDIA) LIMITED,2474.2569,567.8006,1266.2501,61.5017,66.3443,756.9584,-175.9408,1830.0372,15.0,,2474.2569
FY2019-20,2020,SHINHAN BANK,10890.4443,2601.342,7356.2071,7.6167,257.1576,633.1908,679.8639,7633.6903,1542.7485,,10890.4443
FY2019-20,2020,SOCIETE GENERALE,10196.9779,3061.51,1574.4312,50.6566,4993.2742,1449.3748,300.7032,2745.1332,303.7737,,10196.9779
FY2019-20,2020,SONALI BANK,129.5527,12.2778,24.758,0.4243,2.3343,0.6148,14.2598,101.9775,,,129.5527
FY2019-20,2020,STANDARD CHARTERED BANK,184499.5235,48503.338678,76213.727976,1379.653726,42112.687066,7440.0742,21412.540304,100394.582364,16725.57907,,184499.5235
FY2019-20,2020,SUMITOMO MITSUI BANKING CORPORATION,24919.858298,6925.466723,10919.738633,10.526552,1418.39316,7947.5325,941.463203,14479.658801,257.261,,24919.858298
FY2019-20,2020,THE ROYAL BANK OF SCOTLAND N.V.,4786.7988,4181.1081,,6.9158,440.7745,2802.821,-207.6451,,1707.1916,,4786.7988
FY2019-20,2020,UNITED OVERSEAS BANK LTD,1811.5648,365.8411,708.995,0.7882,171.2369,752.5524,86.4958,887.0265,,,1811.5648
FY2019-20,2020,WESTPAC BANKING CORPORATION,999.5569,,,,75.4234,808.73,183.5494,,,,999.5569
FY2019-20,2020,WOORI BANK,4725.0114,1204.8713,2133.8741,7.0492,142.6181,696.3261,128.7122,3511.3838,319.1896,,4725.0114
FY2019-20,2020,AU SMALL FINANCE BANK LIMITED,42143.070952,10668.215338,26992.415413,447.998338,664.763289,304.123327,4072.687824,26163.928458,10335.32358,,42143.070952
FY2019-20,2020,CAPITAL SMALL FINANCE BANK LIMITED,5329.8766,1051.8746,3308.3085,90.6236,63.3207,33.8072,372.9729,4446.6233,420.92,,5329.8766
FY2019-20,2020,EQUITAS SMALL FINANCE BANK LIMITED,19295.5468,2342.5062,13728.2415,212.7694,475.1872,1053.4016,1690.7473,10788.4055,5134.8736,,19295.5468
FY2019-20,2020,ESAF SMALL FINANCE BANK LIMITED,9469.9721,1733.6253,6547.8216,120.1069,165.6267,427.7955,656.2853,7028.3823,1203.317,,9469.9721
FY2019-20,2020,FINCARE SMALL FINANCE BANK LIMITED,7116.269114,1006.960058,4815.578684,40.368554,170.458263,63.610481,840.160186,4653.930864,1368.16,,7116.269114
FY2019-20,2020,JANA SMALL FINANCE BANK LIMITED,14144.530904,2650.034961,9956.610756,260.003133,297.582995,200.718603,842.78153,9651.94691,2898.729536,,14144.530904
FY2019-20,2020,NORTH EAST SMALL FINANCE BANK LIMITED,2067.31661,353.152422,1348.281517,28.440942,61.34295,293.384995,71.885247,890.139759,749.987481,,2067.31661
FY2019-20,2020,SURYODAY SMALL FINANCE BANK LIMITED,5364.5223,808.1979,3531.9446,38.7296,148.0516,86.5941,979.6357,2848.7141,1264.6156,,5364.5223
FY2019-20,2020,UJJIVAN SMALL FINANCE BANK LIMITED,18411.243864,2396.137498,14043.643651,300.483176,327.690029,1928.223169,1259.502283,10780.483699,3953.265854,,18411.243864
FY2019-20,2020,UTKARSH SMALL FINANCE BANK LIMITED,9404.3161,1192.3882,6281.596,131.4181,184.8612,759.2722,260.2269,5235.2125,2675.0368,,9404.3161
FY2019-20,2020,INDIA POST PAYMENTS BANK LIMITED,1645.266854,694.249347,,200.451688,263.240971,1035.0,-460.98822,855.031214,,,1645.266854
FY2019-20,2020,PAYMENTS BANKS,1645.266854,694.249347,,200.451688,263.240971,1035.0,-460.98822,855.031214,,,1645.266854
FY2018-19,2019,ALLAHABAD BANK,248575.7709,79557.9133,142212.163,3538.2578,9033.921,2096.8358,7033.4819,214334.0675,12488.941,12622.4447,248575.7709
FY2018-19,2019,ANDHRA BANK,249311.4154,62953.0914,158822.6873,1558.0848,10943.713,2884.4878,10280.6374,219821.0,10278.109,6047.1812,249311.4154
FY2018-19,2019,BANK OF BARODA,780987.4049,182298.0818,468818.7362,6990.2954,33650.6761,530.3644,45410.7329,638689.7172,67201.2978,29155.2926,780987.4049
FY2018-19,2019,BANK OF INDIA,625222.8437,147639.035,341005.9443,8920.0364,32846.3416,2760.0285,38921.125,520862.3485,44241.1678,18438.1739,625222.8437
FY2018-19,2019,BANK OF MAHARASHTRA,164535.5316,59697.0514,82666.2111,1775.5301,11241.8357,2753.1714,2986.2694,140650.0864,10149.1714,7996.833,164535.5316
FY2018-19,2019,CANARA BANK,694766.6905,152985.296,427727.2684,8410.2336,39491.2037,753.2448,35423.9871,599033.2748,40992.2944,18563.8894,694766.6905
FY2018-19,2019,CENTRAL BANK OF INDIA,330717.6639,125298.0697,146525.3606,4310.2438,23384.059,4047.2014,14887.6552,299855.4368,5239.0616,6688.3089,330717.6639
FY2018-19,2019,CORPORATION BANK,213577.8538,59979.1981,121251.2092,1421.8482,18356.564,1198.8368,15366.0245,184567.8445,8394.2552,4050.8928,213577.8538
FY2018-19,2019,DENA BANK,109100.3223,38522.5,51958.9656,1765.2154,8525.0224,2259.0463,813.7947,100651.8522,2455.0,2920.6291,109100.3223
FY2018-19,2019,INDIAN BANK,280065.2737,64992.1742,181261.9124,3961.4048,9829.4026,480.2917,18908.4,242075.9468,12137.5429,6463.0923,280065.2737
FY2018-19,2019,INDIAN OVERSEAS BANK,250008.3577,66932.2734,132597.6296,3336.9047,16250.0522,9141.6482,7218.2299,222534.0772,6146.0379,4968.3645,250008.3577
FY2018-19,2019,ORIENTAL BANK OF COMMERCE,272197.8663,78914.8259,159429.0828,2589.2722,14788.5986,1370.2093,17531.0342,232645.3776,14119.3671,6531.8781,272197.8663
FY2018-19,2019,PUNJAB AND SIND BANK,108982.0458,26172.9278,69175.5333,1230.3845,5784.9766,564.9123,5136.49,98557.6045,2714.0,2009.039,108982.0458
FY2018-19,2019,PUNJAB NATIONAL BANK,774949.4617,202128.2198,458249.2041,6224.8473,33059.1493,920.8094,43866.3151,676030.1361,39325.9151,14806.286,774949.4617
FY2018-19,2019,STATE BANK OF INDIA,3680914.2489,967021.9475,2185876.9177,39197.5694,266327.7028,892.4612,220021.3633,2911386.0107,403017.1182,145597.2955,3680914.2489
FY2018-19,2019,SYNDICATE BANK,311278.863,76073.1513,171281.0986,2572.3806,10432.1596,2487.912,14082.3067,259896.961,25604.4537,9207.2296,311278.863
FY2018-19,2019,UCO BANK,230484.0802,82231.6918,99313.8423,2822.3143,21684.1328,5423.3982,11967.6544,197906.7817,8323.6786,6862.5673,230484.0802
FY2018-19,2019,UNION BANK OF INDIA,494038.8422,126046.6426,296932.153,3762.2928,24251.7801,1763.0163,24723.9911,415915.2695,42863.8249,8772.7404,494038.8422
FY2018-19,2019,UNITED BANK OF INDIA,151529.9278,60976.0343,66955.0974,1240.055,12695.2472,7427.9197,4070.958,134983.3151,2203.7175,2844.0175,151529.9278
FY2018-19,2019,VIJAYA BANK,191981.5278,41613.113,130606.3232,1691.2674,9386.474,1304.148,7415.0806,175817.4337,3717.2529,3727.6126,191981.5278
FY2018-19,2019,AXIS BANK LIMITED,800996.5316,174969.2759,494797.9721,4036.6358,59988.0125,514.329,66161.9666,548471.3409,152775.7792,33073.1159,800996.5316
FY2018-19,2019,BANDHAN BANK LIMITED,56441.7126,10037.4848,39643.3937,331.1959,626.9814,1193.0829,10008.6642,43231.6203,521.3506,1486.9946,56441.7126
FY2018-19,2019,CITY UNION BANK LIMITED,45258.8883,7712.2006,32673.3408,250.0331,1660.0293,73.4501,4767.3074,38447.9485,480.9085,1489.2738,45258.8883
FY2018-19,2019,CSB BANK LIMITED,16911.1578,4027.6116,10615.2373,217.7288,1076.9495,85.9723,1345.7205,15123.8729,,355.5921,16911.1578
FY2018-19,2019,DCB BANK LIMITED,35791.8325,7844.0909,23567.9972,525.9832,1060.3856,309.5469,2806.0543,28435.1142,2723.2036,1517.9135,35791.8325
FY2018-19,2019,DHANLAXMI BANK LIMITED,11798.889,4036.7001,6289.2819,202.0229,647.6046,253.0121,508.1199,10603.3206,200.4,234.0364,11798.889
FY2018-19,2019,FEDERAL BANK LTD,159339.9947,31824.4727,110222.9537,472.0411,6753.7259,397.0096,12876.0322,134954.3444,7781.3235,3331.285,159339.9947
FY2018-19,2019,HDFC BANK LTD.,1244540.6906,293116.0725,819401.2167,4030.0043,46645.7579,544.6613,148661.6908,923140.9284,117085.1238,55108.2863,1244540.6906
FY2018-19,2019,ICICI BANK LIMITED,964459.1478,207732.68,586646.5827,7931.4287,81852.1704,1289.4598,107078.5818,652919.6711,165319.9742,37851.4609,964459.1478
FY2018-19,2019,IDBI BANK LIMITED,320284.494,93072.6304,146790.4379,8230.9861,50956.7401,7736.2949,29875.4029,227371.7247,45287.7239,10013.3476,320284.494
FY2018-19,2019,IDFC FIRST BANK LIMITED,167184.8615,58475.3854,86302.2859,950.2051,11890.2081,4781.6764,13377.585,70479.0087,69983.3902,8563.2012,167184.8615
FY2018-19,2019,INDUSIND BANK LTD,277819.4182,59266.158,186393.5014,1710.0116,15666.3465,602.6869,26083.2865,194867.9069,47321.1224,8944.4155,277819.4182
FY2018-19,2019,JAMMU & KASHMIR BANK LTD,101406.2871,23160.503,66271.5072,1674.6948,4437.7065,55.7002,6570.3953,89638.8962,2623.9561,2517.3393,101406.2871
FY2018-19,2019,KARNATAKA BANK LTD,79045.7552,16184.9887,54828.201,774.996,3647.821,282.6176,5502.5653,68452.1228,3325.511,1482.9385,79045.7552
FY2018-19,2019,KARUR VYSYA BANK LTD,69340.1144,14881.5854,48580.814,582.9858,1597.6837,159.8622,6262.9426,59867.9519,1565.3396,1484.0181,69340.1144
FY2018-19,2019,KOTAK MAHINDRA BANK LTD.,312172.0909,71189.085,205694.8097,1651.5501,8961.1057,1454.3774,41446.0755,225880.363,32248.2914,11142.9836,312172.0909
FY2018-19,2019,LAKSHMI VILAS BANK LTD,33046.1629,8430.1653,20103.2593,469.9543,1873.6712,319.9032,1572.6731,29279.4408,921.259,952.8868,33046.1629
FY2018-19,2019,NAINITAL BANK LTD,8101.7595,1533.5285,3515.7469,32.7123,193.9919,77.5,566.278,7286.1906,,171.7909,8101.7595
FY2018-19,2019,RBL BANK LTD,80358.8188,16840.3611,54308.2427,402.4785,2205.6233,426.7097,7120.6097,58394.4159,11832.0654,2585.0181,80358.8188
FY2018-19,2019,SOUTH INDIAN BANK LTD,92279.2178,19081.3789,62693.7446,708.6629,4972.6766,180.9682,5156.1056,80420.1181,4903.2033,1618.8226,92279.2178
FY2018-19,2019,TAMILNAD MERCANTILE BANK LTD,40532.7956,9106.5865,26487.9403,138.3824,1879.531,142.5115,3475.7439,35136.2481,,1778.2921,40532.7956
FY2018-19,2019,YES BANK LTD.,380826.1654,89522.0327,241499.6024,816.9955,22098.0231,463.0066,26441.1895,227610.1818,108424.1089,17887.6786,380826.1654
FY2018-19,2019,AB BANK LIMITED,250.2364,31.4388,50.9594,1.0123,26.1087,36.9823,60.3858,148.1205,,4.7478,250.2364
FY2018-19,2019,ABU DHABI COMMERCIAL BANK PJSC,2812.3225,837.6411,1525.7647,8.6864,93.6846,217.0187,178.2227,2066.9954,274.0971,75.9886,2812.3225
FY2018-19,2019,AMERICAN EXPRESS BANKING CORP.,8549.6745,2341.1094,5339.8404,31.6448,499.0072,1760.3299,47.3155,2135.5294,1253.429,3353.0707,8549.6745
FY2018-19,2019,AUSTRALIA AND NEW ZEALAND BANKING GROUP LIMITED,7719.1314,3362.9949,2251.265,53.3252,1638.1167,1131.1074,257.3911,4037.3442,154.3058,2138.9829,7719.1314
FY2018-19,2019,"BANK OF AMERICA , NATIONAL ASSOCIATION",54070.2934,22550.3895,19451.7476,117.9045,6504.8405,3188.2612,7846.2193,22625.2885,12833.5241,7577.0003,54070.2934
FY2018-19,2019,BANK OF BAHRAIN & KUWAIT B.S.C.,3014.4042,563.7848,1697.4889,24.6132,73.0082,292.8863,144.1269,2247.8671,279.9959,49.528,3014.4042
FY2018-19,2019,BANK OF CEYLON,471.204731,59.857771,302.35558,0.088761,7.564506,135.000527,104.139883,215.616544,,16.447777,471.204731
FY2018-19,2019,BANK OF NOVA SCOTIA,6863.7223,2905.6032,2340.2024,5.153,397.3505,839.413,961.5949,3358.7762,1488.2866,215.6516,6863.7223
FY2018-19,2019,BARCLAYS BANK PLC,40072.282,12297.8459,15402.8518,18.1677,9569.4173,5249.5224,1378.0756,12633.3165,9911.4599,10899.9076,40072.282
FY2018-19,2019,BNP PARIBAS,40152.075,11606.9174,14848.4744,92.2531,8756.4392,3649.5433,3195.4949,20949.4386,3355.088,9002.5102,40152.075
FY2018-19,2019,CITIBANK N.A,186664.24,96557.86,61596.69,1372.8,14386.01,3743.84,20389.02,127886.79,18008.26,16636.33,186664.24
FY2018-19,2019,COOPERATIEVE RABOBANK U.A.,6694.1709,1213.2626,4012.2265,2.1946,217.7221,1220.0775,-190.3029,4325.4839,1103.6603,235.2521,6694.1709
FY2018-19,2019,CREDIT AGRICOLE CORPORATE AND INVESTMENT BANK,15443.2339,2302.1469,5030.9614,22.9842,6954.0226,978.3701,731.5801,2704.8614,3446.4271,7581.9952,15443.2339
FY2018-19,2019,CREDIT SUISSE AG,8409.8817,4865.9535,1278.143,3.6181,393.9994,1775.0,992.5395,3445.785,1952.9293,243.6279,8409.8817
FY2018-19,2019,"CTBC BANK CO., LTD.",1345.0695,290.9838,814.8058,4.6025,49.6783,340.85,-34.4487,834.286,183.0457,21.3365,1345.0695
FY2018-19,2019,DBS BANK INDIA LIMITED,57920.463,20982.0457,18107.9424,68.3112,8114.7928,5037.65,886.8012,33827.8379,10446.3484,7721.8255,57920.463
FY2018-19,2019,DEUTSCHE BANK AG,106288.6039,25785.6672,48269.5715,123.8112,15858.7236,7588.1087,8370.5521,55540.8831,16725.2499,18063.8101,106288.6039
FY2018-19,2019,DOHA BANK Q.P.S.C.,1507.8841,314.3721,960.8788,52.5347,54.0125,304.2002,11.8755,963.3399,206.4907,21.9778,1507.8841
FY2018-19,2019,EMIRATES NBD BANK (P.J.S.C.),1740.3527,658.5623,889.2205,35.9227,36.6943,686.1976,-10.549,504.7982,531.453,28.4529,1740.3527
FY2018-19,2019,FIRST ABU DHABI BANK PJSC,3109.6794,2164.7174,150.0,2.9432,209.76,2012.5891,76.2665,185.0408,680.8429,154.9401,3109.6794
FY2018-19,2019,FIRSTRAND BANK LTD,1840.9273,1161.3124,405.2113,0.7389,64.9958,661.714,-344.5591,526.618,929.4361,67.7183,1840.9273
FY2018-19,2019,HONGKONG AND SHANGHAI BANKING CORPN.LTD.,176467.5266,70973.7621,66904.6305,780.1275,20405.2325,4499.166,18582.1432,102609.6713,33351.6295,17424.9166,176467.5266
FY2018-19,2019,INDUSTRIAL AND COMMERCIAL BANK OF CHINA,3588.8178,1904.2053,1250.9594,3.5854,187.3377,455.448,179.1822,1351.3777,1499.0246,103.7853,3588.8178
FY2018-19,2019,INDUSTRIAL BANK OF KOREA,550.859,52.0391,193.0849,1.266,27.6396,392.6008,26.8402,110.6451,,20.7729,550.859
FY2018-19,2019,JPMORGAN CHASE BANK NATIONAL ASSOCIATION,53772.0278,14472.2368,13800.1585,9.0149,11720.7375,5351.2013,6697.054,23738.4485,6390.7282,11594.5958,53772.0278
FY2018-19,2019,JSC VTB BANK,74.453,,,0.2517,2.7248,110.5661,-37.1427,0.0364,,0.9932,74.453
FY2018-19,2019,KEB HANA BANK,1721.2512,161.2554,487.943,1.1128,243.5179,643.4574,36.9996,783.1592,,257.635,1721.2512
FY2018-19,2019,KRUNG THAI BANK PUBLIC COMPANY LIMITED,523.2015,93.883,3.829,1.6468,9.7844,35.8445,26.3839,452.0992,,8.8739,523.2015
FY2018-19,2019,MASHREQ BANK PSC,594.7775,169.1667,321.3651,2.4464,13.9396,225.8979,172.4092,172.1815,,24.2889,594.7775
FY2018-19,2019,MIZUHO BANK LTD,16947.883,3538.9156,11160.586,60.8751,540.2565,3044.3353,1743.6612,6830.485,4760.001,569.4005,16947.883
FY2018-19,2019,"MUFG BANK, LTD.",30522.3553,10378.9886,12045.2036,42.028,3423.5462,2207.3356,3007.2941,15917.53,6348.774,3041.4216,30522.3553
FY2018-19,2019,NATIONAL AUSTRALIA BANK,771.8053,,,0.5612,6.4658,700.35,65.6333,,,5.822,771.8053
FY2018-19,2019,PT BANK MAYBANK INDONESIA TBK,265.8997,87.282,110.5629,1.4598,57.4701,208.8802,5.8062,47.5227,,3.6906,265.8997
FY2018-19,2019,QATAR NATIONAL BANK (Q.P.S.C),513.6506,77.9336,275.5,7.8646,14.026,315.5432,0.0288,139.2615,37.0,21.8171,513.6506
FY2018-19,2019,SBERBANK,416.5698,29.7343,75.06,0.3771,48.4326,273.211,9.2673,38.8949,,95.1966,416.5698
FY2018-19,2019,SBM BANK (INDIA) LIMITED,1598.3254,402.3761,574.8129,62.2138,88.6939,704.9584,-177.1705,984.1174,,86.4201,1598.3254
FY2018-19,2019,SHINHAN BANK,9138.1399,1670.5252,6834.651,10.3038,155.2891,633.1908,627.8137,6519.2603,1097.9445,259.9306,9138.1399
FY2018-19,2019,SOCIETE GENERALE,7092.7115,2240.0038,1494.9858,55.2328,2701.651,1449.3748,271.896,2312.1395,629.5314,2429.7698,7092.7115
FY2018-19,2019,SONALI BANK,126.4552,9.3113,25.2428,0.5061,2.7657,0.6148,18.0173,98.3181,,9.505,126.4552
FY2018-19,2019,STANDARD CHARTERED BANK,171249.3417,53918.2018,66838.0711,1307.4626,31763.4763,7440.0742,19778.3434,105087.5049,11527.9669,27415.4523,171249.3417
FY2018-19,2019,SUMITOMO MITSUI BANKING CORPORATION,14416.7986,4381.487,6919.9514,10.5272,806.5437,3488.9825,699.8032,9272.4118,229.0917,726.5094,14416.7986
FY2018-19,2019,THE ROYAL BANK OF SCOTLAND N.V.,4751.755,4117.0194,,10.9861,483.8368,2802.821,-105.1448,31.5648,1560.3097,462.2043,4751.755
FY2018-19,2019,UNITED OVERSEAS BANK LTD,1338.5875,257.5474,492.465,0.7768,115.9873,752.5524,49.2523,517.1642,,19.6186,1338.5875
FY2018-19,2019,WESTPAC BANKING CORPORATION,1695.3593,901.9859,349.5658,1.6473,252.3654,808.73,166.9026,376.0011,125.0,218.7256,1695.3593
FY2018-19,2019,WOORI BANK,3296.3068,740.3523,1840.6709,10.0873,58.1378,415.3261,81.9795,2684.2556,45.4569,69.2887,3296.3068
FY2018-19,2019,AU SMALL FINANCE BANK LIMITED,32622.7965,7161.6711,22818.7308,447.03,455.1712,292.3575,2870.5334,19422.4356,8613.3587,1424.1113,32622.7965
FY2018-19,2019,CAPITAL SMALL FINANCE BANK LIMITED,4321.2044,862.5797,2599.0453,83.5189,64.4324,28.4807,221.8412,3667.258,358.38,45.2445,4321.2044
FY2018-19,2019,EQUITAS SMALL FINANCE BANK LIMITED,15762.6909,2344.454,11595.0045,237.3362,325.281,1005.9434,1248.3751,9006.7363,3973.0261,528.61,15762.6909
FY2018-19,2019,ESAF SMALL FINANCE BANK LIMITED,7058.4131,1530.7499,4548.2545,89.9406,108.0123,427.7955,465.8955,4317.0082,1702.3595,145.3544,7058.4131
FY2018-19,2019,SURYODAY SMALL FINANCE BANK LIMITED,3761.4641,664.3927,2679.5838,18.9764,122.1498,81.5825,799.0467,1593.4252,1124.2276,163.1821,3761.4641
FY2018-19,2019,UJJIVAN SMALL FINANCE BANK LIMITED,13742.2147,1526.6222,10552.4549,284.4495,284.2279,1640.0368,179.5926,7379.4408,4166.09,377.0545,13742.2147
FY2018-19,2019,UTKARSH SMALL FINANCE BANK LIMITED,6238.8449,862.2071,4668.1652,89.8815,101.959,737.05,35.7063,3791.3867,1429.7673,244.9346,6238.8449
FY2017-18,2018,ALLAHABAD BANK,252714.3103,67714.0245,152060.7442,3132.0863,8385.5667,844.0443,9424.3472,213603.8278,21400.5155,7441.5755,252714.3103
FY2017-18,2018,ANDHRA BANK,242171.3712,64770.2981,149064.125,1473.2958,10919.3446,1198.8318,9619.4549,208070.4786,18269.0486,5013.5573,242171.3712
FY2017-18,2018,BANK OF BARODA,719999.7716,163184.5305,427431.8313,5367.3922,31118.6387,530.3644,42864.4075,591314.8224,62571.9719,22718.2054,719999.7716
FY2017-18,2018,BANK OF INDIA,609574.826,137111.1122,341380.1866,8265.2874,26935.7306,1743.7175,33796.9278,520854.3783,43588.7753,9591.0272,609574.826
FY2017-18,2018,BANK OF MAHARASHTRA,156328.747,43622.7988,85797.2775,1516.676,9508.0331,2598.4544,7345.508,138981.177,4063.7148,3339.8928,156328.747
FY2017-18,2018,CANARA BANK,616886.1048,144053.6704,381702.9864,8318.6432,32898.4727,733.2448,34871.5921,524771.8603,38808.5117,17700.8959,616886.1048
FY2017-18,2018,CENTRAL BANK OF INDIA,326225.2754,102631.6122,156542.1771,4343.3811,23479.6697,2618.1558,15367.3778,294838.8573,5706.1162,7694.7683,326225.2754
FY2017-18,2018,CORPORATION BANK,221891.3054,70349.756,119868.8371,1229.211,19125.8212,333.1097,10512.7423,183315.9499,22171.1335,5558.37,221891.3054
FY2017-18,2018,DENA BANK,120859.7962,37609.5544,65581.5144,1557.3355,10153.9308,2259.0463,6943.7548,106130.1424,3561.0,1965.8527,120859.7962
FY2017-18,2018,IDBI BANK LIMITED,350085.7228,91606.0641,171739.9451,6770.9845,46282.6436,3083.8627,18125.8672,247931.6111,63185.5272,17758.8546,350085.7228
FY2017-18,2018,INDIAN BANK,252715.8226,71397.7665,156568.9285,3418.3455,8402.9939,480.2917,17968.1267,208294.2217,19760.1707,6213.0118,252715.8226
FY2017-18,2018,INDIAN OVERSEAS BANK,247968.0302,68645.9365,132488.8149,2893.4338,17394.8542,4890.7699,8383.213,216831.8111,9228.0811,8634.1551,247968.0302
FY2017-18,2018,ORIENTAL BANK OF COMMERCE,233344.0436,69902.274,136367.8729,2549.6276,10842.8375,632.7675,11153.9894,207346.0644,9694.0565,4517.1658,233344.0436
FY2017-18,2018,PUNJAB AND SIND BANK,113759.2423,32981.7572,66569.4469,1082.5985,5992.7471,564.9123,5617.7727,101726.1664,3682.9849,2167.406,113759.2423
FY2017-18,2018,PUNJAB NATIONAL BANK,765830.1045,200305.9816,433734.7213,6349.3272,29978.0709,552.1146,40522.1915,642226.1919,60850.748,21678.8585,765830.1045
FY2017-18,2018,STATE BANK OF INDIA,3454751.9966,1060986.715,1934880.1891,39992.2511,226994.1995,892.4588,218236.1015,2706343.285,362142.0745,167138.0768,3454751.9966
FY2017-18,2018,SYNDICATE BANK,323977.1361,80354.2303,210683.868,2478.1022,8944.6927,1417.2721,13524.5396,272776.1062,29613.6117,6645.6065,323977.1361
FY2017-18,2018,UCO BANK,216056.1768,70962.147,107470.0212,2875.102,20000.8705,2308.1571,12649.0241,181849.2799,12449.2619,6800.4538,216056.1768
FY2017-18,2018,UNION BANK OF INDIA,487380.0884,123754.2173,288760.5825,3833.3328,21590.7614,1168.5734,23928.1978,408501.6357,45680.7681,8100.9134,487380.0884
FY2017-18,2018,UNITED BANK OF INDIA,144748.6558,50401.8041,62490.1998,1293.0885,10329.2397,3000.0,5661.5934,129326.378,3306.0575,3454.6269,144748.6558
FY2017-18,2018,VIJAYA BANK,177632.0472,39511.6614,116165.4423,1301.4752,15683.2268,1304.148,9323.0501,157287.5358,7299.7941,2417.5192,177632.0472
FY2017-18,2018,AXIS BANK LIMITED,691329.5799,153876.0827,439650.3045,3971.6792,50376.6229,513.3078,62931.9518,453622.7223,148016.1446,26245.4534,691329.5799
FY2017-18,2018,BANDHAN BANK LIMITED,44310.056148,8371.940824,29713.036062,238.128351,476.367366,1192.804944,8189.142198,33869.001998,285.0,774.107008,44310.056148
FY2017-18,2018,CITY UNION BANK LIMITED,39937.2453,7879.1061,27852.7858,223.1266,1345.7831,66.4729,4096.7624,32852.6218,1735.8805,1185.5077,39937.2453
FY2017-18,2018,CSB BANK LIMITED,15870.0515,4113.9508,9337.3564,216.1176,987.4927,81.0143,808.0182,14690.6493,41.8,248.5697,15870.0515
FY2017-18,2018,DCB BANK LIMITED,30222.0921,6218.9574,20336.6884,494.0176,800.444,308.0849,2499.747,24006.8628,1926.7105,1480.6869,30222.0921
FY2017-18,2018,DHANLAXMI BANK LIMITED,12286.4596,4364.6007,6110.4934,203.7571,736.0,253.0121,496.4509,10919.6596,392.1741,225.1629,12286.4596
FY2017-18,2018,FEDERAL BANK LTD,138313.9542,30781.0747,91957.4732,457.3701,5914.6275,394.4285,11815.8065,111992.4866,11533.4992,2577.7334,138313.9542
FY2017-18,2018,HDFC BANK LTD.,1063934.3234,242200.2416,658333.0908,3607.2045,36878.7038,519.0181,105775.9776,788770.6396,123104.97,45763.7181,1063934.3234
FY2017-18,2018,ICICI BANK LIMITED,879189.1613,202994.1808,512395.2856,7903.5149,71726.7992,1285.81,103873.1264,560975.2085,182858.6206,30196.3958,879189.1613
FY2017-18,2018,IDFC BANK LIMITED,126520.1788,61201.5342,52164.8881,784.1307,7477.8284,3404.0749,11852.4635,48198.2025,57287.0654,5778.3725,126520.1788
FY2017-18,2018,INDUSIND BANK LTD,221626.1605,50076.7174,144953.6576,1338.7531,12041.155,600.2232,23241.4196,151639.1743,38289.0782,7856.2652,221626.1605
FY2017-18,2018,JAMMU & KASHMIR BANK LTD,89687.6169,18880.0296,56912.7445,1614.5918,4027.3679,55.7002,6105.5145,80006.4981,1628.3357,1891.5684,89687.6169
FY2017-18,2018,KARNATAKA BANK LTD,70373.6754,15444.4493,47251.7507,761.6021,3314.8599,282.6175,5127.5344,62871.285,815.9704,1276.2681,70373.6754
FY2017-18,2018,KARUR VYSYA BANK LTD,66941.4325,15803.2077,44800.1452,528.1915,1500.669,145.3279,6118.859,56890.0906,2393.9865,1393.1685,66941.4325
FY2017-18,2018,KOTAK MAHINDRA BANK LTD.,264933.3976,64562.3468,169717.9249,1527.1602,9505.8577,952.8243,36530.9996,192643.2709,25154.1531,9652.1497,264933.3976
FY2017-18,2018,LAKSHMI VILAS BANK LTD,40429.226,10767.7483,25768.2017,402.4535,1475.8589,255.9938,2071.6745,33309.4829,4012.7803,779.2945,40429.226
FY2017-18,2018,NAINITAL BANK LTD,8114.6898,1704.7612,3363.9324,33.8096,136.4473,77.5,544.0608,7331.8728,0.0028,161.2534,8114.6898
FY2017-18,2018,RBL BANK LTD,61850.7552,15447.4994,40267.8393,334.0008,1516.974,419.6675,6264.3048,43902.2636,9261.4403,2003.079,61850.7552
FY2017-18,2018,SOUTH INDIAN BANK LTD,82685.8749,18363.078,54562.8867,680.7812,4858.0792,180.8831,5062.2907,72029.5937,4043.38,1369.7274,82685.8749
FY2017-18,2018,TAMILNAD MERCANTILE BANK LTD,37919.9522,10363.6131,23768.7185,140.2973,1643.8208,142.5115,3262.2776,32428.3322,513.0,1573.8309,37919.9522
FY2017-18,2018,YES BANK LTD.,312445.6033,68398.9387,203533.8628,832.3917,14946.0437,460.5934,25297.6864,200738.1476,74893.5808,11055.5951,312445.6033
FY2017-18,2018,AB BANK LIMITED,212.7043,33.2583,50.5906,0.8006,22.1366,36.9823,52.3131,117.0494,,6.3595,212.7043
FY2017-18,2018,ABU DHABI COMMERCIAL BANK PJSC,3417.8669,998.978,2030.4009,10.2425,94.3121,217.0187,183.9103,2321.6277,614.6573,80.6529,3417.8669
FY2017-18,2018,AMERICAN EXPRESS BANKING CORP.,7725.2608,1863.8151,5098.1045,28.0102,446.4005,1423.8924,40.241,1610.5638,1703.9801,2946.5835,7725.2608
FY2017-18,2018,AUSTRALIA AND NEW ZEALAND BANKING GROUP LIMITED,5352.017,1551.2361,1953.3446,62.1921,1107.8446,1131.1074,242.192,2734.167,,1244.5506,5352.017
FY2017-18,2018,"BANK OF AMERICA , NATIONAL ASSOCIATION",38098.8414,14974.7554,15346.2402,117.959,2818.938,985.3492,6988.445,19072.9977,7547.9443,3504.1052,38098.8414
FY2017-18,2018,BANK OF BAHRAIN & KUWAIT B.S.C.,2357.7269,468.9158,1620.1815,26.5783,65.2108,292.8863,139.6499,1787.1268,84.9958,53.0681,2357.7269
FY2017-18,2018,BANK OF CEYLON,457.3691,65.794,345.8521,0.3762,5.9743,135.0005,88.7105,217.5538,,16.1043,457.3691
FY2017-18,2018,BANK OF NOVA SCOTIA,7433.2559,2570.9432,3912.4935,6.9813,457.3218,839.413,921.3229,3125.5592,2236.8065,310.1543,7433.2559
FY2017-18,2018,BARCLAYS BANK PLC,28861.2557,10381.0021,11607.7308,23.2284,5673.3003,5249.5224,1709.9065,8385.7206,6571.1716,6944.9346,28861.2557
FY2017-18,2018,BNP PARIBAS,44246.9624,13338.9391,19236.1469,96.1678,7381.9526,3361.5788,2781.4616,24636.886,5840.7048,7626.3312,44246.9624
FY2017-18,2018,CITIBANK N.A,163927.91,78442.51,55712.93,1419.77,8699.92,3743.84,18780.25,113691.69,16762.34,10949.79,163927.91
FY2017-18,2018,COOPERATIEVE RABOBANK U.A.,4884.2584,678.7262,3181.9458,1.831,110.5062,1220.0775,-293.9498,2489.6057,1324.275,144.25,4884.2584
FY2017-18,2018,CREDIT AGRICOLE CORPORATE AND INVESTMENT BANK,9119.2237,1793.1744,3887.7441,18.0416,2954.0635,978.3701,571.7026,2702.2381,1499.4837,3367.4292,9119.2237
FY2017-18,2018,CREDIT SUISSE AG,8800.3942,6121.4142,1323.4233,0.7863,540.5649,1775.0,976.4572,3546.2764,2346.7292,155.9314,8800.3942
FY2017-18,2018,"CTBC BANK CO., LTD.",811.4163,159.4587,473.5925,3.8114,53.7981,340.85,-40.5847,403.3156,94.5583,13.2771,811.4163
FY2017-18,2018,DBS BANK INDIA LIMITED,46853.2152,17797.6818,17867.0566,64.5369,5149.3192,3705.7895,872.2791,29221.6578,8600.1868,4453.302,46853.2152
FY2017-18,2018,DEUTSCHE BANK AG,78424.0018,19021.1528,39247.4563,109.2966,7607.1154,4734.1087,7171.3921,47358.4367,10758.3598,8401.7045,78424.0018
FY2017-18,2018,DOHA BANK Q.P.S.C.,1145.2608,178.9182,651.2086,51.446,46.4011,304.2002,-7.7159,741.8093,86.4586,20.5086,1145.2608
FY2017-18,2018,EMIRATES NBD BANK (P.J.S.C.),1057.0255,296.6988,578.2725,32.9597,31.0359,654.0758,-17.1707,91.3461,296.7303,32.044,1057.0255
FY2017-18,2018,FIRST ABU DHABI BANK PJSC,1411.8413,1365.2345,,4.4998,33.9953,1323.8041,14.2472,,51.0,22.79,1411.8413
FY2017-18,2018,FIRSTRAND BANK LTD,1416.2993,842.0983,216.008,1.4981,240.4997,661.714,-345.9844,435.5321,438.7231,226.3145,1416.2993
FY2017-18,2018,HONGKONG AND SHANGHAI BANKING CORPN.LTD.,144454.7962,56428.6509,51450.4291,782.5643,11045.0736,4499.166,17123.2242,92169.2963,20874.7639,9788.3458,144454.7962
FY2017-18,2018,INDUSTRIAL AND COMMERCIAL BANK OF CHINA,2924.0617,1808.4255,879.5521,3.9288,69.3224,455.448,142.6154,1334.8912,935.8104,55.2967,2924.0617
FY2017-18,2018,INDUSTRIAL BANK OF KOREA,347.6797,21.6308,161.7068,2.4163,10.0928,218.47,15.633,103.9166,,9.6601,347.6797
FY2017-18,2018,JPMORGAN CHASE BANK NATIONAL ASSOCIATION,45144.6804,16067.2967,12511.4297,9.0016,9458.8112,4405.259,5379.5441,15498.4478,9566.1221,10295.3074,45144.6804
FY2017-18,2018,JSC VTB BANK,85.9844,,,0.3644,3.2033,110.5661,-26.4266,0.0364,,1.8085,85.9844
FY2017-18,2018,KEB HANA BANK,1221.3702,90.5063,270.5052,1.852,126.3668,643.4574,36.0235,426.1075,,115.7818,1221.3702
FY2017-18,2018,KRUNG THAI BANK PUBLIC COMPANY LIMITED,490.1782,78.2361,2.5718,2.411,15.087,35.8445,45.053,400.7394,,8.5413,490.1782
FY2017-18,2018,MASHREQ BANK PSC,637.8782,160.8027,425.0944,2.446,12.9146,48.3812,151.5532,172.301,239.4983,26.1445,637.8782
FY2017-18,2018,MIZUHO BANK LTD,13625.7749,2879.2094,8890.2778,90.821,334.2936,3044.3353,1546.7032,5213.2816,3478.4218,343.033,13625.7749
FY2017-18,2018,"MUFG BANK, LTD.",23959.0425,9477.3801,8765.7709,45.5697,2325.2181,2207.3356,2622.4483,10730.663,6266.4841,2132.1115,23959.0425
FY2017-18,2018,NATIONAL AUSTRALIA BANK,781.5838,70.1901,175.0,0.7477,16.9204,700.35,54.8737,20.4458,,5.9143,781.5838
FY2017-18,2018,PT BANK MAYBANK INDONESIA TBK,264.6585,102.2962,94.6577,2.6148,55.7019,208.8802,5.8062,45.1969,1.8481,2.9271,264.6585
FY2017-18,2018,QATAR NATIONAL BANK (Q.P.S.C),336.3127,44.2106,90.0,7.2837,10.7969,315.5432,,5.6195,,15.15,336.3127
FY2017-18,2018,SBERBANK,410.3697,29.5706,123.96,0.3036,49.2118,273.211,-13.4367,38.9056,78.21,33.4798,410.3697
FY2017-18,2018,SBM BANK (INDIA) LIMITED,1795.1729,466.1045,1016.4759,30.5859,61.6863,476.9584,-100.3986,1205.7665,130.35,82.4966,1795.1729
FY2017-18,2018,SHINHAN BANK,8306.3242,1609.0877,6044.4826,11.1055,120.1516,633.1908,554.795,5854.3189,1052.8,211.2195,8306.3242
FY2017-18,2018,SOCIETE GENERALE,5356.4524,1343.6364,2720.0757,62.3001,770.1163,782.6968,266.3887,2695.1622,864.314,747.8907,5356.4524
FY2017-18,2018,SONALI BANK,104.24,9.3148,31.3178,0.4266,4.2801,0.6148,17.7151,74.8316,,11.0785,104.24
FY2017-18,2018,STANDARD CHARTERED BANK,139264.4267,39254.3023,64165.7966,1323.7559,18494.1606,7440.0742,19043.1687,83607.421,14210.5215,14963.2413,139264.4267
FY2017-18,2018,SUMITOMO MITSUI BANKING CORPORATION,13350.2823,4243.1283,6131.4409,14.2102,665.7852,3488.9825,529.2221,8070.6069,741.0398,520.431,13350.2823
FY2017-18,2018,THE ROYAL BANK OF SCOTLAND N.V.,4716.4625,3776.2083,,19.2057,552.6999,2802.821,-199.1356,63.4726,1470.7366,578.5679,4716.4625
FY2017-18,2018,UNITED OVERSEAS BANK LTD,1109.098,349.7755,221.7845,0.7589,58.6145,752.5524,63.6234,161.3431,119.6925,11.8866,1109.098
FY2017-18,2018,WESTPAC BANKING CORPORATION,2273.0236,902.7579,854.881,0.6188,311.3346,808.73,146.8999,263.0392,800.2903,254.0642,2273.0236
FY2017-18,2018,WOORI BANK,2582.382,424.8133,1647.7872,13.0808,44.2546,415.3261,69.9774,2054.5018,,42.5767,2582.382
FY2017-18,2018,AU SMALL FINANCE BANK LIMITED,18832.7727,3050.5944,13312.1307,386.0867,322.7422,285.7036,1995.4791,7923.3193,7638.8647,989.406,18832.7727
FY2017-18,2018,CAPITAL SMALL FINANCE BANK LIMITED,3351.832,870.7321,1847.2911,64.5723,40.11,28.4807,205.1029,2850.52,222.2008,45.5276,3351.832
FY2017-18,2018,EQUITAS SMALL FINANCE BANK LIMITED,13309.9583,3856.8415,7706.6926,280.8826,254.376,1005.9434,1037.8092,5603.9727,5177.2081,485.0249,13309.9583
FY2017-18,2018,SURYODAY SMALL FINANCE BANK LIMITED,2163.5008,311.3436,1574.9472,13.5407,56.5082,67.4967,472.2647,749.52,717.8324,156.387,2163.5008
FY2017-18,2018,UJJIVAN SMALL FINANCE BANK LIMITED,9473.176,1232.4789,7336.2114,198.3448,211.3057,1640.0368,6.8977,3772.5174,3852.845,200.8791,9473.176
FY2017-18,2018,UTKARSH SMALL FINANCE BANK LIMITED,4523.7246,661.2737,3101.7186,87.2665,104.7113,470.05,-58.1818,2193.8668,1788.8464,129.1432,4523.7246
FY2016-17,2017,STATE BANK OF BIKANER AND JAIPUR,116293.3423,34922.3745,64830.0141,1353.6479,4588.1451,70.0,6282.0004,104008.7251,1553.7534,4378.8634,116293.3423
FY2016-17,2017,STATE BANK OF HYDERABAD,163189.88,43628.7698,79375.5667,1662.3337,9740.611,20.75,8867.2244,141898.9348,5619.0539,6783.9169,163189.88
FY2016-17,2017,STATE BANK OF INDIA,2705966.3041,765989.6309,1571078.3811,42918.9179,154007.7244,797.3504,187488.7122,2044751.3947,317693.6583,155235.1885,2705966.3041
FY2016-17,2017,STATE BANK OF MYSORE,88995.7545,23861.6246,34474.6282,1532.5779,5289.6904,48.0134,3752.9182,78474.2205,2648.5161,4072.0863,88995.7545
FY2016-17,2017,STATE BANK OF PATIALA,122829.1649,32706.1052,70018.9803,1420.4474,13367.0814,2967.6056,5510.4437,100794.6315,4071.6,9484.8841,122829.1649
FY2016-17,2017,STATE BANK OF TRAVANCORE,125916.6088,40777.0567,48617.5736,995.8146,5319.5366,71.1042,4343.7044,114688.9035,3035.0,3777.8967,125916.6088
FY2016-17,2017,STATE BANK OF INDIA AND ITS ASSOCIATES,3323191.0546,941885.5617,1868395.144,49883.7394,192312.7889,3974.8236,216245.0033,2584616.8101,334621.5817,183732.8359,3323191.0546
FY2016-17,2017,ALLAHABAD BANK,237037.8832,55136.0686,150752.6993,3191.8503,5901.9481,743.6899,13552.7105,201870.2157,14670.3247,6200.9424,237037.8832
FY2016-17,2017,ANDHRA BANK,223099.3786,59697.4889,136846.3336,1530.7038,7289.7091,681.1635,10685.4961,195441.2451,8855.1767,7436.2972,223099.3786
FY2016-17,2017,BANK OF BARODA,694875.4235,129630.5396,383259.2231,5758.3734,25757.3749,462.0931,39841.1602,601675.1729,30611.44,22285.5573,694875.4235
FY2016-17,2017,BANK OF INDIA,626309.2666,127826.8631,366481.6671,8461.8581,27650.9251,1055.4342,29709.7234,540032.0078,39405.6651,16106.4361,626309.2666
FY2016-17,2017,BANK OF MAHARASHTRA,159323.9807,38590.1848,95515.2299,1586.08,6990.4651,1168.3337,6211.1905,139052.8379,8136.6521,4754.9665,159323.9807
FY2016-17,2017,BHARATIYA MAHILA BANK LTD.,2059.0973,708.6198,576.3222,22.6842,69.7177,1000.0,38.7477,975.7745,,44.5751,2059.0973
FY2016-17,2017,CANARA BANK,583519.4435,150265.8882,342008.7608,7168.3159,25251.0198,597.2902,33088.2473,495275.2422,39503.559,15055.1048,583519.4435
FY2016-17,2017,CENTRAL BANK OF INDIA,333401.9442,92094.8779,139398.7698,4290.374,18851.3903,1902.171,15365.969,296671.1934,9282.4453,10180.1655,333401.9442
FY2016-17,2017,CORPORATION BANK,247891.0547,64072.9765,140356.7937,1290.0139,17121.3143,229.4113,12482.5338,220559.6192,6468.1735,8151.3169,247891.0547
FY2016-17,2017,DENA BANK,129530.5146,39737.2257,72574.6161,1577.0062,9377.3353,787.1499,6897.9899,113942.7674,5060.8767,2841.7307,129530.5146
FY2016-17,2017,IDBI BANK LIMITED,361874.4732,92934.4137,190825.9271,7348.7828,38081.2708,2058.8151,20504.8344,268538.0959,56363.9773,14408.7505,361874.4732
FY2016-17,2017,INDIAN BANK,218233.147,67551.7886,127699.282,3442.6046,9497.7525,480.2917,16681.7183,182509.2825,12636.889,5924.9655,218233.147
FY2016-17,2017,INDIAN OVERSEAS BANK,247167.4874,71654.1215,140458.6183,3054.3321,8777.383,2454.7289,11289.8188,211342.6267,16097.6718,5982.6412,247167.4874
FY2016-17,2017,ORIENTAL BANK OF COMMERCE,253064.725,59229.2649,157706.0021,2358.4564,16344.7661,346.1704,13775.1945,219339.3867,14592.1856,5011.7878,253064.725
FY2016-17,2017,PUNJAB AND SIND BANK,96643.4371,27948.5019,58334.5334,1095.4287,4675.1966,400.411,5742.0579,85540.1613,2958.4377,2002.3692,96643.4371
FY2016-17,2017,PUNJAB NATIONAL BANK,720330.5484,186725.4395,419493.1496,6273.2484,19507.0639,425.5937,41671.8711,621704.0164,40763.3354,15765.7318,720330.5484
FY2016-17,2017,SYNDICATE BANK,299073.3357,65465.3996,199669.3526,2454.0704,6252.3391,904.5394,13279.6419,260560.8635,17475.5242,6852.7667,299073.3357
FY2016-17,2017,UCO BANK,231339.7065,74019.124,119724.4532,2849.4769,16646.7693,1559.7282,11193.7423,201284.5112,9534.962,7766.7628,231339.7065
FY2016-17,2017,UNION BANK OF INDIA,452704.4402,112148.9595,286466.577,3894.415,17371.9868,687.4411,23288.7523,375899.0098,41225.873,11603.364,452704.4402
FY2016-17,2017,UNITED BANK OF INDIA,141053.1124,53035.4906,66139.2951,1181.6634,7680.6161,1394.3556,5931.4557,126939.251,2551.754,4236.2961,141053.1124
FY2016-17,2017,VIJAYA BANK,154881.5759,44424.5513,94548.888,1318.7597,8658.6668,998.8454,7152.6425,133011.9521,11061.7967,2656.3392,154881.5759
FY2016-17,2017,NATIONALISED BANKS,6413413.9757,1612897.7882,3688836.494,70148.4982,297755.0107,20337.6573,338385.4981,5492165.2332,387256.7198,175268.8673,6413413.9757
FY2016-17,2017,AXIS BANK LIMITED,601467.6703,128793.3704,373069.3495,3746.8925,45601.8748,479.0072,55283.5346,414378.7878,105030.8694,26295.4713,601467.6703
FY2016-17,2017,BANDHAN BANK LIMITED,30236.0904,5516.4872,16839.0779,251.7863,263.7403,1095.141,3351.3144,23228.6579,1028.9384,1532.0387,30236.0904
FY2016-17,2017,CITY UNION BANK LIMITED,35270.776,7031.4504,23832.6994,215.08,1312.5711,60.1065,3510.091,30115.7384,530.9973,1053.8428,35270.776
FY2016-17,2017,CSB BANK LIMITED,16223.236,5761.5162,8118.9338,215.2614,916.3749,81.0143,918.3421,14911.5623,41.8,270.5173,16223.236
FY2016-17,2017,DCB BANK LIMITED,24046.3786,5817.9442,15817.6325,488.5678,729.7719,285.3644,1919.5196,19289.2114,1275.8073,1276.4759,24046.3786
FY2016-17,2017,DHANLAXMI BANK LIMITED,12333.1221,4194.149,6446.3496,214.2651,670.7794,209.8466,444.6354,11293.6779,145.2,239.7622,12333.1221
FY2016-17,2017,FEDERAL BANK LTD,114976.9323,28196.0887,73336.2715,489.4689,5502.9294,344.8087,8597.5732,97664.5621,5897.3233,2472.665,114976.9323
FY2016-17,2017,HDFC BANK LTD.,863840.1917,214463.3366,554568.2021,3626.7379,42229.82,512.5091,88949.8416,643639.6563,74028.8666,56709.3181,863840.1917
FY2016-17,2017,ICICI BANK LIMITED,771791.446,161506.5454,464232.0842,7805.2072,62534.5478,1165.1071,98785.9632,490039.0648,147556.1521,34245.1588,771791.446
FY2016-17,2017,IDFC BANK LIMITED,112159.6581,50471.6961,49401.6832,786.5515,6397.7302,3399.0062,11279.0428,40208.2246,50262.1857,7011.1988,112159.6581
FY2016-17,2017,INDUSIND BANK LTD,178648.4138,36702.1382,113080.5076,1335.2328,8902.281,598.1487,20047.9722,126572.2228,22453.6943,8976.3758,178648.4138
FY2016-17,2017,JAMMU & KASHMIR BANK LTD,82018.672,21290.8892,49816.1129,1543.3146,3982.4191,52.1477,5624.3472,72463.0929,1276.0488,2603.0354,82018.672
FY2016-17,2017,KARNATAKA BANK LTD,64038.599,20219.7317,36915.6985,720.5699,2908.5661,282.6157,4859.9658,56733.1082,832.6221,1330.2872,64038.599
FY2016-17,2017,KARUR VYSYA BANK LTD,61807.6206,14857.4848,40907.7223,418.6081,1278.7136,121.8645,4913.8324,53699.8112,1695.65,1376.4625,61807.6206
FY2016-17,2017,KOTAK MAHINDRA BANK LTD.,214589.9576,45074.1873,136082.1288,1537.6279,9324.0037,920.4489,26697.4877,157425.8599,21095.4809,8450.6802,214589.9576
FY2016-17,2017,LAKSHMI VILAS BANK LTD,35244.7205,8651.7303,23728.9114,359.119,881.0833,191.4467,1944.895,30553.3535,1773.1321,781.8932,35244.7205
FY2016-17,2017,NAINITAL BANK LTD,7699.6854,2104.4842,3208.2034,32.7218,206.6846,77.5,511.9628,6852.7851,,257.4375,7699.6854
FY2016-17,2017,RBL BANK LTD,48674.7711,13481.7086,29449.0381,258.7088,1291.6667,375.2031,3960.3724,34588.0914,7979.7572,1771.347,48674.7711
FY2016-17,2017,SOUTH INDIAN BANK LTD,74312.1535,19429.6746,46389.4705,656.1006,3949.1912,180.2836,4668.2063,66117.4898,1957.7569,1388.4169,74312.1535
FY2016-17,2017,TAMILNAD MERCANTILE BANK LTD,36984.3661,11504.4766,21972.3197,154.3865,1407.4238,142.5115,3081.527,32190.1495,,1570.1781,36984.3661
FY2016-17,2017,YES BANK LTD.,215059.9177,50031.7983,132262.6769,683.5385,12532.4599,456.4858,21597.5735,142873.8567,38606.673,11525.3287,215059.9177
FY2016-17,2017,AB BANK LIMITED,242.7238,41.5833,63.7437,0.9305,23.0232,36.9823,61.1046,136.3877,,8.2492,242.7238
FY2016-17,2017,ABU DHABI COMMERCIAL BANK PJSC,3475.1443,684.941,2310.8138,9.3636,75.5316,217.0187,167.5111,2837.4194,165.7,87.4951,3475.1443
FY2016-17,2017,AMERICAN EXPRESS BANKING CORP.,6126.291,1627.784,3563.9568,32.328,667.9369,1147.4884,19.9384,1429.1922,964.3771,2565.2949,6126.291
FY2016-17,2017,AUSTRALIA AND NEW ZEALAND BANKING GROUP LIMITED,6378.5046,1595.5152,1938.5176,73.9159,1998.9975,1131.1074,183.9917,2843.5015,114.4713,2105.4327,6378.5046
FY2016-17,2017,"BANK OF AMERICA , NATIONAL ASSOCIATION",34845.1251,7617.1038,13650.7736,107.3825,5836.221,985.3492,6254.1202,19156.3748,1293.7644,7155.5165,34845.1251
FY2016-17,2017,BANK OF BAHRAIN & KUWAIT B.S.C.,1993.352,382.0388,1157.0144,6.1508,83.1091,292.8863,129.8754,1473.4406,50.0,47.1497,1993.352
FY2016-17,2017,BANK OF CEYLON,426.6805,73.43,296.1794,0.97,6.4899,135.0005,77.5009,192.3064,2.4992,19.3735,426.6805
FY2016-17,2017,BANK OF NOVA SCOTIA,8637.0008,3411.8475,4072.9894,6.5991,810.9625,839.413,864.285,4140.1322,2259.668,533.5026,8637.0008
FY2016-17,2017,BARCLAYS BANK PLC,28355.7324,7928.2955,10988.1655,30.1078,7691.2579,5249.5224,1391.0046,10531.7788,2141.9527,9041.4739,28355.7324
FY2016-17,2017,BNP PARIBAS,42299.1779,9628.6524,17719.1079,102.0297,8615.0361,2771.1851,2395.3424,23079.623,4518.0418,9534.9856,42299.1779
FY2016-17,2017,CITIBANK N.A,148390.72,57820.62,54856.92,1558.51,13935.04,3743.84,18002.63,104018.97,5934.66,16690.62,148390.72
FY2016-17,2017,COMMONWEALTH BANK OF AUSTRALIA,193.1476,,,0.1473,66.9412,185.5061,,0.6444,,6.9971,193.1476
FY2016-17,2017,COOPERATIEVE RABOBANK U.A.,3426.6874,689.3133,1736.0593,2.6664,235.6279,1220.0775,-49.6662,1970.6012,165.4285,120.2464,3426.6874
FY2016-17,2017,CREDIT AGRICOLE CORPORATE AND INVESTMENT BANK,12747.8714,1584.8834,4409.8083,17.2826,6536.5579,978.3701,841.3679,1850.828,2089.9458,6987.3596,12747.8714
FY2016-17,2017,CREDIT SUISSE AG,6825.647,5055.3708,1099.8421,0.8988,479.4308,1135.0,868.7712,2923.5725,1325.1438,573.1595,6825.647
FY2016-17,2017,"CTBC BANK CO., LTD.",895.1307,120.9166,674.9061,2.8549,50.3321,340.85,-42.435,487.9659,91.4616,17.2882,895.1307
FY2016-17,2017,DBS BANK INDIA LIMITED,44542.0575,10248.1286,21838.2258,58.058,7713.1519,3211.3534,1405.1501,26990.9652,5781.5001,7153.0887,44542.0575
FY2016-17,2017,DEUTSCHE BANK AG,76068.5068,14074.3609,35091.6635,110.8079,14136.5254,4497.1087,7151.0672,38871.9082,9636.5369,15911.8858,76068.5068
FY2016-17,2017,DOHA BANK Q.P.S.C.,1154.6521,204.533,415.4715,48.7576,45.922,304.2002,3.737,819.5848,,27.1301,1154.6521
FY2016-17,2017,FIRST ABU DHABI BANK PJSC,681.7676,586.6005,0.2194,7.6772,16.0558,677.0353,-3.6815,,,8.4138,681.7676
FY2016-17,2017,FIRSTRAND BANK LTD,1475.8263,709.2013,244.136,3.2599,415.8859,661.714,-370.5715,493.4469,278.2151,413.0218,1475.8263
FY2016-17,2017,HONGKONG AND SHANGHAI BANKING CORPN.LTD.,130475.2144,45907.2761,46269.1694,833.3651,14437.1493,4499.166,15983.6826,87024.1644,7863.9978,15104.2036,130475.2144
FY2016-17,2017,INDUSTRIAL AND COMMERCIAL BANK OF CHINA,2032.4691,905.9154,681.1071,4.7266,37.6915,455.448,124.1733,621.8368,801.068,29.943,2032.4691
FY2016-17,2017,INDUSTRIAL BANK OF KOREA,296.992,20.0873,84.5097,3.0566,10.4155,218.47,9.7686,57.2846,4.6514,6.8174,296.992
FY2016-17,2017,JPMORGAN CHASE BANK NATIONAL ASSOCIATION,44054.5526,10444.6378,8060.3058,9.7513,17062.0947,3107.499,4336.9276,16598.0546,2120.4311,17891.6403,44054.5526
FY2016-17,2017,JSC VTB BANK,125.8375,,22.9267,0.4624,3.3526,110.5661,-3.884,0.4791,,18.6763,125.8375
FY2016-17,2017,KEB HANA BANK,978.1732,61.0156,224.3622,3.192,110.1717,643.4574,14.5692,216.7025,,103.4441,978.1732
FY2016-17,2017,KRUNG THAI BANK PUBLIC COMPANY LIMITED,451.9448,78.2114,7.412,1.6564,17.726,35.8445,39.0499,368.8308,,8.2196,451.9448
FY2016-17,2017,MASHREQ BANK PSC,375.1835,131.0392,214.1526,0.7079,13.5522,48.3812,134.8449,120.2697,56.633,15.0547,375.1835
FY2016-17,2017,MIZUHO BANK LTD,12970.3631,3243.5558,7686.2537,89.4152,185.387,3044.3353,1349.9592,6103.9762,2278.5108,193.5816,12970.3631
FY2016-17,2017,"MUFG BANK, LTD.",19984.2227,6602.9893,9280.2193,39.5415,497.6025,2207.3356,2309.4147,11326.9806,3740.7777,399.7141,19984.2227
FY2016-17,2017,NATIONAL AUSTRALIA BANK,764.7013,116.0328,242.238,0.4762,17.7557,700.35,44.9818,0.4721,12.0,6.8974,764.7013
FY2016-17,2017,PT BANK MAYBANK INDONESIA TBK,302.038,73.6939,163.7716,4.6182,53.4737,208.8802,5.8062,7.5839,76.2583,3.5094,302.038
FY2016-17,2017,SBERBANK,462.0438,98.6013,192.8339,0.062,8.6498,273.211,1.6495,39.4147,137.82,9.9486,462.0438
FY2016-17,2017,SBM BANK (INDIA) LIMITED,1760.8305,430.4613,730.918,29.4584,105.8131,476.9584,4.7178,1218.2545,,60.8998,1760.8305
FY2016-17,2017,SHINHAN BANK,6193.3771,1313.9178,4150.5754,8.5768,84.0415,633.1908,490.9108,4242.5672,680.925,145.7833,6193.3771
FY2016-17,2017,SOCIETE GENERALE,3943.355,1373.8998,1873.2488,69.4374,483.6476,782.6968,249.0046,1789.2292,592.0437,530.3807,3943.355
FY2016-17,2017,SONALI BANK,107.8286,7.9407,21.5853,0.4633,4.9455,0.6148,14.1859,82.3669,,10.661,107.8286
FY2016-17,2017,STANDARD CHARTERED BANK,144988.8139,36420.4546,68629.274,1417.2114,29268.8702,7440.0742,18947.42,80115.786,12281.9694,26203.5643,144988.8139
FY2016-17,2017,SUMITOMO MITSUI BANKING CORPORATION,13943.0161,2836.0297,5369.7115,22.891,604.0781,3488.9825,394.1099,8678.5748,869.6385,511.7104,13943.0161
FY2016-17,2017,THE ROYAL BANK OF SCOTLAND N.V.,5470.3494,3691.7089,121.8887,41.0101,1081.6694,2802.821,-18.0389,545.9416,1463.1782,676.4475,5470.3494
FY2016-17,2017,UNITED OVERSEAS BANK LTD,1673.0817,429.7387,1144.7021,1.6228,71.4819,752.5524,63.4778,241.9915,572.2977,42.7623,1673.0817
FY2016-17,2017,WESTPAC BANKING CORPORATION,2736.676,1135.3234,551.4187,1.6088,755.1261,808.73,127.2034,1031.0381,99.9978,669.7067,2736.676
FY2016-17,2017,WOORI BANK,1338.1133,318.6446,483.9193,10.8099,26.6513,415.3261,63.7643,847.1555,,11.8674,1338.1133
FY2016-17,2017,CAPITAL SMALL FINANCE BANK LIMITED,2720.8209,782.595,1365.3997,50.2493,35.1979,26.9871,163.2299,2378.2133,116.23,36.1606,2720.8209
FY2016-17,2017,EQUITAS SMALL FINANCE BANK LIMITED,9245.342,1890.4955,5701.834,288.3499,250.5891,1005.9434,1005.9776,1921.289,4778.8962,533.2358,9245.342
FY2015-16,2016,STATE BANK OF BIKANER AND JAIPUR,110288.0804,24734.1846,72927.4631,398.5739,2404.9961,70.0,6672.7962,94004.8464,4888.3553,4652.0825,110288.0804
FY2015-16,2016,STATE BANK OF HYDERABAD,164596.781,38007.595,111065.3464,685.9591,7012.7868,20.75,10378.882,137174.0653,8874.5294,8148.5543,164596.781
FY2015-16,2016,STATE BANK OF INDIA,2357617.5391,575651.7828,1463700.4175,10389.2772,140408.4051,776.2777,143498.1583,1730722.4361,323344.5861,159276.0809,2357617.5391
FY2015-16,2016,STATE BANK OF MYSORE,82975.0038,20123.9554,53954.178,970.9091,4225.4026,48.0134,5193.7773,70568.2897,4294.749,2870.1744,82975.0038
FY2015-16,2016,STATE BANK OF PATIALA,131662.2936,31417.0205,82185.7074,1389.8975,11304.8506,661.5306,7225.4618,106953.6611,7757.3175,9064.3226,131662.2936
FY2015-16,2016,STATE BANK OF TRAVANCORE,114506.7799,36061.829,65466.2724,444.848,4714.1453,71.1042,5950.0183,101118.7998,2949.4375,4417.4201,114506.7799
FY2015-16,2016,STATE BANK OF INDIA AND ITS ASSOCIATES,2961646.4778,725996.3673,1849299.3848,14279.4648,170070.5865,1647.6759,178919.0939,2240542.0984,352108.9748,188428.6348,2961646.4778
FY2015-16,2016,ALLAHABAD BANK,239825.3646,57154.9017,152372.0514,3255.8331,4686.4249,613.8042,13450.2324,200644.3979,18707.0405,6409.8896,239825.3646
FY2015-16,2016,ANDHRA BANK,199961.7586,53864.1938,130787.8926,1368.4445,4968.8759,681.1635,10313.2258,174302.4023,9715.592,4949.375,199961.7586
FY2015-16,2016,BANK OF BARODA,671376.4769,120450.521,383770.1803,6253.7756,27001.6501,462.0931,39736.8922,574037.8722,33471.7002,23667.9192,671376.4769
FY2015-16,2016,BANK OF INDIA,609913.9267,118848.912,359188.9592,8480.3113,24254.4448,817.2916,30196.2806,513004.5218,51083.1442,14812.6885,609913.9267
FY2015-16,2016,BANK OF MAHARASHTRA,160957.3244,36230.8724,107562.6706,1694.4151,6149.2174,1168.3337,7618.8101,138989.8178,9228.1029,3952.2599,160957.3244
FY2015-16,2016,BHARATIYA MAHILA BANK LTD.,2020.047,475.9836,620.5789,25.095,65.5818,1000.0,34.4293,927.9187,,57.699,2020.047
FY2015-16,2016,CANARA BANK,552960.7783,142309.3011,324714.824,7198.1017,22004.893,542.991,31060.2095,479791.5621,26873.3164,14692.6993,552960.7783
FY2015-16,2016,CENTRAL BANK OF INDIA,305466.0996,88867.5375,180009.588,4359.2873,16688.6409,1689.7143,15989.4264,266184.1873,9207.8934,12394.8782,305466.0996
FY2015-16,2016,CORPORATION BANK,234863.6156,63280.6345,140322.2406,1277.1335,14802.4088,204.4971,11161.3849,205170.8436,13112.1944,5214.6956,234863.6156
FY2015-16,2016,DENA BANK,133441.6391,35226.2182,82328.3348,1368.219,9140.9786,666.9343,6474.5416,117430.9603,6271.3255,2597.8774,133441.6391
FY2015-16,2016,IDBI BANK LIMITED,375389.8307,92997.1351,215893.4489,7447.315,35451.391,2058.8151,25662.974,265719.8313,70591.6426,11356.5677,375389.8307
FY2015-16,2016,INDIAN BANK,203710.382,53089.3136,129049.0763,3511.072,6061.6294,480.2917,15779.4851,178285.8426,3509.3165,5655.4461,203710.382
FY2015-16,2016,INDIAN OVERSEAS BANK,274436.7636,79189.5506,160860.668,3270.4649,8869.8444,1807.2657,13858.5497,224514.2396,27183.3077,7073.4009,274436.7636
FY2015-16,2016,ORIENTAL BANK OF COMMERCE,239768.0025,66234.2961,148879.9891,2271.9013,10769.3866,321.3975,14619.746,208914.8168,10123.874,5788.1682,239768.0025
FY2015-16,2016,PUNJAB AND SIND BANK,102581.4186,27645.0374,63916.0737,1133.4398,4984.2968,400.411,5569.8068,91249.9639,2839.0136,2522.2233,102581.4186
FY2015-16,2016,PUNJAB NATIONAL BANK,667390.4554,157845.8925,412325.8,5222.7288,16372.9441,392.7195,37917.4196,553051.1281,59755.2434,16273.9448,667390.4554
FY2015-16,2016,SYNDICATE BANK,307967.4448,68621.8668,201368.4899,2406.9084,6354.7956,703.3716,11634.6094,261735.344,25501.2009,8392.9189,307967.4448
FY2015-16,2016,UCO BANK,244882.5314,83974.2044,125905.3677,2884.6374,13559.0894,1075.5917,11446.3616,207118.2415,17240.4358,8001.9008,244882.5314
FY2015-16,2016,UNION BANK OF INDIA,404695.9024,89208.3461,267354.0019,3939.8728,14917.4612,687.4411,22203.7658,342720.0092,30957.3518,8127.3345,404695.9024
FY2015-16,2016,UNITED BANK OF INDIA,129431.7504,44723.3834,68060.2004,1210.92,7111.5877,839.516,4999.669,116401.2764,2912.5065,4278.7825,129431.7504
FY2015-16,2016,VIJAYA BANK,145408.7409,41842.4895,88986.9612,1288.2949,6671.4445,932.5604,6692.1634,125440.7229,10300.5718,2042.7224,145408.7409
FY2015-16,2016,NATIONALISED BANKS,6206450.2535,1522080.5913,3744277.3975,69868.1714,260886.9869,17546.2041,336419.9832,5245635.9003,438584.7741,168263.3918,6206450.2535
FY2015-16,2016,AXIS BANK LIMITED,539821.0196,131524.0609,338773.7229,3523.1719,32674.6235,476.5664,52688.3409,357967.5603,108580.3789,20108.1731,539821.0196
FY2015-16,2016,BANDHAN BANK LIMITED,19756.5,3758.0336,12437.5461,237.2311,150.2897,1095.141,2239.3616,12088.7481,3051.6476,1281.6017,19756.5
FY2015-16,2016,CITY UNION BANK LIMITED,31803.9613,6826.4514,21056.9162,217.556,1052.9667,59.8191,2992.1766,27158.1313,664.5457,929.2886,31803.9613
FY2015-16,2016,CSB BANK LIMITED,15651.9417,5986.6893,7852.6456,215.0934,871.2212,71.7602,821.0327,14438.4049,41.8,278.9439,15651.9417
FY2015-16,2016,DCB BANK LIMITED,19118.5231,4333.3307,12921.3868,248.0208,724.2204,284.4361,1507.7357,14925.9858,1147.896,1252.4695,19118.5231
FY2015-16,2016,DHANLAXMI BANK LIMITED,12462.9826,3792.2357,6952.6817,178.9173,706.0147,177.4416,330.513,11353.7574,251.8459,349.4247,12462.9826
FY2015-16,2016,FEDERAL BANK LTD,94581.3712,25155.4942,58090.1448,519.9751,5395.9471,343.789,7747.4281,79171.7068,5114.5666,2203.8807,94581.3712
FY2015-16,2016,HDFC BANK LTD.,740796.0728,195836.2768,464593.9589,3343.1573,38103.8418,505.6373,72172.1274,546424.192,84968.9823,36725.1338,740796.0728
FY2015-16,2016,ICICI BANK LIMITED,720695.1047,160411.7966,435263.9419,7576.92,57573.7043,1163.1656,88572.4176,421425.7086,174807.3779,34726.435,720695.1047
FY2015-16,2016,IDFC BANK LIMITED,83215.8705,29728.6099,45699.4297,672.8549,4211.0691,3392.6233,10239.9289,8219.0453,57159.8308,4204.4422,83215.8705
FY2015-16,2016,INDUSIND BANK LTD,142896.9928,34054.3147,88419.3419,1255.3239,9056.1408,594.9863,17100.9891,93000.3461,24995.8648,7204.8065,142896.9928
FY2015-16,2016,JAMMU & KASHMIR BANK LTD,80268.0702,20353.6185,50193.2893,763.7156,5754.4422,48.4922,6375.4833,69390.2529,2240.0001,2213.8417,80268.0702
FY2015-16,2016,KARNATAKA BANK LTD,56500.3349,16256.6531,33902.4484,306.6385,2989.6711,188.4658,3502.1184,50488.2095,1051.4795,1270.0617,56500.3349
FY2015-16,2016,KARUR VYSYA BANK LTD,58984.7177,14442.6722,39084.383,420.1184,2145.9463,121.8645,4451.0865,50078.9012,2894.2397,1438.6258,58984.7177
FY2015-16,2016,KOTAK MAHINDRA BANK LTD.,192259.7905,51260.2202,118665.2952,1551.5922,9902.9675,917.1911,23045.2827,138643.0224,20975.3382,8678.9561,192259.7905
FY2015-16,2016,LAKSHMI VILAS BANK LTD,28670.4801,6545.4046,19643.739,366.9987,745.7265,179.4616,1584.1325,25430.9615,723.0078,752.9167,28670.4801
FY2015-16,2016,NAINITAL BANK LTD,6084.3948,1381.4084,2686.0836,17.9595,198.5139,67.5,457.9405,5310.5866,0.1154,248.2523,6084.3948
FY2015-16,2016,RBL BANK LTD,39161.0859,14436.0338,21229.083,177.2965,868.7514,324.7281,2664.5043,24348.6512,10536.2239,1286.9784,39161.0859
FY2015-16,2016,SOUTH INDIAN BANK LTD,63474.8793,14743.928,41085.7478,486.9904,3883.7434,135.0309,3710.5517,55720.7302,2614.956,1293.6105,63474.8793
FY2015-16,2016,TAMILNAD MERCANTILE BANK LTD,35266.3124,8864.7069,22577.7127,156.3924,2068.6131,0.2845,2941.394,30368.865,333.1991,1622.5698,35266.3124
FY2015-16,2016,YES BANK LTD.,165263.4118,48838.4656,98209.927,470.7177,9525.8768,420.5316,13366.0671,111719.5331,31658.9769,8098.3031,165263.4118
FY2015-16,2016,AB BANK LIMITED,251.675,29.5755,62.1784,1.4424,17.9394,36.9823,55.8906,150.6053,,8.1968,251.675
FY2015-16,2016,ABU DHABI COMMERCIAL BANK PJSC,2693.0871,308.6127,1996.475,8.9912,73.4742,217.0187,151.6656,2083.609,132.2096,108.5842,2693.0871
FY2015-16,2016,AMERICAN EXPRESS BANKING CORP.,4621.8767,881.0611,2989.4061,29.4879,545.1583,996.9644,7.681,1078.8732,1333.5406,1204.8175,4621.8767
FY2015-16,2016,AUSTRALIA AND NEW ZEALAND BANKING GROUP LIMITED,5707.0087,1778.864,2530.6778,81.2366,1077.9598,1131.1074,146.9034,2193.5949,970.505,1264.898,5707.0087
FY2015-16,2016,"BANK OF AMERICA , NATIONAL ASSOCIATION",35353.6578,15952.2829,12346.3754,72.5474,4603.4919,985.3492,5538.2621,13038.6277,11452.3159,4339.1029,35353.6578
FY2015-16,2016,BANK OF BAHRAIN & KUWAIT B.S.C.,1696.8323,390.1301,904.1744,5.5711,82.6165,292.8863,112.9303,1244.0667,,46.949,1696.8323
FY2015-16,2016,BANK OF CEYLON,373.0356,51.3974,243.8804,0.8051,11.5775,114.9843,97.9685,150.5958,,9.487,373.0356
FY2015-16,2016,BANK OF NOVA SCOTIA,11260.6111,4673.1821,5123.7938,8.5683,722.3805,839.413,969.0885,4516.2579,4347.9402,587.9115,11260.6111
FY2015-16,2016,BARCLAYS BANK PLC,32531.8805,9371.7052,16675.8594,33.3115,5705.0876,5249.5224,869.3179,15149.7296,4102.1117,7161.1989,32531.8805
FY2015-16,2016,BNP PARIBAS,36761.1081,8336.341,19989.5221,106.2757,6408.2811,1918.6861,2040.3614,22087.3423,2863.5494,7851.1689,36761.1081
FY2015-16,2016,CITIBANK N.A,154116.61,70923.18,61550.5,1629.42,10192.24,3743.84,16781.87,100215.37,21139.99,12235.54,154116.61
FY2015-16,2016,COMMONWEALTH BANK OF AUSTRALIA,473.6326,98.0245,300.0151,0.2359,52.5631,179.3933,,98.1992,183.4589,12.5812,473.6326
FY2015-16,2016,COOPERATIEVE RABOBANK U.A.,3152.8945,1049.782,1787.3894,5.6827,119.3304,1220.0775,87.4688,1534.9686,159.2339,151.1457,3152.8945
FY2015-16,2016,CREDIT AGRICOLE CORPORATE AND INVESTMENT BANK,13401.6575,1381.4953,5622.9555,25.4044,6024.7913,978.3701,1045.0833,2053.6664,3096.9156,6227.6221,13401.6575
FY2015-16,2016,CREDIT SUISSE AG,11423.018,6861.1387,1819.8145,0.5702,806.4253,1135.0,629.0473,6697.5648,1984.0601,977.3458,11423.018
FY2015-16,2016,"CTBC BANK CO., LTD.",783.6215,84.5329,547.0623,3.4584,29.659,340.85,-25.9761,384.6466,71.5259,12.5751,783.6215
FY2015-16,2016,DBS BANK INDIA LIMITED,43845.4242,15583.9572,17653.0995,74.0446,5433.3412,3211.3534,1206.173,23427.5293,11536.3613,4464.0072,43845.4242
FY2015-16,2016,DEUTSCHE BANK AG,69371.2648,13359.6649,43254.2662,137.7163,3346.5808,4497.1087,7120.8207,43708.785,8856.867,5187.6834,69371.2648
FY2015-16,2016,DOHA BANK Q.P.S.C.,725.2889,130.4647,343.3616,47.0565,33.9093,304.2002,13.2845,302.6788,94.753,10.3724,725.2889
FY2015-16,2016,FIRST ABU DHABI BANK PJSC,207.6042,,,7.9394,5.656,209.0258,-8.8196,,,7.398,207.6042
FY2015-16,2016,FIRSTRAND BANK LTD,1983.098,1099.8658,463.7876,4.1942,172.1275,661.714,-317.5827,633.0281,824.332,181.6066,1983.098
FY2015-16,2016,HONGKONG AND SHANGHAI BANKING CORPN.LTD.,140957.6548,53425.4728,54970.267,1122.6759,13078.0811,4499.166,14354.9223,87943.8211,19522.3095,14637.4359,140957.6548
FY2015-16,2016,INDUSTRIAL AND COMMERCIAL BANK OF CHINA,1571.166,362.1647,1139.8762,4.3777,15.5373,455.448,113.6136,657.7203,318.8876,25.4965,1571.166
FY2015-16,2016,INDUSTRIAL BANK OF KOREA,249.8664,14.3053,6.7662,4.3579,14.7152,218.47,5.0939,16.6205,4.7522,4.9298,249.8664
FY2015-16,2016,JPMORGAN CHASE BANK NATIONAL ASSOCIATION,30747.6573,11639.4598,10056.2918,2.1151,1166.6043,3107.499,3924.3888,16644.2263,4348.3694,2723.1738,30747.6573
FY2015-16,2016,JSC VTB BANK,111.9227,,55.51,0.5148,6.4357,110.5661,-3.3294,0.5049,,4.1811,111.9227
FY2015-16,2016,KBC BANK N.V.,428.0765,,,,30.1248,160.3949,99.8976,37.4037,120.9154,9.4649,428.0765
FY2015-16,2016,KEB HANA BANK,671.6869,51.5736,164.031,4.771,199.1618,310.2549,0.393,162.225,,198.814,671.6869
FY2015-16,2016,KRUNG THAI BANK PUBLIC COMPANY LIMITED,410.4472,103.7943,2.9227,0.1283,15.8642,35.8445,32.1432,333.8268,,8.6327,410.4472
FY2015-16,2016,MASHREQ BANK PSC,355.078,111.4517,163.8687,0.5346,10.2871,48.3812,119.0352,151.814,23.3142,12.5334,355.078
FY2015-16,2016,MIZUHO BANK LTD,14597.215,4084.8977,9278.6842,104.4368,169.0312,3044.3353,1183.7822,5330.2088,4836.6924,202.1963,14597.215
FY2015-16,2016,"MUFG BANK, LTD.",19204.4379,7641.9806,7553.2385,59.0225,632.7165,2207.3356,1777.9962,8367.1279,6301.9144,550.0638,19204.4379
FY2015-16,2016,NATIONAL AUSTRALIA BANK,823.2032,93.5092,103.0771,1.6775,13.0867,700.35,29.3731,0.4107,88.0396,5.0298,823.2032
FY2015-16,2016,PT BANK MAYBANK INDONESIA TBK,291.9314,72.2742,170.1036,7.7507,36.9876,208.8802,5.8062,10.7821,59.1048,7.3581,291.9314
FY2015-16,2016,SBERBANK,443.5286,37.5864,318.0009,0.365,28.7572,193.4788,1.5049,68.0564,165.6375,14.851,443.5286
FY2015-16,2016,SBM BANK (INDIA) LIMITED,1581.6724,700.3561,628.0738,30.1618,112.6535,476.9584,39.566,970.6462,19.9855,74.5163,1581.6724
FY2015-16,2016,SHINHAN BANK,5291.8006,1054.5194,3087.5981,3.3767,82.6207,633.1908,419.0969,3722.4148,392.6535,124.4446,5291.8006
FY2015-16,2016,SOCIETE GENERALE,5970.3642,1665.759,3549.7178,83.3326,359.9034,709.922,248.5488,3561.2108,1048.0586,402.624,5970.3642
FY2015-16,2016,SONALI BANK,96.3202,7.1775,21.4363,0.6081,4.4718,0.6148,12.9044,72.9775,,9.8235,96.3202
FY2015-16,2016,STANDARD CHARTERED BANK,129861.9144,33909.6587,66536.0424,1423.3713,20998.8082,7440.0742,17257.6649,75193.0663,10452.9104,19518.1986,129861.9144
FY2015-16,2016,SUMITOMO MITSUI BANKING CORPORATION,9060.2207,3323.9928,3947.8483,20.9874,483.5454,3488.9825,251.7779,4226.7558,662.55,430.1545,9060.2207
FY2015-16,2016,THE ROYAL BANK OF SCOTLAND N.V.,14679.773,8069.9711,3539.0603,37.5155,1284.7292,169.0151,2647.7394,7962.3084,1573.9244,2326.7857,14679.773
FY2015-16,2016,UNITED OVERSEAS BANK LTD,1564.9467,330.8076,1115.2194,2.7042,57.6451,752.5524,55.2421,401.4637,315.8738,39.8147,1564.9467
FY2015-16,2016,WESTPAC BANKING CORPORATION,3834.0106,1946.7593,647.5025,2.4511,355.0912,808.73,81.4648,1772.3235,851.9833,319.509,3834.0106
FY2015-16,2016,WOORI BANK,917.9072,234.4203,291.0451,3.998,15.5991,415.3261,49.9196,442.3503,,10.3112,917.9072
