financial_year,year,bank_name,cash_deposit_ratio,credit_deposit_ratio,investment_deposit_ratio,credit_plus_investment_deposit_ratio,deposits_to_total_liabilities,demand_savings_to_total_deposits,priority_sector_advances_to_total_advances,term_loans_to_total_advances,secured_advances_to_total_advances,non_approved_investments_to_total_investments,interest_income_to_total_assets,net_interest_income_to_total_assets,non_interest_income_to_total_assets,intermediation_cost_to_total_assets,wage_bills_to_intermediation_cost,wage_bills_to_total_expense,wage_bills_to_total_income,burden_to_total_assets,burden_to_interest_income,operating_profit_to_total_assets,return_on_assets,return_on_equity,cost_of_deposits,cost_of_borrowings,cost_of_funds,return_on_advances,return_on_investments,return_on_advances_adjusted_cost_of_funds,return_on_investments_adjusted_cost_of_funds,business_per_employee_lakh,profit_per_employee_lakh,capital_adequacy_ratio,capital_adequacy_tier1,capital_adequacy_tier2,net_npa_to_net_advances
FY2024-25,2025,BANK OF BARODA,3.808911,82.169108,26.18134,108.350447,82.640677,37.816087,26.668555,61.089348,75.720363,14.850728,7.213545,2.712092,0.98884,1.774338,55.597158,15.718841,12.026767,0.785499,10.88922,1.926593,1.16,15.71841,4.833835,7.27674,5.009964,8.179076,6.871883,3.169112,1.861919,3433.0,26.0,17.19,14.79,2.4,0.58
FY2024-25,2025,BANK OF INDIA,6.335309,79.562037,31.73284,111.294877,78.319166,34.837855,30.719409,53.94171,77.580007,14.053225,7.244991,2.495315,0.919979,1.73646,60.673478,16.243429,12.903549,0.816481,11.269597,1.678834,0.9,12.501882,4.859041,8.464069,5.278676,8.252782,7.07653,2.974105,1.797853,2821.0,18.15,17.77,15.47,2.3,0.82
FY2024-25,2025,BANK OF MAHARASHTRA,12.369822,76.864555,26.699256,103.563811,83.204424,53.283738,38.330711,75.493878,83.787129,8.72328,7.377847,3.449923,1.021522,1.715477,59.341532,18.0386,12.119846,0.693956,9.405938,2.755968,1.75,22.921194,4.255157,6.251379,4.358565,8.84275,7.133973,4.484185,2.775408,3744.0,37.83,20.53,16.86,3.67,0.18
FY2024-25,2025,CANARA BANK,6.177473,72.013668,26.10665,98.120319,86.572393,28.488927,41.133395,56.127607,78.458169,8.122759,7.545075,2.33569,1.414621,1.772592,63.466882,16.113041,12.556328,0.357971,4.744428,1.977719,1.09,18.224505,5.467871,9.471314,5.670009,8.864168,6.667294,3.194159,0.997285,2930.0,21.0,16.33,14.37,1.96,0.7
FY2024-25,2025,CENTRAL BANK OF INDIA,5.556399,68.432718,34.270954,102.703673,86.135027,48.971073,45.608611,50.101015,81.554846,20.877007,7.272807,3.002134,1.264762,2.511807,62.083633,22.991902,18.265401,1.247045,17.146685,1.755089,0.86,11.027049,4.635381,6.186584,4.71191,8.496754,7.07348,3.784843,2.361569,2131.0,12.0,17.02,14.73,2.29,0.55
FY2024-25,2025,INDIAN BANK,4.33392,77.469773,30.563933,108.033706,84.399424,38.371043,38.531189,47.761223,87.635477,12.755142,7.443103,3.022319,1.107241,1.848904,64.174831,18.924881,13.876996,0.741663,9.964433,2.280656,1.32,17.100171,4.869929,6.571235,4.943746,8.261148,6.995605,3.317402,2.051859,3242.0,27.0,17.94,15.85,2.09,0.19
FY2024-25,2025,INDIAN OVERSEAS BANK,5.807404,78.719015,35.598274,114.317288,78.968867,43.650047,46.255808,58.074762,88.707239,8.536186,7.53124,2.915528,1.484527,2.074099,60.232826,18.674498,13.856709,0.589572,7.828356,2.325956,0.92,11.026877,5.020871,6.148358,5.142985,8.796369,6.68121,3.653385,1.538225,2680.0,16.0,19.74,17.13,2.61,0.37
FY2024-25,2025,PUNJAB AND SIND BANK,6.776241,74.976409,36.149229,111.125639,80.198923,31.431513,36.216285,68.181468,90.42633,29.428015,7.419936,2.445238,1.013114,2.117407,63.743493,19.031152,16.004996,1.104293,14.882784,1.340945,0.67,7.032847,5.680907,5.164062,5.6355,9.062327,6.682957,3.426827,1.047457,2571.0,11.0,17.4,15.59,1.81,0.96
FY2024-25,2025,PUNJAB NATIONAL BANK,4.104663,68.776877,31.74415,100.521028,86.164806,36.610137,27.267869,57.859339,77.608,15.620613,7.204765,2.531485,0.96505,1.908924,66.203174,19.199776,15.468752,0.943874,13.100694,1.587611,0.97,14.223645,5.049575,7.216213,5.144274,8.559146,6.691274,3.414872,1.547,2686.0,17.0,17.01,14.05,2.96,0.4
FY2024-25,2025,STATE BANK OF INDIA,4.221655,77.353502,31.410502,108.764004,80.619332,38.718027,21.793906,65.841583,71.031562,21.525016,7.19506,2.597517,0.959618,1.836829,54.503919,15.559307,12.276923,0.87721,12.19184,1.720307,1.1,17.326461,4.995554,6.5964,5.157761,8.405112,6.843209,3.247351,1.685448,3737.0,29.91,14.25,12.11,2.14,0.47
FY2024-25,2025,UCO BANK,3.528936,73.289154,32.115484,105.404638,80.981379,35.826174,37.06249,62.348437,79.249261,29.491455,7.3063,2.806899,1.28441,2.331603,68.168859,23.267838,18.501695,1.047193,14.332735,1.759706,0.76,8.378751,4.695046,8.770357,5.055529,8.619824,6.781544,3.564295,1.726015,2435.0,11.59,18.49,16.37,2.12,0.49
FY2024-25,2025,UNION BANK OF INDIA,6.833634,72.801198,27.057189,99.858387,87.325035,32.550152,33.180082,48.779053,83.727015,20.121665,7.45041,2.573726,1.370276,1.793791,56.55202,15.207691,11.500525,0.423515,5.684455,2.150211,1.26,17.135171,5.23257,15.792382,5.454298,8.668242,6.697876,3.213944,1.243578,2802.0,24.0,18.02,16.24,1.78,0.63
FY2024-25,2025,AXIS BANK LIMITED,6.278043,88.734347,33.77306,122.507408,72.857336,40.767909,36.947996,67.294959,72.842304,26.1274,7.947621,3.520919,1.636276,2.429431,32.514151,11.521199,8.242041,0.793154,9.97977,2.727764,1.74,15.945914,4.809229,7.57434,5.210896,9.691535,6.301859,4.480639,1.090963,2087.59,25.45,17.07,15.07,2.0,0.35
FY2024-25,2025,BANDHAN BANK LIMITED,4.944994,87.285984,26.923882,114.209866,78.971919,31.371024,39.145301,84.367113,52.085875,7.160287,11.885818,6.222597,1.606529,3.827864,61.695951,24.882691,17.503533,2.221335,18.688957,4.001262,1.5,11.955677,6.656953,6.720505,6.662522,15.302742,6.233922,8.640219,-0.4286,335.45,3.53,18.71,17.86,0.85,1.28
FY2024-25,2025,CITY UNION BANK LIMITED,6.099198,81.984215,27.28986,109.274075,81.83886,28.522015,59.021009,34.010473,99.581134,0.868741,7.859991,3.119876,1.209927,2.068251,47.747747,14.504846,10.888114,0.858324,10.920165,2.261552,1.55,12.576933,5.499812,6.989696,5.581276,9.573383,6.505082,3.992108,0.923806,1532.0,15.0,23.75,22.7,1.05,1.25
FY2024-25,2025,CSB BANK LIMITED,8.646648,85.474163,30.897661,116.371824,77.057611,24.194554,53.424686,69.53,92.789977,4.5102,8.575629,3.519216,2.317383,3.666589,49.041396,20.613851,16.50734,1.349206,15.733027,2.17001,1.49,14.306003,5.668198,6.408236,5.741353,10.496072,6.565037,4.754719,0.823684,838.0,7.8,22.46,20.59,1.87,0.52
FY2024-25,2025,DCB BANK LIMITED,4.176991,85.034321,33.565853,118.600174,78.15535,24.521751,51.747743,86.540718,94.662396,20.903365,9.253823,3.01268,1.073336,2.602964,50.715842,14.926495,12.782947,1.529629,16.529695,1.483052,0.89,11.435376,7.014385,6.882589,6.99818,11.088786,7.207536,4.090606,0.209355,896.61,5.31,16.77,14.3,2.47,1.12
FY2024-25,2025,DHANLAXMI BANK LIMITED,6.19726,74.684025,24.698935,99.382959,89.276397,29.018954,55.8409,90.040662,96.259774,8.39009,7.787156,2.851339,0.998307,3.28854,56.269373,22.499523,21.062533,2.290233,29.410395,0.561106,0.41,5.49609,5.39459,7.698899,5.431922,9.635739,5.729571,4.203817,0.297649,1607.0,3.8,16.12,15.24,0.88,0.99
FY2024-25,2025,FEDERAL BANK LTD,7.175963,82.79164,23.354908,106.146548,81.273229,30.452527,30.844031,55.800201,87.977785,15.358548,8.022086,2.880802,1.156596,2.181022,43.083575,12.832875,10.237443,1.024426,12.770072,1.856376,1.23,12.962922,5.748502,7.118363,5.847467,9.461838,7.146553,3.614371,1.299086,3274.0,26.0,16.4,15.04,1.36,0.44
FY2024-25,2025,HDFC BANK LTD.,5.317502,96.496638,30.80838,127.305018,69.426516,34.794086,33.539318,71.592326,78.903138,8.504659,7.98417,3.259112,1.212363,1.811278,35.057676,9.7148,6.904688,0.598914,7.501272,2.660198,1.91,14.303806,4.917876,8.689701,5.641829,9.342573,6.930149,3.700744,1.28832,2362.0,32.0,19.55,17.69,1.86,0.43
FY2024-25,2025,ICICI BANK LIMITED,7.447342,83.321502,31.344575,114.666077,76.022927,41.837497,34.507533,60.850016,72.607782,20.814869,8.184152,4.068643,1.428995,2.124057,39.036986,13.28887,8.625351,0.695061,8.492772,3.373582,2.41,17.805528,4.671661,9.241755,5.01879,10.007608,6.823268,4.988818,1.804478,2006.3,35.34,16.55,15.94,0.61,0.42
FY2024-25,2025,IDBI BANK LIMITED,6.862583,70.38469,37.856905,108.241595,75.375932,46.562085,29.260584,73.995649,83.651886,15.536058,7.456285,3.773405,1.270314,2.185607,47.801715,17.802845,11.972107,0.915293,12.275461,2.858111,1.98,13.647472,4.337342,8.25026,4.568799,9.447432,7.103974,4.878633,2.535175,2565.0,38.0,25.05,23.51,1.54,0.15
FY2024-25,2025,IDFC FIRST BANK LIMITED,5.563439,92.481027,32.021678,124.502705,73.31343,46.907306,30.656114,80.936175,58.006284,10.092235,11.407895,6.029364,2.194513,5.906498,30.212976,15.81324,13.119211,3.711984,32.538731,2.317379,0.47,4.341869,6.185736,7.14025,6.343916,14.418595,6.842345,8.074679,0.49843,1031.0,4.0,15.48,13.17,2.31,0.53
FY2024-25,2025,INDUSIND BANK LTD,12.379486,83.930181,27.852808,111.782989,74.199362,32.841716,30.405936,69.775305,69.878949,9.742507,9.105665,3.560737,1.437704,3.006801,26.763379,9.410046,7.632491,1.569097,17.232101,1.99164,0.5,4.152568,6.416826,8.096572,6.606512,11.503757,6.934135,4.897246,0.327623,1661.0,6.0,16.24,15.1,1.14,0.95
FY2024-25,2025,JAMMU & KASHMIR BANK LTD,4.97106,70.134683,27.739656,97.874339,87.667908,47.010615,34.515237,69.527398,68.703985,22.152629,7.738305,3.576487,0.701747,2.469692,69.494475,25.880971,20.335173,1.767945,22.846669,1.808542,1.32,15.724041,4.544251,11.544423,4.67202,9.520034,7.00592,4.848014,2.3339,2018.0,17.0,16.29,13.95,2.34,0.79
FY2024-25,2025,KARNATAKA BANK LTD,7.180532,73.030552,23.41103,96.441581,86.645122,31.75441,37.509203,68.746525,87.170786,5.658084,7.604929,2.793025,1.071109,2.322631,55.883631,18.192786,14.960407,1.251522,16.456721,1.541503,1.05,11.095995,5.460083,5.262212,5.454085,9.468932,6.004367,4.014847,0.550282,2088.76,14.54,19.85,18.35,1.5,1.31
FY2024-25,2025,KARUR VYSYA BANK LTD,7.204479,82.294465,23.346124,105.64059,85.51579,27.2652,41.593749,44.223734,97.859122,6.613313,8.609564,3.789619,1.627566,2.559504,50.369832,17.470381,12.593548,0.931938,10.824453,2.857681,1.72,17.675654,5.478421,9.796149,5.560292,10.157356,7.027503,4.597064,1.46721,1891.0,19.68,18.17,17.12,1.05,0.2
FY2024-25,2025,KOTAK MAHINDRA BANK LTD.,8.355629,85.543494,36.450371,121.993865,71.948924,42.964371,45.631536,65.546157,79.143903,27.317611,8.179366,4.380555,2.312419,2.902119,42.171716,18.264232,11.665065,0.5897,7.209607,3.790855,2.65,15.389361,4.771224,5.10901,4.796541,10.148681,6.420715,5.35214,1.624174,1089.0,21.0,22.25,21.1,1.15,0.31
FY2024-25,2025,NAINITAL BANK LTD,5.834703,56.492726,22.491848,78.984574,88.198649,41.474485,41.953338,45.492676,98.0645,5.346925,7.61132,3.330146,0.443984,2.820313,62.768875,24.92828,21.976557,2.376329,31.220977,0.953817,0.61,5.971979,4.834718,,4.836607,9.325624,7.122166,4.489018,2.285559,1081.46,4.26,16.76,15.84,0.92,0.56
FY2024-25,2025,RBL BANK LTD,9.883187,83.482351,28.992,112.474351,75.612993,34.148703,24.150121,49.971432,65.120832,3.60791,9.846531,4.532947,2.669524,4.658766,26.11159,12.198508,9.719339,1.989241,20.20246,2.543706,0.498,4.574293,6.134095,7.157818,6.252022,12.711698,6.955818,6.459676,0.703796,1338.0,5.0,15.55,14.06,1.49,0.29
FY2024-25,2025,SOUTH INDIAN BANK LTD,4.74092,79.68527,20.25302,99.93829,86.25847,31.369013,35.423531,37.965259,77.815466,7.576501,7.777413,2.879888,1.498281,2.502593,54.562772,18.452195,14.7211,1.004312,12.913188,1.875576,1.06,13.770056,5.428658,5.908475,5.446762,9.196228,6.959163,3.749466,1.512401,2115.0,14.15,19.31,17.98,1.33,0.92
FY2024-25,2025,TAMILNAD MERCANTILE BANK LTD,4.936535,81.923117,28.126449,110.049567,80.796184,26.435554,77.623554,26.493628,99.685261,21.422919,8.267454,3.595133,1.32886,2.196324,51.671902,16.522654,11.826234,0.867464,10.49252,2.727669,1.88,13.970638,5.614575,10.338523,5.695605,10.144073,6.701628,4.448468,1.006023,2059.300619,24.933737,32.71,31.24,1.47,0.36
FY2024-25,2025,YES BANK LTD.,5.363369,86.526089,29.91106,116.437148,67.19654,34.260629,40.881167,57.560809,77.355856,11.422281,7.454299,2.158085,1.413139,2.544834,38.004224,12.334376,10.906694,1.131695,15.181772,1.02639,0.6,5.407819,5.753374,8.0544,6.249794,9.831375,6.495383,3.58158,0.245588,1839.9,8.5,15.6462,13.5195,2.13,0.33
FY2024-25,2025,AB BANK PLC,6.017776,29.580432,53.327488,82.90792,52.247782,98.061205,92.758795,0.029811,100.0,,5.160332,5.080315,7.266037,4.696417,10.976591,10.792705,4.148489,-2.56962,-49.795623,7.649934,5.1,9.888171,0.141033,,0.155264,7.990472,7.782306,7.835209,7.627043,304.58,73.68,87.97,87.21,0.76,
FY2024-25,2025,AMERICAN EXPRESS BANKING CORP.,7.173855,120.109506,90.363482,210.472989,42.124299,,,,1.581061,,6.579811,3.96895,16.752299,19.509745,18.515122,16.32981,15.481896,2.757446,41.907682,1.211503,0.12,0.729806,6.344863,0.167496,4.058919,8.171872,6.624251,4.112953,2.565332,709.29,0.93,17.2,13.05,4.15,0.61
FY2024-25,2025,AUSTRALIA AND NEW ZEALAND BANKING GROUP LIMITED,17.047399,53.885276,284.174026,338.059303,21.252546,16.606192,2.000614,51.31372,26.329035,,5.723249,1.532184,0.536399,0.597649,44.81428,5.592984,4.278706,0.06125,1.070194,1.470935,0.87,7.760142,5.671106,6.314216,6.086909,7.946449,6.974751,1.85954,0.887842,15051.0,341.0,17.91,15.81,2.1,
FY2024-25,2025,"BANK OF AMERICA , NATIONAL ASSOCIATION",7.131952,51.650518,118.869192,170.51971,48.681951,43.179432,18.687065,13.578394,15.395922,11.263565,5.678299,3.335476,1.035616,0.903895,40.647264,11.31631,5.472347,-0.131721,-2.319719,3.467196,2.39,11.943422,3.522611,2.571876,3.258212,6.740374,6.108418,3.482163,2.850207,20123.55874,517.17135,19.14,17.12,2.02,
FY2024-25,2025,BANK OF BAHRAIN & KUWAIT B.S.C.,4.468341,74.563806,31.6448,106.208607,78.591312,18.876116,31.9101,34.47829,76.799383,,6.768781,2.199248,0.60195,1.914599,43.2378,12.767023,11.231323,1.312649,19.392702,0.886599,0.01,0.074063,5.684082,13.406395,5.713181,8.306606,6.247124,2.593425,0.533943,3764.0,,29.5,28.56,0.94,
FY2024-25,2025,BANK OF CEYLON,4.434304,171.100802,31.773224,202.874026,43.204436,21.857682,67.361401,17.660876,99.116911,,7.8317,4.806293,0.685139,2.461916,40.942928,18.369262,11.83515,1.776777,22.686996,3.029516,1.55,3.626647,6.584229,0.462732,6.218424,8.542,11.286598,2.323576,5.068174,2267.0,33.0,27.47,26.22,1.25,1.96
FY2024-25,2025,BANK OF CHINA LIMITED,87.261179,587.103932,582.67959,1169.783522,6.868184,32.417572,30.927829,,87.628869,,6.938648,6.742525,3.716925,9.454027,60.538901,59.308552,53.712399,5.737102,82.683279,1.005424,0.64,1.044109,1.529403,,3.536714,8.899861,7.73262,5.363146,4.195906,554.87,8.44,125.15,124.54,0.61,
FY2024-25,2025,BANK OF NOVA SCOTIA,2284.413716,10.967256,6069.926898,6080.894154,0.962313,17.32478,,100.0,,,6.097154,6.041385,1.505361,3.449219,54.6848,53.814692,24.810192,1.943858,31.881397,4.097527,2.03,2.111387,4.430661,,4.430661,2.632887,5.196757,-1.797774,0.766097,54.0,102.04,477.89,467.41,10.48,
FY2024-25,2025,BARCLAYS BANK PLC,4.070851,52.961627,222.829136,275.790763,27.819492,9.376598,3.010186,40.809385,12.307092,29.48947,5.744661,2.886097,1.118024,1.200531,49.344691,14.594346,8.632164,0.082507,1.436234,2.803591,1.68,7.654387,5.329042,7.672217,6.033502,8.461922,6.780018,2.42842,0.746516,10355.63,354.31,19.16,17.61,1.55,
FY2024-25,2025,BNP PARIBAS,17.084451,57.904841,184.679358,242.584199,28.788101,24.533904,8.947651,19.528182,12.531078,5.962604,5.570548,2.232257,0.29702,1.060801,30.066229,7.250197,5.435689,0.76378,13.711045,1.468477,1.01,4.804679,4.598033,6.300921,5.453197,8.015699,6.87177,2.562501,1.418573,11874.78,193.66,16.6221,14.0591,2.563,
FY2024-25,2025,CITIBANK N.A,14.149866,36.164966,66.142394,102.307361,73.853702,44.202507,29.569502,16.605278,46.238241,18.452877,6.413497,4.424062,1.951708,2.273771,17.919464,9.557303,4.870742,0.322063,5.02165,4.101999,2.29,14.21534,2.48239,7.347579,2.618815,7.26666,6.536622,4.647845,3.917807,15080.59,361.76,20.38,17.9,2.48,
FY2024-25,2025,COOPERATIEVE RABOBANK U.A.,,,,,,,,,,,5.85751,5.85751,0.089417,1.990983,36.202353,36.202353,12.120255,1.901566,32.463726,3.955944,1.68,1.757323,,,,,12.312952,,,,160.4,187.44,187.44,,
FY2024-25,2025,CREDIT AGRICOLE CORPORATE AND INVESTMENT BANK,9.734376,87.2075,173.717785,260.925285,24.936348,16.965541,18.820402,39.09095,15.565696,,5.223345,2.16523,0.09831,0.913617,40.703827,9.363093,6.987994,0.815307,15.608897,1.349924,0.84,4.201013,6.099766,5.2911,5.779475,7.490715,6.769194,1.71124,0.989718,13212.57,192.86222,20.34,18.81,1.53,
FY2024-25,2025,"CTBC BANK CO., LTD.",19.540715,77.752375,42.623209,120.375584,68.410454,13.245299,35.71443,31.193021,40.979456,23.202983,7.031202,2.978464,0.737531,2.184811,62.945645,22.047815,17.702283,1.447279,20.583668,1.531185,0.8,3.217083,5.133632,10.034418,5.552435,8.347468,7.408381,2.795032,1.855945,5707.2,32.55,24.07,23.19,0.88,
FY2024-25,2025,DBS BANK INDIA LIMITED,4.928355,64.782717,67.418938,132.201655,59.530612,25.265081,29.789275,39.580366,53.00171,16.377958,6.875011,2.306317,1.506521,2.85282,45.268737,17.401242,15.40811,1.346299,19.582501,0.960018,0.53,5.252073,5.778322,5.444727,5.69501,9.640214,6.61275,3.945204,0.917741,1885.31,9.3243,16.81,13.55,3.26,0.28
FY2024-25,2025,DEUTSCHE BANK AG,17.957889,72.350067,67.66167,140.011737,55.702901,46.32886,23.25213,41.646963,56.953666,6.97928,6.628918,3.975949,1.316079,2.03643,23.283784,10.111274,5.968006,0.720351,10.866795,3.255599,2.12,10.782343,3.34886,6.160301,3.906202,8.98086,6.539315,5.074658,2.633112,8754.71,170.75,17.69,16.49,1.2,0.28
FY2024-25,2025,DOHA BANK Q.P.S.C.,4.32008,82.563464,35.785167,118.348631,64.501906,22.861849,24.118234,53.549234,84.057601,13.462581,6.964872,2.869785,0.760567,2.475173,40.820757,15.378148,13.078664,1.714605,24.617903,1.15518,0.89,3.40334,5.732293,5.99464,5.75319,8.322965,7.364781,2.569774,1.61159,3207.12,22.79,41.43,40.35,1.08,0.51
FY2024-25,2025,EMIRATES NBD BANK (P.J.S.C.),11.085011,84.15856,43.844286,128.002846,62.654361,4.853119,18.025896,27.050901,47.698062,14.659348,6.206672,1.93778,0.996197,1.526769,48.034743,12.653944,10.181773,0.530572,8.548418,1.407208,0.91,3.523283,5.912213,4.911267,5.717585,6.985094,7.184203,1.267508,1.466618,9518.49,55.42,30.02,29.52,0.5,
FY2024-25,2025,FIRST ABU DHABI BANK PJSC,51.515478,151.602991,329.102045,480.705036,15.663565,4.613276,2.11843,18.38516,10.831949,,5.345207,1.84935,0.576732,1.181279,45.098306,11.390232,8.995982,0.604546,11.31006,1.244804,0.6,1.985154,4.589445,6.820508,6.362076,9.220519,5.741683,2.858443,-0.620394,6402.32,87.82,26.03,24.55,1.48,
FY2024-25,2025,FIRSTRAND BANK LTD,,,,,,,,,,,5.697821,5.697821,3.471498,7.346649,68.5207,68.5207,54.900212,3.875151,68.01111,1.82267,1.68,1.792887,,,,,,,,,56.82,304.26,304.26,,
FY2024-25,2025,INDUSTRIAL AND COMMERCIAL BANK OF CHINA,14.645086,42.333667,104.114891,146.448557,59.471691,13.940075,28.418654,21.173028,87.260831,9.166888,6.438192,2.455233,0.594943,1.064422,60.286874,12.713658,9.124049,0.469479,7.292094,1.985754,1.16,7.046224,5.356191,3.628231,4.816276,4.25963,7.503313,-0.556646,2.687038,9792.0,125.0,26.79,24.29,2.5,
FY2024-25,2025,INDUSTRIAL BANK OF KOREA,11.735012,213.82729,24.030759,237.858049,24.004557,82.308112,29.878574,54.807723,63.271167,,6.359959,5.137811,0.541191,2.200694,50.857145,32.698266,16.217735,1.659503,26.092986,3.478307,2.1,2.989019,4.047799,,4.047799,8.006025,7.786294,3.958226,3.738495,2935.67,68.04,96.44,95.69,0.75,
FY2024-25,2025,JPMORGAN CHASE BANK NATIONAL ASSOCIATION,11.860694,19.05635,129.368206,148.424556,43.477625,53.918675,9.630988,19.470058,18.220688,8.399467,5.215008,3.252279,1.48311,0.700971,39.133799,10.298333,4.095428,-0.782139,-14.997857,4.034419,2.93,16.808368,2.894009,2.279241,2.691143,7.73011,6.300305,5.038967,3.609161,19695.43,762.75,20.01,17.37,2.64,
FY2024-25,2025,JSC VTB BANK,116.975498,,15.047643,15.047643,72.904706,100.0,,,,,5.30848,5.30848,4.1267,1.875772,46.756173,46.756173,9.295417,-2.250928,-42.402492,7.559408,5.28,24.169859,,,,,6.440285,,6.440285,7660.66,381.52,193.76,193.76,,
FY2024-25,2025,KEB HANA BANK,28.013097,77.152117,10.478173,87.63029,68.465467,11.220635,17.42737,25.118817,34.316216,,6.696123,2.630645,0.753538,1.060853,53.08526,10.985568,7.559493,0.307315,4.589448,2.32333,1.99,7.407192,5.846611,4.557716,5.724334,7.063395,6.857885,1.33906,1.133551,15397.0,223.0,30.95,30.43,0.52,
FY2024-25,2025,KOOKMIN BANK,9.056428,75.436478,105.483545,180.920023,50.035795,1.444156,34.35763,71.346686,47.815699,4.45034,7.051013,1.288253,0.391101,1.560677,59.628513,12.707262,12.504624,1.169576,16.587343,0.118677,-0.02,-0.142767,7.198618,5.870445,6.579305,8.226147,6.951072,1.646842,0.371768,5648.0,-0.95,29.41,28.85,0.56,
FY2024-25,2025,MASHREQ BANK PSC,12.093825,620.18563,94.313986,714.499616,13.124218,41.219342,19.712336,27.380259,12.990834,,7.018179,5.001472,0.726011,2.728313,61.644211,35.444475,21.717538,2.002303,28.530231,2.99917,1.97,3.189845,4.171293,5.069159,4.776636,6.33567,7.979106,1.559033,3.202469,5613.37,83.38,36.71,36.14,0.57,
FY2024-25,2025,MIZUHO BANK LTD,14.087226,72.300906,76.752726,149.053631,57.000121,16.984574,4.481714,51.832779,35.913495,7.715013,7.579168,2.762326,1.262848,1.155376,44.541878,8.617005,5.820237,-0.107472,-1.417993,2.869799,1.57,6.737101,6.97726,6.777275,6.945087,8.992906,8.00372,2.047819,1.058633,15936.0,234.0,21.95,20.71,1.24,
FY2024-25,2025,"MUFG BANK, LTD.",14.220347,94.654208,47.572652,142.226859,49.304374,28.170533,10.490341,51.295853,27.615633,14.135659,6.455717,3.090656,1.939567,1.864469,33.969249,12.110955,7.544069,-0.075099,-1.163288,3.165754,1.68,6.652969,5.734106,15.186386,6.210321,7.641178,9.121507,1.430857,2.911186,13495.14,222.48,16.5097,15.8482,0.66,
FY2024-25,2025,NATWEST MARKETS PLC,,,,,,,,,,43.699466,5.676212,2.080388,0.080885,-1.55527,140.380134,-106.995,-37.923467,-1.636155,-28.824767,3.716543,1.31,2.563692,,8.81109,8.81109,,5.942708,,-2.868381,,324.3,378.4,371.04,7.36,
FY2024-25,2025,NONGHYUP BANK,51.950987,1026.052819,,1026.052819,3.92302,17.469665,,21.73913,21.73913,,6.790664,6.662616,0.046717,6.611588,44.17748,43.338143,42.71859,6.564871,96.674943,0.097746,-0.17,-0.174495,6.27459,,6.27459,8.46374,,2.18915,,947.0,-4.0,82.86,82.69,0.17,
FY2024-25,2025,PT BANK MAYBANK INDONESIA TBK,15.3739,233.133371,103.681712,336.815083,26.773895,44.109998,21.011634,27.249441,55.425744,,7.945951,6.028031,4.88639,6.10583,62.35116,47.447338,29.667665,1.21944,15.346685,4.808591,3.64,5.901462,4.288009,10.823177,6.273632,8.906189,6.625922,2.632556,0.35229,1442.2,57.23,74.87,74.03,0.84,
FY2024-25,2025,QATAR NATIONAL BANK (Q.P.S.C),7.109879,86.54217,31.102196,117.644365,74.980806,1.420209,7.970365,33.365793,74.119612,,7.945675,2.322641,0.925457,2.300986,50.873701,14.772764,13.195573,1.375529,17.311667,0.947112,0.61,2.634917,7.623699,20.548397,7.707424,8.668494,7.951117,0.96107,0.243693,11371.96,45.9,37.79,37.31,0.48,
FY2024-25,2025,SBERBANK,6.410579,1.060823,22.216867,23.277689,60.760855,99.618588,18.796918,100.0,100.0,0.085123,4.108582,4.106464,3.460732,1.719277,64.943097,64.863195,14.751032,-1.741455,-42.385784,5.847919,4.48,10.168347,0.002997,0.029445,0.003777,7.445528,5.67547,7.441751,5.671693,2214.25997,86.99423,165.54,165.29,0.25,
FY2024-25,2025,SBM BANK (INDIA) LIMITED,27.750167,60.440942,28.725344,89.166287,80.342934,20.223221,26.308209,70.169975,94.974353,7.043288,7.996418,2.113031,1.896886,4.685292,37.854696,16.781691,17.927308,2.788406,34.870692,-0.675376,-0.98,-10.989215,5.896033,16.090265,6.746,11.056276,6.205178,4.310275,-0.540823,1736.0,-13.0,15.52,11.64,3.88,0.99
FY2024-25,2025,SHINHAN BANK,10.512962,79.60939,23.492188,103.101578,84.437423,7.837129,15.207082,52.342899,77.922723,,6.959001,1.924464,0.547846,1.291525,56.700752,11.575988,9.75515,0.743679,10.686578,1.180785,0.72,5.840968,5.855902,5.759428,5.853121,7.858791,6.453551,2.005671,0.60043,6209.96,25.81,16.94,15.97,0.97,0.15
FY2024-25,2025,SOCIETE GENERALE,24.984958,40.154375,290.084239,330.238614,20.634958,13.061086,,0.66676,8.526359,5.389486,4.877967,2.937674,0.194111,1.892715,34.663668,17.116701,12.935221,1.698604,34.821974,1.23907,1.06,3.103661,4.854762,16.763928,7.84481,9.028047,6.14323,1.183237,-1.70158,4374.0,154.0,26.01,24.63,1.38,
FY2024-25,2025,SONALI BANK PLC,3.465263,5.164188,31.236372,36.40056,30.468358,86.334215,67.813029,18.484641,100.0,,4.915424,4.422064,0.795892,3.639983,45.774093,40.310452,29.173126,2.844092,57.860554,1.577973,0.86,1.382053,1.075254,,1.36652,6.879565,7.061685,5.513045,5.695165,393.61,8.8,167.67,167.29,0.38,12.36
FY2024-25,2025,STANDARD CHARTERED BANK,7.110188,58.232002,76.036506,134.268508,56.350489,55.284305,36.756362,53.819242,55.867879,16.052937,6.826135,3.82988,1.21259,3.566904,23.28303,12.653713,10.331033,2.354314,34.48971,1.475566,0.747,4.704663,3.897042,8.123494,4.452129,9.949983,6.75062,5.497853,2.298491,3904.2413,32.13757,15.16,13.93,1.23,0.336
FY2024-25,2025,SUMITOMO MITSUI BANKING CORPORATION,21.078188,74.987601,41.364718,116.352319,62.422011,8.650215,1.619565,56.273976,18.841566,35.420898,7.168895,2.61687,0.812672,0.983076,56.163977,9.975149,6.917622,0.170404,2.37699,2.446466,1.34,5.550202,6.561805,9.117936,6.759213,8.626478,8.134697,1.867265,1.375484,13272.29,165.64,23.29,22.32,0.97,
FY2024-25,2025,THE HONGKONG AND SHANGHAI BANKING CORPORATION LIMITED,8.118686,61.903101,71.754436,133.657537,58.947967,43.84604,18.161668,58.376806,66.432266,19.575001,6.930177,3.803833,1.242382,1.931373,27.317997,10.431831,6.455904,0.688992,9.941906,3.114841,1.83,13.74037,3.824468,4.417307,3.947,8.518959,6.802486,4.571959,2.855486,8372.31,144.47,16.34,14.96,1.38,
FY2024-25,2025,UBS AG,11.727609,63.909736,180.628123,244.537859,31.502525,27.644598,0.765799,58.838917,100.0,,5.007166,4.00574,0.335368,0.727213,53.632803,22.562539,7.300373,0.391845,7.825688,3.613895,2.74,3.304615,3.287653,,3.29204,7.754927,4.506048,4.462887,1.214008,7582.77396,392.03632,178.76,175.4,3.36,
FY2024-25,2025,UNITED OVERSEAS BANK LTD,35.601169,438.215028,278.408534,716.623561,11.104846,0.819453,45.996122,,34.819768,,5.481039,3.870085,0.629106,2.194664,53.965197,31.121217,19.383414,1.565558,28.563163,2.304527,1.78,2.592444,3.9258,3.610781,3.850092,5.726075,6.290173,1.875982,2.440081,3371.79,103.84,167.78,165.4,2.38,
FY2024-25,2025,WOORI BANK,8.997559,81.056925,47.158174,128.2151,70.627449,8.128262,13.736291,24.070402,35.793749,,7.265339,1.57879,0.550274,1.416891,48.987281,9.771273,8.880898,0.866618,11.928112,0.712172,-0.04,-0.262163,8.941183,1.349687,7.044291,9.759881,5.984172,2.71559,-1.060119,6105.0,-2.0,37.75,35.71,2.04,
FY2024-25,2025,AU SMALL FINANCE BANK LIMITED,6.924216,86.178273,30.456238,116.634511,78.727878,29.173082,60.753675,79.0496,87.762522,23.668112,12.020541,5.995092,1.890447,4.457803,52.83946,22.468973,16.932508,2.567357,21.358078,3.427735,1.53,14.169009,6.827808,9.725351,7.04506,14.832694,6.888721,7.787634,-0.156339,402.15,4.39,20.06,18.14,1.92,0.74
FY2024-25,2025,CAPITAL SMALL FINANCE BANK LIMITED,7.808164,85.194429,21.8616,107.056029,82.340728,36.94131,57.50109,61.790476,99.899618,0.231196,9.364589,4.228164,0.88671,3.203527,47.804572,18.362603,14.93891,2.316817,24.740191,1.911347,1.35,10.375917,5.855764,9.00309,6.006145,10.918281,6.968456,4.912136,0.96231,768.78,9.44,25.39,21.71,3.68,1.3
FY2024-25,2025,EQUITAS SMALL FINANCE BANK LIMITED,11.492652,83.998243,21.548113,105.546356,81.586455,28.789528,73.360697,92.094868,87.662874,9.078317,12.862761,6.626511,1.857538,5.764925,57.302988,27.526258,22.441626,3.907388,30.377518,2.719124,0.3,2.442441,7.295672,8.649002,7.359538,16.564107,7.054468,9.204569,-0.305071,302.89,0.62,20.6,17.84,2.76,0.98
FY2024-25,2025,ESAF SMALL FINANCE BANK LIMITED,5.805997,77.451157,25.756782,103.207939,85.643506,24.84398,64.873446,96.006929,51.892819,7.665779,14.501856,7.703082,1.753823,7.365067,33.651407,17.498422,15.246664,5.611244,38.693285,2.091837,-1.94,-23.533047,7.47519,8.561861,7.580468,18.779787,6.97005,11.199318,-0.610418,320.0,-4.0,21.84,17.58,4.26,2.99
FY2024-25,2025,JANA SMALL FINANCE BANK LIMITED,9.670608,93.254395,20.414235,113.66863,75.707341,17.978519,71.362275,88.548879,68.752052,11.217878,13.234703,6.724809,2.180199,5.458859,62.308196,28.418306,22.065121,3.27866,24.773205,3.446149,1.4867,13.031572,7.634535,7.566881,7.624429,16.983021,5.949335,9.358592,-1.675093,201.65141,2.1068,20.6796,19.752,0.9276,0.94
FY2024-25,2025,NORTH EAST SMALL FINANCE BANK LIMITED,10.184543,120.116129,32.176026,152.292155,55.853069,24.62134,15.176464,22.366824,15.868036,,13.603821,6.937493,6.464992,15.994497,53.901167,38.044602,42.9583,9.529505,70.050213,-2.592012,-7.78,-70.612721,6.014814,13.484803,7.779219,19.297617,6.731596,11.518397,-1.047623,194.62,-8.27,20.3,15.68,4.62,4.67
FY2024-25,2025,SHIVALIK SMALL FINANCE BANK LIMITED,10.211307,92.834593,20.073282,112.907875,76.729291,22.422606,61.378343,60.167381,90.079727,,10.486706,4.67575,1.345059,5.435697,19.389642,9.371341,8.907904,4.090638,39.007849,0.585111,0.03,0.323149,6.349612,7.246969,6.468517,13.1457,6.656049,6.677182,0.187532,681.99,0.11,20.95,18.37,2.58,1.51
FY2024-25,2025,SURYODAY SMALL FINANCE BANK LIMITED,13.858187,94.278986,29.655952,123.934937,67.755538,20.905332,68.590295,93.707712,59.011578,10.697094,13.959306,7.903229,1.552233,6.674663,47.552138,24.931347,20.461831,5.12243,36.695447,2.780799,0.84,6.16094,7.320962,6.817445,7.210595,19.175664,6.92455,11.965069,-0.286045,254.51,1.42,25.83,24.45,1.38,4.58
FY2024-25,2025,UJJIVAN SMALL FINANCE BANK LIMITED,8.326681,83.416423,31.17151,114.587933,78.90785,25.561068,68.643867,90.568868,42.615739,23.111341,14.423541,8.253798,1.920745,6.340244,53.682954,27.207305,20.824589,4.419499,30.640874,3.834299,1.67,12.415309,7.23346,8.740847,7.33549,18.964912,7.497463,11.629422,0.161974,242.75,3.09,23.1,21.38,1.72,0.49
FY2024-25,2025,UNITY SMALL FINANCE BANK LIMITED,4.992563,91.91166,43.106081,135.017741,62.405626,14.734974,81.237218,82.510749,36.623239,35.222182,12.565051,7.209473,4.668229,7.455806,36.370938,21.166695,15.735522,2.787577,22.185161,4.421896,2.88,23.972353,8.52308,8.040802,8.468278,17.636216,8.17431,9.167939,-0.293968,467.37,9.82,28.75,16.19,12.56,1.54
FY2024-25,2025,UTKARSH SMALL FINANCE BANK LIMITED,12.233696,86.788172,22.98968,109.777851,76.671397,21.789952,72.257947,96.336185,45.045646,14.880893,14.472104,7.775742,2.30572,6.210887,52.334036,25.182809,19.37324,3.905168,26.984105,3.870574,0.09,0.796965,8.018238,8.136866,8.030131,19.024168,6.437414,10.994036,-1.592717,191.22,0.13,20.93,17.88,3.05,4.84
FY2024-25,2025,AIRTEL PAYMENTS BANK LIMITED,60.639844,,96.370136,96.370136,45.506952,100.0,,,,,4.139822,3.126837,40.232415,42.661851,9.155077,8.942736,8.802183,2.429436,58.684555,0.6974,1.2,10.901753,1.908719,6.331572,2.001671,,6.447558,,4.445887,200.83,3.68,37.95,37.95,,
FY2024-25,2025,FINO PAYMENTS BANK LIMITED,9.428708,0.008735,123.13525,123.143984,46.111904,100.0,,100.0,,0.003262,5.120768,2.482504,43.327588,42.968028,12.610666,11.881156,11.184187,-0.35956,-7.021601,2.842063,2.47,13.31391,2.384958,7.810388,4.102068,9.064205,7.338759,4.962137,3.236691,71.15,3.39,80.45,73.87,6.58,
FY2024-25,2025,INDIA POST PAYMENTS BANK LIMITED,5.766819,,85.482508,85.482508,84.45018,100.0,,,,,6.140804,4.135495,5.607189,8.274732,25.858704,20.814492,18.213651,2.667543,43.439638,1.467951,0.71,9.855952,1.788313,18.813715,2.301879,,6.737797,,4.435917,1094.19,7.57,49.24,48.85,0.39,
FY2024-25,2025,PAYTM PAYMENTS BANK LIMITED,42.92837,,286.158213,286.158213,22.332863,100.0,,,,2.184255,5.147206,4.797599,4.5601,13.094106,44.787343,43.622636,60.413283,8.534006,165.798814,-3.736408,-4.92,-34.85536,1.652307,,1.652307,,6.462898,,4.810591,54.15,-11.33,151.88,151.72,0.16,
FY2023-24,2024,BANK OF BARODA,4.107433,79.82568,27.698806,107.524486,84.193394,38.52537,27.319925,62.720265,77.681892,12.889208,7.397679,2.937994,0.952277,1.856002,55.982527,16.451681,12.443618,0.903725,12.216326,2.034269,1.17,16.905756,4.715688,8.173587,4.963877,8.481072,6.791099,3.517195,1.827223,3046.0,24.0,16.31,14.07,2.24,0.68
FY2023-24,2024,BANK OF INDIA,5.224992,76.315117,30.781711,107.096828,80.85929,37.177016,29.995378,54.679106,79.838722,11.95072,7.025937,2.667924,0.70536,1.745118,60.934894,17.423615,13.754303,1.039758,14.798855,1.628166,0.7,9.883227,4.439341,8.792936,4.84825,8.175253,6.545212,3.327003,1.696962,2587.0,12.35,16.96,14.93,2.03,1.22
FY2023-24,2024,BANK OF MAHARASHTRA,7.815904,73.958256,25.216928,99.175185,88.151675,52.733179,40.491227,72.522518,81.887086,5.846483,7.131201,3.417546,1.043118,1.675178,58.951136,18.325614,12.080966,0.63206,8.863307,2.785486,1.5,22.98497,3.977828,6.840464,4.078942,8.521088,6.505361,4.442146,2.42642,3500.0,30.04,17.38,13.72,3.66,0.2
FY2023-24,2024,CANARA BANK,5.415269,70.98724,27.237391,98.22463,87.987314,29.900571,46.022781,55.479026,77.118188,4.159625,7.661436,2.577541,1.336948,1.84119,62.918491,16.728301,12.873968,0.504242,6.581559,2.073299,1.01,18.129246,5.32044,10.097219,5.532382,8.873528,6.702959,3.341146,1.170577,2597.0,18.0,16.28,13.95,2.33,1.27
FY2023-24,2024,CENTRAL BANK OF INDIA,5.962082,63.220552,37.381624,100.602177,86.195403,50.045098,46.864053,63.332397,83.659442,21.680026,7.204705,3.024331,1.104847,2.402546,61.612502,22.486507,17.814063,1.297699,18.011826,1.726632,0.63,8.322521,4.543302,6.573733,4.616723,8.82956,6.780859,4.212836,2.164136,1994.0,8.0,15.08,12.46,2.62,1.23
FY2023-24,2024,INDIAN BANK,4.753308,74.838527,30.894546,105.733073,86.800833,40.768467,38.67094,49.909931,90.6676,15.102263,7.399913,3.096664,1.046719,1.90277,64.785263,19.863209,14.594155,0.856051,11.568392,2.240613,1.07,15.161475,4.658488,8.175424,4.775872,8.425523,6.725429,3.649651,1.949557,2985.0,20.03,16.44,14.03,2.41,0.43
FY2023-24,2024,INDIAN OVERSEAS BANK,5.912642,74.611681,34.847922,109.459603,81.215362,43.898541,50.459721,59.926263,84.289201,8.008415,7.224663,2.952806,1.69917,2.620106,70.398884,26.763423,20.66965,0.920936,12.747106,2.031871,0.81,9.982568,4.61186,6.297034,4.756122,8.98155,6.135909,4.225427,1.379786,2354.0,12.0,17.27,14.47,2.8,0.57
FY2023-24,2024,PUNJAB AND SIND BANK,6.123852,69.287903,41.537009,110.824912,80.869812,32.416379,37.436741,65.977959,91.129461,35.241192,6.824075,1.999952,0.859853,2.063682,66.319414,19.870214,17.811484,1.203828,17.640903,0.796123,0.41,3.886308,5.51074,5.759342,5.529586,8.713236,5.624947,3.183651,0.095362,2335.0,7.0,17.16,14.74,2.42,1.63
FY2023-24,2024,PUNJAB NATIONAL BANK,4.747923,68.220914,30.686594,98.907508,87.698944,40.336876,27.552719,56.30026,77.096533,11.478062,7.070993,2.651289,0.885252,1.887496,64.782875,19.386961,15.368737,1.002244,14.174021,1.649045,0.54,7.991592,4.701148,8.862922,4.854945,8.603731,6.773072,3.748786,1.918126,2384.0,9.0,15.97,13.17,2.8,0.73
FY2023-24,2024,STATE BANK OF INDIA,4.579703,75.34404,33.997428,109.341468,79.552107,39.898106,21.711408,67.093926,69.787861,18.284701,7.098269,2.733698,0.883707,2.13498,62.739447,20.608724,16.781241,1.251273,17.62786,1.482425,1.04,17.330266,4.742257,6.19694,4.894369,8.395588,6.702675,3.501219,1.808306,3410.0,26.2,14.28,11.93,2.35,0.57
FY2023-24,2024,UCO BANK,3.87534,69.175701,35.307443,104.483145,81.290306,37.453633,37.855165,59.198832,78.110703,28.77894,6.998377,2.594099,1.045715,2.174371,71.967888,23.78678,19.453391,1.128656,16.127392,1.465443,0.56,6.226295,4.618109,8.380079,4.926941,8.382673,6.512139,3.455732,1.585199,2093.0,7.69,16.98,14.54,2.44,0.89
FY2023-24,2024,UNION BANK OF INDIA,4.330436,71.285785,27.662356,98.948141,87.756147,33.575455,36.643332,49.751833,83.585117,19.133651,7.466426,2.736578,1.203288,1.828852,58.826524,16.403406,12.409294,0.625565,8.378369,2.111013,1.03,15.571089,5.00199,13.421164,5.246898,8.816621,6.635363,3.569723,1.388465,2537.0,18.0,16.97,15.0,1.97,1.03
FY2023-24,2024,AXIS BANK LIMITED,8.054852,90.307973,31.023246,121.33122,72.341942,42.98922,38.242897,69.954654,69.926712,28.092016,7.827325,3.570863,1.606132,2.520154,31.048252,11.546527,8.294561,0.914022,11.677323,2.656841,1.83,17.984369,4.51896,7.273266,4.958868,9.623065,6.451479,4.664197,1.492611,2019.36,25.29,16.63,14.2,2.43,0.34
FY2023-24,2024,BANDHAN BANK LIMITED,11.384954,89.596896,21.662092,111.258988,76.023799,37.093171,48.403595,81.141415,42.667487,2.619662,11.303276,6.181191,1.300724,3.504732,60.554745,24.60098,16.83816,2.204008,19.498847,3.977182,1.39,10.839523,5.961891,6.324517,6.014282,14.614143,6.531889,8.599861,0.517606,319.07,3.0,14.69,13.83,0.86,1.11
FY2023-24,2024,CITY UNION BANK LIMITED,8.292636,81.797461,28.14419,109.941651,78.582363,30.634539,57.977671,33.393386,99.672437,0.943547,7.670716,3.090464,1.079396,1.962428,45.521866,13.653946,10.209401,0.883032,11.511735,2.207431,1.52,12.80981,5.365805,5.271941,5.358284,9.377793,6.3933,4.019509,1.035016,1421.0,14.0,23.73,22.69,1.04,1.97
FY2023-24,2024,CSB BANK LIMITED,10.396274,81.886122,25.4096,107.295721,82.424039,27.203018,54.04332,32.801331,92.865798,2.818704,8.977675,4.52761,1.791787,3.927669,55.802609,26.16151,20.351451,2.135882,23.791035,2.391728,1.79,16.178096,4.976563,8.019895,5.112759,10.937301,6.328118,5.824542,1.215359,656.0,7.21,24.47,23.1,1.37,0.51
FY2023-24,2024,DCB BANK LIMITED,5.809029,82.922084,32.84671,115.768794,78.29221,26.021583,51.65286,86.390934,94.531795,23.635931,9.292734,3.341163,0.821881,2.66491,51.657232,15.976579,13.610195,1.843029,19.833012,1.498134,0.93,11.122822,6.781008,7.015502,6.805026,11.255823,7.292843,4.450797,0.487817,836.55,5.25,16.59,14.53,2.06,1.11
FY2023-24,2024,DHANLAXMI BANK LIMITED,5.318519,70.692358,27.587922,98.280281,89.527679,30.660207,52.342192,87.765988,96.088662,12.610187,7.76349,2.948809,0.981279,3.484589,61.135193,25.668649,24.360971,2.503311,32.244659,0.445499,0.38,5.808582,5.252168,5.720853,5.265214,9.844184,5.634535,4.57897,0.369321,1464.0,3.43,12.71,11.36,1.35,1.25
FY2023-24,2024,FEDERAL BANK LTD,4.551295,82.920843,24.099536,107.02038,81.908644,29.560706,32.527735,55.762698,86.450485,14.819653,7.803786,2.916883,1.083004,2.179981,45.642737,14.079796,11.196424,1.096976,14.056975,1.819907,1.32,14.705731,5.451331,6.401554,5.521844,9.240334,6.721634,3.71849,1.19979,3192.0,26.0,16.13,14.61,1.52,0.6
FY2023-24,2024,HDFC BANK LTD.,7.508373,104.415323,29.515884,133.931207,65.783146,38.186748,31.211854,73.790438,78.713942,8.2015,8.492871,3.567973,1.618783,2.083797,35.08693,10.431906,7.23067,0.465014,5.47534,3.10296,1.98,16.88187,4.664731,11.594905,5.838082,10.1443,7.276314,4.306217,1.438232,2149.0,31.0,18.8,16.79,2.01,0.33
FY2023-24,2024,ICICI BANK LIMITED,6.34981,83.832494,32.696356,116.52885,75.490994,42.175937,31.569067,66.787017,70.882946,18.692106,8.269819,4.300446,1.328682,2.264808,38.693928,14.057073,9.130003,0.936127,11.319797,3.36432,2.37,18.623047,4.461444,8.782689,4.833419,10.067303,6.946976,5.233884,2.113557,1683.2,29.42,16.33,15.6,0.73,0.45
FY2023-24,2024,IDBI BANK LIMITED,5.038932,67.932904,41.394293,109.327197,76.367958,50.43156,33.685203,75.221009,87.120553,14.483804,7.614719,4.087838,1.040487,2.364365,51.600343,20.709038,14.095799,1.323878,17.385779,2.76396,1.65,11.836288,3.976881,11.025259,4.349048,10.234208,7.210386,5.885159,2.861338,2350.0,30.0,22.26,20.11,2.15,0.34
FY2023-24,2024,IDFC FIRST BANK LIMITED,5.521598,97.016624,37.247865,134.264488,67.735928,47.247962,32.857149,82.214925,55.210187,6.876497,11.313168,6.137692,2.239313,6.050024,30.171412,16.260991,13.468955,3.810711,33.683852,2.326981,1.1,10.215568,5.886675,6.862735,6.11951,14.963549,6.062831,8.844039,-0.056679,867.0,8.0,16.11,13.36,2.75,0.6
FY2023-24,2024,INDUSIND BANK LTD,4.822628,89.21637,27.684165,116.900535,74.726482,37.909441,30.113685,68.259736,67.210109,9.442442,9.406059,4.238735,1.930187,2.932644,27.309445,9.887556,7.064851,1.002457,10.657571,3.236278,1.92,15.244207,6.019829,7.087072,6.145914,12.039795,6.540917,5.89388,0.395002,1698.0,21.0,17.23,15.82,1.41,0.57
FY2023-24,2024,JAMMU & KASHMIR BANK LTD,5.379343,69.568982,25.959093,95.528074,87.218852,50.507843,37.546374,71.298188,69.554273,14.480192,7.462748,3.46348,0.549424,2.497454,68.533124,26.345338,21.36229,1.94803,26.103391,1.51545,1.22,15.936467,4.428194,11.16661,4.576447,9.779911,6.489729,5.203464,1.913283,1781.0,14.0,15.33,13.09,2.24,0.79
FY2023-24,2024,KARNATAKA BANK LTD,7.875042,72.976771,24.800994,97.777764,84.411064,31.935514,37.334425,66.227568,88.089003,5.803492,7.714416,3.06655,1.226084,2.281587,55.935445,18.417269,14.274549,1.055503,13.682216,2.011047,1.19,13.705738,5.157266,7.383792,5.226653,9.926614,6.299508,4.699961,1.072854,1920.51,14.67,18.0,16.17,1.83,1.58
FY2023-24,2024,KARUR VYSYA BANK LTD,6.270626,82.667749,25.073327,107.741076,84.504476,30.394153,40.16096,45.595516,97.697917,13.444018,8.396515,3.903665,1.686289,2.697658,55.368367,20.77251,14.813826,1.011369,12.045101,2.892296,1.63,17.233644,5.098094,8.678892,5.180625,10.016037,6.468775,4.835412,1.28815,1800.0,17.66,16.67,15.46,1.21,0.4
FY2023-24,2024,KOTAK MAHINDRA BANK LTD.,8.074782,83.767041,34.614648,118.381689,74.781124,45.506571,44.603596,65.948609,76.71377,27.031965,8.401778,4.768434,1.884593,3.059722,41.325594,18.891917,12.292465,1.175129,13.986676,3.593305,2.61,15.299294,4.513694,5.712111,4.585535,10.247485,6.429077,5.66195,1.843541,963.0,18.0,20.55,19.25,1.3,0.34
FY2023-24,2024,NAINITAL BANK LTD,6.410166,54.64422,24.058236,78.702456,88.835311,41.747992,48.649313,43.921888,97.865435,5.337943,7.70599,3.563748,0.699044,3.068332,66.685669,28.376902,24.34419,2.369287,30.746048,1.19446,0.52,5.952098,4.664729,,4.665276,9.540209,7.172464,4.874933,2.507188,1079.0,4.0,15.22,14.26,0.96,0.94
FY2023-24,2024,RBL BANK LTD,11.663347,81.151798,28.577471,109.72927,74.761209,35.217962,26.148528,51.196436,57.196311,3.573858,9.747458,4.752414,2.393073,4.76196,24.644474,12.027873,9.666464,2.368887,24.302615,2.383527,0.95,8.232625,5.67399,7.32008,5.88378,12.942592,6.959798,7.058812,1.076018,1403.0,9.0,16.18,14.38,1.8,0.74
FY2023-24,2024,SOUTH INDIAN BANK LTD,6.534226,76.589924,23.525273,100.115197,86.805074,32.076712,38.666103,37.073691,81.595811,9.559374,7.652056,2.960367,1.346461,2.647497,56.808905,20.492927,16.71402,1.301036,17.002436,1.659332,0.93,13.809124,5.077076,6.727786,5.165117,9.32071,6.38277,4.155593,1.217652,1885.0,11.09,19.91,17.65,2.26,1.46
FY2023-24,2024,TAMILNAD MERCANTILE BANK LTD,4.50394,80.245767,30.824146,111.069912,80.443695,29.639558,75.86924,30.255031,99.547517,14.806108,8.1172,3.601394,1.07988,2.200225,52.19811,17.100516,12.487399,1.120346,13.80212,2.481049,1.84,14.438587,5.446754,5.221048,5.442595,9.757078,7.178143,4.314482,1.735547,1939.348616,23.294925,29.37,27.97,1.4,0.85
FY2023-24,2024,YES BANK LTD.,6.809735,85.519246,33.875585,119.394831,65.690944,30.902994,42.31224,66.221077,77.890909,10.654942,7.256792,2.129381,1.345374,2.583961,38.4242,12.875352,11.54205,1.238587,17.067967,0.890794,0.3,3.089426,5.606756,7.530835,6.079003,9.783812,5.933648,3.704809,-0.145355,1741.9,4.5,15.36,12.18,3.18,0.58
FY2023-24,2024,AB BANK LIMITED,2.993856,30.796067,33.524708,64.320774,50.762657,97.940262,91.517774,0.069647,100.0,,4.308607,4.115721,8.205711,4.609335,12.340814,11.845131,4.54543,-3.596375,-83.469556,7.712096,4.64,9.206583,0.374899,,0.378195,6.233481,5.866877,5.855286,5.488682,305.45,63.43,96.32,95.61,0.71,
FY2023-24,2024,AMERICAN EXPRESS BANKING CORP.,8.819395,114.629363,111.985965,226.615327,38.676312,,,,0.907637,,6.498107,4.460905,15.045046,18.634182,19.441969,17.525928,16.816721,3.589136,55.233568,0.871769,0.65,3.222387,5.58204,0.157367,3.314906,8.662403,6.650124,5.347496,3.335218,586.06,4.76,23.48,16.28,7.2,0.81
FY2023-24,2024,AUSTRALIA AND NEW ZEALAND BANKING GROUP LIMITED,5.388363,48.693354,222.985459,271.678813,28.503497,11.846251,0.142678,54.708451,8.062178,,5.415965,2.043311,-0.317752,0.634849,54.547769,8.641193,6.792498,0.952601,17.588752,1.090711,0.66,4.883296,4.790297,6.420757,5.594464,8.542285,6.74919,2.947822,1.154726,14577.0,183.0,20.43,19.64,0.79,
FY2023-24,2024,"BANK OF AMERICA , NATIONAL ASSOCIATION",6.622071,45.840225,100.507751,146.347976,56.053051,49.204893,19.070185,13.237261,14.220879,12.486412,5.91524,3.943577,0.782955,1.06732,43.267648,15.19601,6.894457,0.284365,4.807321,3.659212,2.09,10.205491,2.826436,3.27614,2.886135,6.851691,6.935232,3.965556,4.049097,17573.96241,383.962696,18.46,16.76,1.7,
FY2023-24,2024,BANK OF BAHRAIN & KUWAIT B.S.C.,4.523792,69.472531,25.644358,95.116889,80.709446,17.724776,30.660124,44.180509,85.798055,,6.289154,1.95669,1.149069,1.866886,46.964064,14.142861,11.787297,0.717817,11.413566,1.238873,0.22,1.293397,5.233677,,5.345611,7.968544,5.627221,2.622933,0.28161,3604.0,6.0,22.87,22.02,0.85,0.13
FY2023-24,2024,BANK OF CEYLON,4.749464,135.142662,25.802883,160.945545,48.39237,24.871146,56.823755,26.348903,99.388194,,7.719722,4.920181,0.64459,1.999272,44.800578,18.66473,10.708419,1.354682,17.548331,3.565498,1.4,3.266404,5.61669,,5.616791,8.691214,13.556597,3.074423,7.939806,2340.0,32.0,33.26,32.01,1.25,3.36
FY2023-24,2024,BANK OF CHINA LIMITED,879.087414,508.404563,920.943726,1429.348289,4.147445,26.431318,,,62.5,,6.285699,5.57768,5.046802,9.343309,59.25528,55.081314,48.854209,4.296507,68.353683,1.281173,0.53,0.763568,0.709717,,5.121696,9.335333,8.239056,4.213637,3.11736,377.41,5.78,133.61,133.14,0.47,
FY2023-24,2024,BANK OF NOVA SCOTIA,4283.504171,8.523436,1812.428444,1820.95188,1.558748,15.399552,,100.0,,,6.050024,6.000705,1.99604,3.749318,55.022765,54.308393,25.639599,1.753278,28.979689,4.247427,3.17,3.321502,2.634054,,2.634054,1.152048,8.061783,-1.482006,5.427729,62.26,115.12,510.88,499.59,11.29,
FY2023-24,2024,BARCLAYS BANK PLC,4.903746,41.748001,153.268069,195.01607,40.104442,7.962837,11.08256,49.206932,11.931653,22.171878,5.464711,3.05537,0.714652,1.091922,51.249886,15.983057,9.056095,0.37727,6.90375,2.6781,1.55,6.704485,5.059614,7.409593,5.646909,8.128306,6.650495,2.481397,1.003587,8473.76,253.7,15.93,14.55,1.38,
FY2023-24,2024,BNP PARIBAS,6.938528,66.653803,156.241788,222.895591,32.942733,32.666191,15.460169,20.48392,7.512088,1.978004,5.12457,2.162833,0.700089,1.083151,35.080266,9.393891,6.523513,0.383063,7.475024,1.77977,1.18,5.148693,4.935207,5.919809,5.354057,7.820171,6.213119,2.466115,0.859063,9186.17,168.96,17.0,14.02,2.98,
FY2023-24,2024,CITIBANK N.A,19.931319,35.646404,57.799605,93.446009,73.81921,45.48176,32.110389,13.561547,43.907524,10.263982,6.46317,4.553055,1.940042,1.789999,27.595404,13.349792,5.8782,-0.150043,-2.321504,4.703098,2.52,14.699392,2.354381,8.052255,2.580409,7.516188,6.417512,4.935779,3.837103,12149.08,341.0,18.71,16.71,2.0,
FY2023-24,2024,COOPERATIEVE RABOBANK U.A.,,,,,,,,,,,7.549899,7.345762,0.418395,4.263416,61.030436,58.241748,32.654183,3.845021,50.928111,3.500741,4.12,6.510093,3.309154,0.949252,3.296263,7.144653,20.550194,3.84839,17.253931,,448.19,160.76,159.88,0.88,
FY2023-24,2024,CREDIT AGRICOLE CORPORATE AND INVESTMENT BANK,9.035084,54.419021,111.03669,165.455711,42.337358,21.440302,27.111212,35.340085,12.005733,,5.481521,2.504132,-0.253891,1.123104,36.330392,9.950706,7.805219,1.376995,25.120671,1.127137,0.63,3.592716,5.680364,5.893139,5.719961,9.368475,6.882689,3.648514,1.162728,13090.53,123.76733,14.4,12.22,2.18,
FY2023-24,2024,CREDIT SUISSE AG,19.682497,93.261101,117.657351,210.918451,29.385286,14.811582,0.691145,52.817795,100.0,1.657604,6.593027,3.412428,0.098854,0.790489,68.371269,13.610054,8.076462,0.691635,10.490403,2.720793,1.32,3.872139,4.538946,6.167866,5.71497,5.613474,7.919364,-0.101496,2.204394,7119.0,304.0,86.97,85.12,1.85,
FY2023-24,2024,"CTBC BANK CO., LTD.",8.845746,93.788674,45.54174,139.330414,64.5127,21.473247,35.334242,25.433272,45.205542,18.972479,7.229947,3.185562,0.884067,2.290667,64.432835,23.298023,18.190031,1.4066,19.455187,1.778963,0.96,4.239831,5.227358,6.619028,5.387752,8.266829,7.254526,2.879077,1.866774,4385.4,33.14,35.1,33.91,1.19,
FY2023-24,2024,DBS BANK INDIA LIMITED,7.162859,65.712978,69.64973,135.362708,60.893109,24.09253,36.166936,38.635955,46.577403,9.816168,6.47778,2.2459,1.278874,2.93656,41.92996,17.176657,15.874091,1.657686,25.590336,0.588214,0.33,3.296815,4.950397,5.968109,5.235379,9.14542,5.98249,3.910041,0.747111,1913.23,5.43,15.75,13.3,2.45,0.24
FY2023-24,2024,DEUTSCHE BANK AG,9.240857,78.241249,76.936273,155.177522,53.013117,54.355224,23.132921,43.2584,59.746283,1.995979,7.018356,4.132403,1.090548,2.319379,22.473735,10.013792,6.428133,1.228831,17.508816,2.903572,1.34,8.484252,3.60837,6.058541,4.176513,9.709589,6.46639,5.533076,2.289877,7714.51,113.22,16.26,14.53,1.73,0.32
FY2023-24,2024,DOHA BANK Q.P.S.C.,5.028385,77.477326,46.842351,124.319677,66.738954,28.963664,34.682347,54.217453,90.607254,18.308822,6.756925,3.383082,1.286875,2.90851,36.180098,16.750121,13.082148,1.621635,23.999605,1.761447,2.23,7.829092,4.543,18.192262,4.945603,9.014794,6.617601,4.069191,1.671997,2653.98,49.49,40.0,39.06,0.94,0.8
FY2023-24,2024,EMIRATES NBD BANK (P.J.S.C.),7.797764,99.886688,41.781103,141.66779,56.353772,7.943122,34.336889,13.96011,62.468195,8.012819,7.398374,2.835464,0.767882,1.831302,45.277353,12.967434,10.153556,1.063421,14.373709,1.772043,0.97,3.22476,7.629511,3.384255,6.88594,8.220857,7.877677,1.334916,0.991736,8762.75,69.89,38.91,37.61,1.3,
FY2023-24,2024,FIRST ABU DHABI BANK PJSC,35.664453,237.64837,1156.668827,1394.317196,6.142994,31.79719,3.241307,42.998276,4.372841,,6.263462,2.223315,-0.00264,1.066525,45.559185,9.515003,7.76096,1.069164,17.069863,1.154151,1.25,4.52957,5.211847,7.252621,7.002486,11.828404,6.430837,4.825917,-0.57165,3167.35,212.6,37.4,34.26,3.14,
FY2023-24,2024,FIRSTRAND BANK LTD,,,,,,,,,,,5.804827,5.804827,5.888428,9.271411,47.802528,47.802528,37.901927,3.382983,58.278795,2.421844,2.28,2.448477,,,,,,,,,75.97,252.74,252.41,0.33,
FY2023-24,2024,INDUSTRIAL AND COMMERCIAL BANK OF CHINA,7.773846,45.966314,121.379611,167.345925,54.210536,24.600725,28.173904,15.346567,78.184559,12.030052,6.452712,2.012869,0.741046,1.017737,57.794983,10.777688,8.176546,0.276691,4.287983,1.736178,0.99,6.059608,5.630583,5.007943,5.430261,5.557458,7.349789,0.127197,1.919527,9219.89,100.88,21.91,21.04,0.87,
FY2023-24,2024,INDUSTRIAL BANK OF KOREA,7.225973,165.503601,20.350142,185.853743,38.623414,50.869999,21.609717,67.465565,52.644006,,6.131233,4.973198,0.625804,2.109914,49.044054,31.664729,15.314218,1.48411,24.205741,3.489087,2.03,3.729855,2.47148,,2.47148,7.587103,8.425419,5.115623,5.953939,3034.51,63.3,66.36,65.61,0.75,
FY2023-24,2024,JPMORGAN CHASE BANK NATIONAL ASSOCIATION,10.004043,17.340878,126.32995,143.670828,56.790832,53.263698,7.305902,12.699793,13.775786,7.76302,5.424358,3.437024,1.092837,0.809115,36.708591,10.621134,4.557399,-0.283722,-5.230517,3.720746,2.38,13.176085,2.858604,2.927456,2.876263,7.512608,6.385135,4.636345,3.508872,17845.97,581.34,21.51,18.92,2.59,
FY2023-24,2024,JSC VTB BANK,178.384277,,41.488373,41.488373,44.146395,100.0,,,,,1.546858,1.546858,2.061537,0.711544,55.375804,55.375804,10.91963,-1.349993,-87.273197,2.896851,1.2,12.84818,,,,,10.419795,,10.419795,3267.76,209.42,188.29,188.29,,
FY2023-24,2024,KEB HANA BANK,30.859448,116.412215,14.659505,131.071721,58.534931,17.449909,17.545532,15.795173,26.363263,,6.738052,2.638241,0.687714,1.101141,52.802053,11.1792,7.82983,0.413427,6.135703,2.224814,1.34,4.290346,6.697265,2.574532,6.392586,7.439143,6.689595,1.046557,0.297009,12093.0,125.0,30.96,30.45,0.51,
FY2023-24,2024,KOOKMIN BANK,8.749834,77.846293,140.881925,218.728218,42.883772,1.503959,46.567888,81.147052,60.439047,10.955508,7.924079,1.464796,0.315773,1.084107,53.472188,7.684814,7.035266,0.768333,9.696184,0.696462,0.13,1.095878,9.566267,3.559771,7.534763,8.46208,7.699583,0.927316,0.16482,7119.0,12.0,35.02,34.45,0.57,
FY2023-24,2024,KRUNG THAI BANK PUBLIC COMPANY LIMITED,,,,,,,,,,,5.346094,5.346094,0.000646,4.393223,29.483126,29.483126,24.225216,4.392577,82.16422,0.953518,1.28,1.280916,,,,,,,,,26.27,278.62,277.37,1.25,
FY2023-24,2024,MASHREQ BANK PSC,34.672778,483.545787,108.363018,591.908805,15.031603,56.188347,21.10369,29.3915,45.120295,,7.624436,7.27909,0.940398,2.957355,62.454486,55.923946,21.564938,2.016958,26.453858,5.262132,3.0,3.562738,1.113611,8.0595,2.371929,7.980108,5.967128,5.608178,3.595199,3085.56,112.45,66.31,65.43,0.88,
FY2023-24,2024,MIZUHO BANK LTD,14.468997,83.281227,54.203627,137.484854,59.864384,20.537409,5.299895,39.027908,30.097578,7.603292,6.772824,2.818287,1.302075,1.728094,39.338146,11.962771,8.418682,0.426019,6.290124,2.392268,1.4,5.368192,5.374823,9.828627,5.765276,8.068583,7.264045,2.303307,1.498768,12227.0,134.0,23.37,22.44,0.93,
FY2023-24,2024,"MUFG BANK, LTD.",19.29218,81.29737,50.24227,131.53964,53.815889,28.794089,10.21349,46.312061,26.918843,0.179173,6.344374,2.936535,1.603394,2.326826,30.729223,12.468305,8.996432,0.723432,11.402737,2.213103,1.07,3.949813,5.695231,13.935698,6.142361,8.378536,9.144749,2.236174,3.002387,13018.92,130.17,22.8733,21.8932,0.98,
FY2023-24,2024,NATWEST MARKETS PLC,,,,,,,,,,42.796338,5.696557,2.228079,0.020039,0.649376,-3.001905,-0.473394,-0.341001,0.629337,11.047678,1.598742,-1.79,-3.586584,,8.885503,8.885503,,6.027402,,-2.858101,,-433.41,313.42,313.12,0.3,
FY2023-24,2024,NONGHYUP BANK,177.721335,39187.22787,,39187.22787,0.083585,100.0,,,,,6.053887,6.052947,0.061567,5.724187,44.482357,44.475052,41.636374,5.66262,93.536929,0.390327,-0.1,-0.088806,1.124819,,1.124819,3.026852,,1.902033,,773.0,-2.0,123.01,122.8,0.21,
FY2023-24,2024,PT BANK MAYBANK INDONESIA TBK,10.742385,401.563677,263.150238,664.713914,14.157194,50.128059,33.351928,33.592865,61.798645,,6.354793,5.286709,3.800704,6.493648,61.466032,52.784044,39.302735,2.692944,42.376589,2.593765,3.1,3.461615,1.488673,7.745709,4.398043,7.921304,5.80732,3.523261,1.409277,923.91,31.24,90.77,90.49,0.28,
FY2023-24,2024,QATAR NATIONAL BANK (Q.P.S.C),24.474691,86.732191,31.861642,118.593833,69.009928,1.241213,10.255137,33.815106,87.240118,,7.090149,2.056411,1.85684,2.865186,50.218437,18.215791,16.081964,1.008346,14.221787,1.048065,-0.53,-1.929345,7.017118,19.690885,7.203012,8.265726,5.552792,1.062714,-1.65022,8528.78,-30.94,42.06,41.7,0.36,
FY2023-24,2024,SBERBANK,30.877097,0.647426,97.588351,98.235778,37.711003,99.588109,72.658007,100.0,100.0,0.08235,8.688536,8.679831,9.780478,1.428905,61.226872,60.856142,4.736981,-8.351573,-96.121756,17.031405,6.38,39.121081,0.051243,0.012958,0.044608,9.548904,14.330002,9.504296,14.285394,1516.33488,528.10435,143.99,143.93,0.06,
FY2023-24,2024,SBM BANK (INDIA) LIMITED,8.877201,65.741842,42.983148,108.72499,79.511243,24.962579,30.2259,68.301529,94.428272,5.807015,7.896041,2.363649,1.956651,4.496615,35.776036,16.040578,16.327625,2.539964,32.167562,-0.176315,-0.49,-5.629541,5.367724,11.531082,6.256611,10.622448,6.357646,4.365837,0.101036,1701.0,-6.0,16.9,12.3,4.6,0.61
FY2023-24,2024,SHINHAN BANK,5.227202,81.823755,26.964461,108.788216,82.442399,9.055521,21.610711,44.032743,81.995649,,7.329214,2.101826,0.575945,1.559365,48.274382,11.09181,9.522563,0.98342,13.417809,1.118406,0.45,3.389074,6.300166,5.299129,6.261161,8.069658,6.955722,1.808497,0.694561,5013.12,14.07,18.01,17.13,0.88,0.07
FY2023-24,2024,SOCIETE GENERALE,13.950563,85.954654,315.716841,401.671496,16.431756,17.359727,,33.500391,41.231269,,4.647051,2.461334,0.842509,1.808851,32.260042,14.608244,10.629926,0.966342,20.794733,1.494992,0.73,2.161998,5.712673,28.933115,10.502079,7.867951,7.025733,-2.634128,-3.476345,4527.0,102.0,29.26,27.84,1.42,
FY2023-24,2024,SONALI BANK,3.404242,10.60929,26.550991,37.160281,42.996545,82.56401,82.005698,10.232099,97.94264,,4.349642,3.375057,4.503512,3.139841,57.783121,44.09603,20.49324,-1.363671,-31.351346,4.738729,2.53,5.765933,1.794556,,2.069305,8.857056,6.910791,6.787751,4.841487,589.84,25.69,127.41,127.12,0.29,1.53
FY2023-24,2024,STANDARD CHARTERED BANK,5.976365,60.431666,76.376207,136.807873,60.764307,47.153157,38.023601,57.713455,54.286439,11.12438,7.210519,3.990373,2.088266,3.617326,24.090212,12.744791,9.371348,1.52906,21.205961,2.461313,1.63,9.784804,3.891488,9.4614,4.665828,10.159244,7.124933,5.493416,2.459105,3534.48,57.59,16.19,14.4,1.79,0.347
FY2023-24,2024,SUMITOMO MITSUI BANKING CORPORATION,16.406608,71.712939,45.672278,117.385217,61.855344,9.210687,16.121325,49.623426,13.49818,35.982935,6.870165,2.817006,0.76687,1.189032,50.849896,11.533758,7.916969,0.422162,6.14486,2.394844,1.26,4.939931,6.064079,6.307163,6.089337,8.627369,7.733205,2.538032,1.643868,13580.55,141.43,20.33,19.51,0.82,
FY2023-24,2024,THE HONGKONG AND SHANGHAI BANKING CORPORATION LIMITED,4.838033,54.27725,73.812083,128.089333,67.802313,42.878219,16.729075,56.654252,60.84412,13.680213,6.769284,3.835953,1.340385,1.931039,25.661928,10.187175,6.110507,0.590654,8.725498,3.245299,1.89,14.110788,3.784551,3.188023,3.681971,8.393328,7.241491,4.711357,3.55952,7922.69,139.08,15.88,13.95,1.93,
FY2023-24,2024,UNITED OVERSEAS BANK LTD,7.742344,90.597033,45.876167,136.4732,45.603907,0.398058,33.241665,,25.532572,,5.434392,3.460758,0.618896,1.936412,54.816562,27.147361,17.535501,1.317516,24.244038,2.143242,1.28,2.127963,4.417178,0.145315,4.103147,6.712151,6.404861,2.609004,2.301714,4541.33,76.59,148.81,146.73,2.08,
FY2023-24,2024,WOORI BANK,40.693723,87.399302,60.679826,148.079128,51.604785,11.212694,21.218902,27.063023,43.016423,,6.415449,1.769224,0.649085,1.130759,47.209271,9.240515,7.55638,0.481673,7.508024,1.287551,0.38,1.90592,7.03901,2.820079,5.790929,8.187515,6.709894,2.396586,0.918966,6864.0,22.0,34.89,33.22,1.67,1.89
FY2023-24,2024,AU SMALL FINANCE BANK LIMITED,5.319909,83.919338,31.122627,115.041965,79.672454,33.40855,62.26652,77.580306,88.947273,21.78923,10.573651,5.166337,1.700187,4.472815,47.116979,21.330239,17.170302,2.772627,26.222044,2.393709,1.54,13.040975,6.301245,7.90321,6.413338,12.831552,6.916109,6.418215,0.502771,465.0,5.33,20.06,18.8,1.26,0.55
FY2023-24,2024,CAPITAL SMALL FINANCE BANK LIMITED,7.609,81.237015,22.810458,104.047472,80.446649,38.297048,59.867766,56.927365,99.893277,0.090309,9.190363,3.993371,0.787682,2.98887,48.227221,17.609005,14.446204,2.201187,23.951038,1.792184,1.27,12.336676,5.690603,8.334838,5.897815,10.855025,7.022411,4.95721,1.124596,724.38,8.39,27.39,22.8,4.59,1.4
FY2023-24,2024,EQUITAS SMALL FINANCE BANK LIMITED,9.688435,85.704356,25.091261,110.795616,79.7486,31.975266,68.278471,93.074546,82.36812,7.532162,13.671235,7.674268,1.990159,6.232256,54.729846,27.891422,21.779059,4.242098,31.029366,3.432171,1.96,14.3612,6.981297,10.94968,7.266546,17.338671,6.862792,10.072125,-0.403754,281.18,3.7,21.7,20.71,0.99,1.17
FY2023-24,2024,ESAF SMALL FINANCE BANK LIMITED,6.868627,92.074152,27.889456,119.963607,76.160095,22.659381,66.527345,98.089294,26.56313,2.367009,16.490968,10.234365,1.907647,7.120747,22.014029,11.718041,8.520008,5.213101,31.611854,5.021264,1.86,20.28811,7.180324,6.353569,7.048061,21.487907,6.768221,14.439846,-0.27984,615.51,7.0,23.27,19.7,3.57,2.26
FY2023-24,2024,FINCARE SMALL FINANCE BANK LIMITED,10.374201,117.45041,30.267075,147.717485,60.933794,22.140488,84.722759,88.529294,47.076171,0.307423,17.962787,11.079058,2.304704,8.630114,61.854088,34.408484,26.33813,6.32541,35.213966,4.753648,2.69,21.15426,7.487161,10.049264,8.155195,22.822456,6.59017,14.667261,-1.565025,117.45,2.76,24.53,22.15,2.38,0.63
FY2023-24,2024,JANA SMALL FINANCE BANK LIMITED,4.543785,102.392535,29.850762,132.243297,69.004582,19.7017,80.11089,94.065406,58.636083,7.466341,13.756895,7.293167,2.297184,5.500409,60.733125,27.921532,20.808232,3.203224,23.284501,4.089943,2.3843,24.916122,7.495019,7.449373,7.484613,17.694933,5.837154,10.210321,-1.647459,195.79232,3.29474,20.3104,18.9663,1.3441,0.5626
FY2023-24,2024,NORTH EAST SMALL FINANCE BANK LIMITED,10.781268,52.806304,36.206891,89.013195,90.099689,30.211093,88.845812,96.179987,78.534582,17.994239,8.907435,3.255558,2.526062,7.941523,56.000452,32.71653,38.897009,5.41546,60.797076,-2.159902,-6.28,-186.000496,5.689744,9.03786,6.108649,12.812217,5.447167,6.703568,-0.661482,113.56,-7.36,11.31,7.15,4.16,8.36
FY2023-24,2024,SHIVALIK SMALL FINANCE BANK LIMITED,7.750162,86.957617,20.568538,107.526155,79.565372,27.976012,62.311109,54.718841,78.033043,3.525607,10.634756,5.153574,1.087646,5.538226,23.270215,11.695339,10.993969,4.45058,41.84939,0.702993,0.09,1.219066,5.733809,8.501827,6.02209,13.496875,7.624875,7.474785,1.602785,597.21,0.34,20.19,16.75,3.44,0.84
FY2023-24,2024,SURYODAY SMALL FINANCE BANK LIMITED,10.463586,103.866429,33.421723,137.288152,62.832975,20.132416,44.814404,97.965931,41.133676,2.915451,14.287581,8.653592,1.972978,6.546644,49.566347,26.640097,19.955848,4.573666,32.011481,4.079926,1.94,12.742113,6.778434,7.210243,6.902331,19.791118,7.088492,12.888787,0.186161,228.2,3.11,28.41,26.54,1.87,0.86
FY2023-24,2024,UJJIVAN SMALL FINANCE BANK LIMITED,8.004265,85.445244,31.040521,116.485764,77.833832,26.699713,78.094944,95.299888,23.382862,11.502483,15.397949,9.247334,2.13388,6.181522,51.914479,26.022293,18.30445,4.047642,26.286889,5.199692,3.47,26.0927,7.125303,9.849728,7.337409,20.646654,7.426168,13.309245,0.08876,259.89,6.34,24.69,22.58,2.11,0.28
FY2023-24,2024,UNITY SMALL FINANCE BANK LIMITED,5.915195,122.378607,58.795378,181.173985,47.228079,16.652567,83.796759,84.709716,34.706709,39.36975,12.317489,8.706584,2.165788,7.174341,44.201912,29.403093,21.895569,5.008553,40.662127,3.698031,4.0,24.039668,7.403798,7.718232,7.453553,18.510465,7.098644,11.056912,-0.35491,311.28,9.44,36.461,19.9234,16.534,0.63
FY2023-24,2024,UTKARSH SMALL FINANCE BANK LIMITED,7.136318,93.65985,21.058489,114.718339,73.098917,20.502459,75.591885,97.171963,38.281204,9.453358,14.776447,8.767103,1.861198,5.992001,57.177721,28.547546,20.592394,4.130803,27.955317,4.6363,2.46,20.011151,7.189056,7.905839,7.27671,19.569868,6.402704,12.293159,-0.874006,182.54,3.07,22.57,20.95,1.62,0.03
FY2023-24,2024,AIRTEL PAYMENTS BANK LIMITED,27.092056,,99.742518,99.742518,55.997439,100.0,,,,,4.275165,3.138219,43.259369,45.178688,11.533892,11.250761,10.962264,1.919319,44.894617,1.2189,0.99,7.680134,1.850107,9.517625,1.998385,,6.13032,,4.131935,185.64,2.44,38.31,38.31,,
FY2023-24,2024,FINO PAYMENTS BANK LIMITED,22.472503,0.004878,123.672965,123.677843,41.313061,100.0,,100.0,,0.142988,5.098824,2.417644,45.139137,44.605097,13.512681,12.746498,11.99759,-0.53404,-10.473788,2.951684,2.87,14.422168,2.382981,8.919849,4.539211,10.231556,8.018432,5.692345,3.479221,50.91,3.11,74.5,70.05,4.45,
FY2023-24,2024,INDIA POST PAYMENTS BANK LIMITED,6.288878,,76.517507,76.517507,84.552386,100.0,,,,,5.709365,4.114363,6.18052,9.43156,37.138973,31.766788,29.460206,3.25104,56.942236,0.863323,0.32,3.661423,1.74992,,1.902385,6.122449,6.575548,4.220064,4.673163,664.68,1.97,54.86,54.64,0.22,
FY2023-24,2024,PAYTM PAYMENTS BANK LIMITED,211.896179,,182.781728,182.781728,20.37865,100.0,,,,1.180245,7.750324,6.797432,31.868726,40.41498,18.002443,17.587764,18.364104,8.546254,110.269635,-1.748822,-1.69,-40.055034,3.131752,,3.131844,,10.73316,,7.601315,136.08,-6.71,122.6,122.5,0.1,
FY2022-23,2023,BANK OF BARODA,4.55954,78.176275,30.114567,108.290841,82.525677,39.470105,28.034796,62.575656,79.196373,13.136189,6.547526,3.02248,0.732732,1.791907,54.479,18.36038,13.40904,1.059174,16.176708,1.963306,1.03,15.325494,3.707018,6.351021,3.928633,7.458413,6.532987,3.52978,2.604354,2666.0,18.0,16.24,13.99,2.25,0.89
FY2022-23,2023,BANK OF INDIA,6.57638,72.567198,30.526019,103.093217,82.101792,38.414691,30.761166,54.273719,78.727527,12.070624,6.14742,2.61583,0.916015,1.803954,60.018106,20.292194,15.328221,0.887939,14.444094,1.727891,0.49,7.051489,3.641983,8.166149,3.940743,7.359895,6.305035,3.419151,2.364291,2247.0,7.63,16.28,14.41,1.87,1.66
FY2022-23,2023,BANK OF MAHARASHTRA,7.906489,73.145381,29.419925,102.565307,87.458049,53.383252,37.52538,70.600967,81.781602,6.699833,6.381556,3.107107,0.915288,1.574204,52.482539,17.039415,11.322458,0.658915,10.325309,2.448191,1.1,17.643842,3.293686,10.492828,3.586666,7.596662,6.208371,4.009996,2.621705,3145.0,20.05,18.14,14.25,3.89,0.25
FY2022-23,2023,CANARA BANK,4.663126,70.442626,27.055073,97.497699,87.62654,31.086746,46.385382,58.232932,75.722803,4.953069,6.560227,2.442679,1.457917,1.746923,61.134008,18.210751,13.319344,0.289006,4.405433,2.153673,0.81,15.178757,4.306994,8.046512,4.471682,7.998124,6.499306,3.526442,2.027624,2245.0,12.0,16.68,13.78,2.9,1.73
FY2022-23,2023,CENTRAL BANK OF INDIA,7.635177,56.494935,38.014144,94.509079,88.460611,50.458727,47.568299,59.446638,89.204439,24.587941,6.445188,2.949021,1.030474,2.24246,63.059886,24.64166,18.915955,1.211986,18.804508,1.737036,0.44,5.587302,3.814259,5.993298,3.861609,8.040568,6.284078,4.178958,2.422469,1845.0,5.07,14.12,12.11,2.01,1.77
FY2022-23,2023,INDIAN BANK,5.263109,72.331214,29.941807,102.273021,87.426477,41.987092,37.840898,52.675654,91.91344,10.497221,6.503144,2.926627,1.033602,1.750568,62.219277,20.446282,14.451738,0.716966,11.024914,2.209661,0.77,11.521842,3.817018,7.802522,3.941859,7.618797,6.460835,3.676938,2.518976,2661.0,12.95,16.49,13.48,3.01,0.9
FY2022-23,2023,INDIAN OVERSEAS BANK,6.57309,68.249896,36.096758,104.346654,83.154297,43.74094,51.560019,53.98832,82.705527,8.03481,6.328486,2.692785,1.340295,2.094714,63.8336,23.333937,17.436038,0.75442,11.921011,1.938365,0.76,8.697226,4.028589,5.108692,4.075738,8.160625,6.081245,4.084887,2.005507,2021.0,9.0,16.1,12.88,3.22,1.83
FY2022-23,2023,PUNJAB AND SIND BANK,5.676718,70.048863,40.886535,110.935398,80.367798,33.58678,38.70002,67.14571,90.658679,35.654485,6.207415,2.309224,0.730004,1.913158,62.694626,20.639738,17.289532,1.183154,19.060338,1.12607,0.98,9.018336,4.454941,5.26108,4.496327,7.835665,5.416354,3.339339,0.920027,2145.0,14.81,17.1,14.32,2.78,1.84
FY2022-23,2023,PUNJAB NATIONAL BANK,6.102,64.849977,30.909157,95.759134,87.640964,41.994288,28.70326,54.353203,81.821212,11.005479,6.132896,2.484419,0.874622,1.736303,61.438518,19.810627,15.223062,0.861681,14.050152,1.622737,0.18,2.566983,3.859796,7.850599,4.013103,7.35324,6.546218,3.340137,2.533115,2164.0,3.0,15.5,12.69,2.81,2.72
FY2022-23,2023,STATE BANK OF INDIA,5.585443,72.319846,35.498307,107.818154,80.184792,42.66599,21.806368,68.159631,70.919468,21.143941,6.323017,2.757665,0.697136,1.860963,58.614697,20.102,15.538092,1.163827,18.406195,1.593838,0.96,16.532086,3.832733,5.405807,3.986646,7.463066,6.286644,3.476419,2.299998,2978.0,21.23,14.68,12.06,2.62,0.67
FY2022-23,2023,UCO BANK,4.130949,62.513673,38.168849,100.682523,82.874181,36.787103,39.410735,54.024328,78.529046,29.514642,6.2079,2.582666,0.882255,1.938255,70.274031,24.482657,19.211006,1.056,17.010588,1.526665,0.62,7.546244,3.978218,5.238219,4.062668,0.647399,10.772058,-3.415269,6.709389,1890.0,8.0,16.51,13.96,2.55,1.29
FY2022-23,2023,UNION BANK OF INDIA,4.496156,68.160896,30.356455,98.51735,87.270286,35.255407,37.52198,53.817388,83.487071,23.297292,6.54231,2.654845,1.185666,1.777008,56.493175,17.722536,12.990314,0.591342,9.038738,2.063502,0.69,11.326651,4.124445,7.714363,4.275303,7.978372,6.209606,3.703069,1.934303,2314.0,11.0,16.04,13.91,2.13,1.7
FY2022-23,2023,AXIS BANK LIMITED,6.982216,89.266288,30.499635,119.765923,71.883918,47.155471,36.300708,69.103222,71.972137,24.080577,6.832905,3.445646,1.295228,3.153021,22.291038,10.746347,8.64702,1.857794,27.188932,1.587852,0.8,7.963465,3.587839,5.64573,3.944963,8.312098,6.441653,4.367135,2.49669,1999.83,10.94,17.64,14.57,3.07,0.41
FY2022-23,2023,BANDHAN BANK LIMITED,6.779812,96.938943,29.950478,126.889422,69.25577,39.28252,50.288515,78.952543,43.995713,2.960518,10.781668,6.277021,1.673411,3.143263,58.554595,24.065721,14.777303,1.469852,13.632881,4.807169,1.5,11.877881,5.336418,5.338707,5.336828,13.863071,6.139851,8.526242,0.803023,302.09,3.36,19.76,18.7,1.06,1.17
FY2022-23,2023,CITY UNION BANK LIMITED,6.302471,82.166232,27.353462,109.519694,78.681887,29.880788,65.104039,35.987504,99.441541,0.600969,7.358938,3.37606,1.264946,1.803195,45.912719,14.308425,9.600035,0.538249,7.314218,2.837811,1.46,13.351636,4.556936,5.421608,4.63548,9.113584,6.290155,4.478104,1.654675,1598.0,16.0,22.34,21.27,1.07,2.36
FY2022-23,2023,CSB BANK LIMITED,5.998211,84.268358,23.866563,108.134921,84.032561,32.181179,54.267374,33.335161,93.508414,8.753628,8.509593,4.893185,1.158068,3.456174,58.677636,28.674131,20.977168,2.298106,27.006069,2.595079,2.06,18.697152,4.103851,4.92565,4.15214,10.355777,6.292378,6.203637,2.140239,647.0,8.01,27.1,25.87,1.23,0.35
FY2022-23,2023,DCB BANK LIMITED,4.924001,83.363126,30.51113,113.874257,78.7515,26.420695,53.205778,84.594106,94.626113,21.096654,8.646231,3.534444,0.842727,2.757685,51.721684,18.12474,15.03138,1.914958,22.147892,1.619486,0.97,10.808178,5.866227,6.247231,5.903363,10.696763,6.543872,4.793401,0.640509,779.76,5.08,17.55,15.18,2.37,1.04
FY2022-23,2023,DHANLAXMI BANK LIMITED,6.263925,70.789169,29.124811,99.91398,88.23376,31.903463,50.833152,86.824855,96.483622,14.712697,7.406257,3.289235,0.515191,2.952628,57.895818,24.180099,21.579997,2.437437,32.910511,0.851799,0.34,5.304507,4.412097,8.507819,4.511768,9.383276,5.927487,4.871509,1.415719,1313.0,2.79,12.32,10.55,1.77,1.16
FY2022-23,2023,FEDERAL BANK LTD,5.900501,81.75178,22.955273,104.707053,81.963793,32.860841,32.045683,54.027942,84.858444,13.44909,6.982775,3.005335,0.968235,1.981252,45.576948,15.154235,11.356975,1.013017,14.507367,1.992318,1.28,14.940886,4.360065,5.522267,4.45393,8.448897,6.341832,3.994967,1.887902,2936.0,23.0,14.81,13.02,1.79,0.69
FY2022-23,2023,HDFC BANK LTD.,6.220723,84.984095,27.45051,112.434605,76.371956,44.387345,33.267127,63.897411,70.030858,15.40259,7.126756,3.83019,1.376735,2.101703,32.553378,12.673976,8.045816,0.724968,10.172482,3.105222,2.07,16.955366,3.573906,6.754871,3.898775,8.560353,6.439067,4.661578,2.540292,1974.0,28.0,19.26,17.13,2.13,0.27
FY2022-23,2023,ICICI BANK LIMITED,5.803168,86.348506,30.684049,117.032555,74.538299,45.836991,27.537339,67.678979,71.375501,15.608007,7.293018,4.148123,1.324081,2.194838,36.686169,15.079444,9.344237,0.870758,11.939606,3.277365,2.16,17.184346,3.470905,7.181128,3.810949,8.936478,6.211527,5.12553,2.400578,1707.04,27.52,18.34,17.6,0.74,0.51
FY2022-23,2023,IDBI BANK LIMITED,6.512654,63.629769,39.019032,102.648801,77.303592,53.01762,34.658989,72.605386,90.150901,13.771197,6.508345,3.616663,1.383309,2.235926,49.795487,21.71364,14.108454,0.852617,13.100363,2.764046,1.2,8.381406,3.204175,9.717629,3.545036,8.905245,6.513052,5.360208,2.968015,2231.0,20.0,20.44,18.08,2.36,0.92
FY2022-23,2023,IDFC FIRST BANK LIMITED,7.425289,104.948392,42.259879,147.208271,60.280199,49.767745,31.505063,84.453972,52.92684,8.330345,10.567922,5.875216,2.077064,5.659006,30.748778,16.809541,13.760989,3.581942,33.894477,2.293274,1.13,10.431904,4.979967,7.007936,5.599839,14.210433,6.026393,8.610594,0.426553,811.0,8.0,16.82,14.2,2.62,0.86
FY2022-23,2023,INDUSIND BANK LTD,12.76944,86.174441,24.704751,110.879192,73.489549,40.140012,32.559701,70.356473,67.329592,7.946132,8.459832,4.092243,1.899645,2.654638,26.555552,10.038893,6.804918,0.754993,8.924451,3.33725,1.8,14.444471,4.976573,6.428891,5.169164,11.321709,6.089588,6.152546,0.920424,1694.83,20.6,17.86,16.37,1.49,0.59
FY2022-23,2023,JAMMU & KASHMIR BANK LTD,6.386596,67.426234,28.539657,95.965891,83.609105,54.096364,30.860137,69.080619,69.241092,16.289013,6.765221,3.431589,0.547294,2.6349,74.202831,32.757974,26.737318,2.087606,30.857915,1.343982,0.89,13.336152,3.676168,9.811505,3.809596,9.165933,6.032038,5.356337,2.222442,1557.0,9.0,15.38,12.34,3.04,1.62
FY2022-23,2023,KARNATAKA BANK LTD,5.956682,68.619648,26.698978,95.318626,88.198544,32.972098,41.468741,58.823257,91.144853,6.854488,7.574636,3.341444,1.041296,2.066124,54.288547,17.806202,13.018545,1.024829,13.529741,2.316616,1.21,15.419856,4.514755,12.808598,4.702085,9.568542,6.270363,4.866457,1.568279,1702.66,13.64,17.45,14.18,3.27,1.7
FY2022-23,2023,KARUR VYSYA BANK LTD,5.584048,82.38013,24.541906,106.922036,84.983448,33.206849,41.875184,46.29049,98.296982,11.02496,7.655238,3.933976,1.361447,2.387024,49.507013,19.346576,13.106193,1.025577,13.397056,2.908399,1.27,13.67212,4.226364,7.290425,4.283775,9.044403,6.10216,4.760627,1.818384,1814.0,14.25,18.56,16.79,1.77,0.74
FY2022-23,2023,KOTAK MAHINDRA BANK LTD.,5.498699,88.092725,33.435706,121.528431,74.122038,52.827691,46.005422,67.403519,79.256965,26.109306,7.451581,4.688813,1.540981,2.999485,40.239262,20.946158,13.421875,1.458503,19.573069,3.23031,2.47,14.02683,3.496919,3.647694,3.507201,9.127989,5.819025,5.620788,2.311824,873.0,15.0,21.8,20.78,1.02,0.64
FY2022-23,2023,NAINITAL BANK LTD,5.370157,56.198063,27.730885,83.928948,88.738784,40.696665,44.969324,41.511924,95.049105,6.054183,6.916741,3.283578,0.174462,2.552626,55.569816,22.931427,20.003513,2.378164,34.382727,0.905414,0.54,6.672387,4.070267,,4.070748,8.622332,6.935131,4.551585,2.864383,1099.0,4.26,16.24,15.23,1.01,1.84
FY2022-23,2023,RBL BANK LTD,7.3487,82.709662,34.01653,116.726192,73.256228,37.363416,24.770513,48.520721,56.151328,8.933759,8.714307,4.50115,2.241878,4.759598,25.360442,13.452447,11.017111,2.51772,28.891795,1.983431,0.833,6.739675,4.88909,5.502299,4.968622,11.791904,6.356417,6.823282,1.387795,1311.0,8.001479,16.92,15.25,1.67,1.1
FY2022-23,2023,SOUTH INDIAN BANK LTD,5.061812,76.163027,26.88646,103.049486,85.100186,32.980487,42.423497,35.731738,83.722839,9.192479,6.963329,2.899711,0.782311,2.230929,56.113229,19.887787,16.161946,1.448618,20.803528,1.451092,0.73,12.37259,4.262681,7.1493,4.418104,8.801612,5.579585,4.383508,1.161481,1724.0,8.2,17.25,14.74,2.51,2.0
FY2022-23,2023,TAMILNAD MERCANTILE BANK LTD,4.401772,78.066637,29.63592,107.702557,82.504852,28.755746,72.172346,31.958212,99.456533,12.990489,7.369571,3.781586,1.136051,2.077389,53.779217,19.719856,13.134885,0.941338,12.773308,2.840248,1.97,16.784975,4.23831,8.559203,4.262643,8.882874,6.602605,4.620231,2.339962,1903.7,23.0,26.26,24.61,1.65,0.62
FY2022-23,2023,YES BANK LTD.,5.914471,93.456416,35.350639,128.807054,61.305063,30.759644,37.348512,68.982304,78.524049,15.256022,6.745086,2.352897,1.095103,2.502165,39.9377,14.494571,12.745956,1.407062,20.860545,0.945835,0.2,1.951178,4.875271,6.242481,5.237833,9.274737,5.535786,4.036904,0.297953,1567.0,2.8,17.92,13.26,4.66,0.83
FY2022-23,2023,AB BANK LIMITED,3.461949,41.052061,45.12258,86.174641,51.407964,96.684259,90.51993,0.007746,99.684622,,2.895507,2.680547,9.076346,5.463819,9.986508,9.608486,4.55773,-3.612528,-124.763216,6.293074,2.71,7.535852,0.352445,,0.365578,5.151284,5.942296,4.785706,5.576718,291.75,31.0,70.55,69.84,0.71,
FY2022-23,2023,AMERICAN EXPRESS BANKING CORP.,9.660275,123.538,127.430931,250.968931,32.632707,,,0.0,0.947076,,6.505564,5.09749,13.594942,17.457368,22.004639,20.362263,19.111115,3.862426,59.371116,1.235065,0.77,3.114581,4.162059,0.209353,2.433934,10.614516,5.479688,8.180582,3.045754,483.19,4.81,32.34,18.79,13.55,1.04
FY2022-23,2023,AUSTRALIA AND NEW ZEALAND BANKING GROUP LIMITED,5.924303,52.284601,124.962584,177.247185,33.736634,31.9879,0.030139,58.433067,11.215153,,4.27815,2.451767,-0.210919,0.925337,52.583319,17.682491,11.963241,1.136256,26.559507,1.315511,0.77,4.560873,3.328197,5.638969,3.92209,6.754336,6.330592,2.832246,2.408502,12284.0,172.0,20.11,18.73,1.38,
FY2022-23,2023,"BANK OF AMERICA , NATIONAL ASSOCIATION",5.531753,39.34281,68.552379,107.89519,63.347855,47.442558,22.960008,11.389594,9.459335,18.663804,5.1276,3.914889,0.382764,1.346146,48.081411,25.294347,11.745978,0.963382,18.788167,2.951507,1.49,7.296646,1.847435,7.029501,1.90087,6.124635,5.549773,4.223764,3.648903,14809.61,237.14,19.82,18.39,1.43,
FY2022-23,2023,BANK OF BAHRAIN & KUWAIT B.S.C.,4.008865,77.240845,23.816506,101.05735,81.361117,19.487983,42.967527,38.826421,83.415622,2.788275,5.459604,1.969195,0.718595,1.633393,45.680778,14.562362,12.07709,0.914798,16.755755,1.054397,0.64,3.76087,4.086555,16.363,4.313706,6.460063,5.197811,2.146357,0.884105,3850.57,16.66,22.13,21.36,0.77,0.71
FY2022-23,2023,BANK OF CEYLON,4.400509,129.789091,22.279275,152.068367,51.252454,31.873181,56.103303,28.396829,99.333896,,7.075033,4.694828,0.925333,1.911004,37.806326,16.836292,9.030593,0.985671,13.931686,3.709157,2.09,4.418727,4.653063,,4.676597,8.381291,7.77807,3.704694,3.101473,2583.0,43.0,30.75,29.5,1.25,4.1
FY2022-23,2023,BANK OF CHINA LIMITED,10.046985,99.522392,141.977749,241.500141,21.782815,71.823021,0.9892,50.0,100.0,,4.511909,4.065848,8.165535,7.843888,61.794496,58.469492,38.233979,-0.321647,-7.128838,4.387494,1.68,2.829055,0.582341,,2.345652,7.3608,6.051955,5.015148,3.706303,585.21,23.58,108.59,108.26,0.33,
FY2022-23,2023,BANK OF NOVA SCOTIA,2289.948222,374.959628,1321.429,1696.388628,2.192793,54.431805,,2.252748,,,3.915855,2.651082,0.374082,3.457367,61.74219,45.205235,49.75958,3.083286,78.738511,-0.432203,-0.65,-1.107086,3.029485,1.892555,2.963595,7.785512,3.797652,4.821917,0.834057,290.6,-30.04,132.27,129.17,3.1,
FY2022-23,2023,BARCLAYS BANK PLC,4.985012,74.777883,232.423377,307.20126,23.795299,16.447869,12.142031,34.199825,47.994448,41.192788,4.658934,2.987204,0.755882,1.203127,51.072073,21.373647,11.347787,0.447245,9.599729,2.539959,1.47,5.885591,3.579552,5.638478,4.115786,8.062726,5.308199,3.94694,1.192413,7586.51,214.8,17.28,15.94,1.34,
FY2022-23,2023,BNP PARIBAS,5.718654,61.335009,150.556437,211.891446,30.680488,26.399124,20.973946,18.392006,11.923588,0.858704,4.311892,1.970239,0.534918,1.047538,33.59144,10.382509,7.260096,0.51262,11.888524,1.457619,0.95,4.159311,3.526641,5.171735,4.109498,8.419605,5.682911,4.310107,1.573414,8311.95,133.73,15.83,12.98,2.85,
FY2022-23,2023,CITIBANK N.A,14.090869,33.901849,78.031479,111.933328,67.823796,47.31746,41.580419,19.698376,24.098874,18.197004,6.332025,4.822156,6.416027,2.368749,32.183717,19.655237,5.980141,-4.047278,-63.917604,8.869434,1.92,38.468912,1.960754,3.179495,2.004905,9.95501,5.763757,7.950105,3.758852,4571.0,96.0,20.68,18.7,1.98,
FY2022-23,2023,COOPERATIEVE RABOBANK U.A.,509.255885,151.018427,106.977913,257.99634,10.814458,98.796817,21.213978,70.787205,97.283033,,5.512184,4.105644,1.047615,3.049398,45.259133,30.972851,21.039229,2.001783,36.315611,2.103861,0.87,4.510992,2.922453,0.656264,2.621675,9.632711,5.647862,7.011036,3.026187,1444.35,158.21,74.4,73.21,1.19,16.79
FY2022-23,2023,CREDIT AGRICOLE CORPORATE AND INVESTMENT BANK,6.099828,60.505226,78.821319,139.326545,42.396181,11.267397,29.711788,33.721052,7.89204,,4.381233,2.269323,-0.288725,1.054013,40.497432,13.482585,10.429992,1.342738,30.647505,0.926585,0.36,2.277687,4.301426,9.210066,4.516256,6.3707,6.069791,1.854444,1.553535,13351.26,79.93576,13.65,11.62,2.03,
FY2022-23,2023,CREDIT SUISSE AG,18.47099,38.737373,853.415975,892.153347,9.274525,10.791968,0.370527,97.346308,100.0,5.823257,7.150076,3.251491,-0.358529,0.453355,55.698819,5.802314,3.718051,0.811883,11.354892,2.439607,1.16,5.357516,3.415114,5.993298,5.566003,6.497549,7.903249,0.931546,2.337246,3137.0,348.0,46.96,43.78,3.18,
FY2022-23,2023,"CTBC BANK CO., LTD.",12.257768,80.631991,44.497678,125.129669,68.488337,11.773113,41.346006,15.879836,38.044475,15.699522,5.549397,2.36615,0.50261,2.122874,63.544165,25.422762,22.289507,1.620264,29.197121,0.745886,0.37,1.842443,4.068123,3.703775,4.021596,6.750937,5.018692,2.729341,0.997095,4373.97,11.22,23.53,22.31,1.22,
FY2022-23,2023,DBS BANK INDIA LIMITED,4.901907,76.838239,70.176376,147.014615,55.043547,28.527527,33.639695,42.779035,50.042527,10.397265,5.855983,2.431728,0.990382,3.02952,44.05782,20.681545,19.495603,2.039137,34.82143,0.392591,0.22,2.243743,3.904166,5.281116,4.305637,7.476514,6.117599,3.170878,1.811963,1661.379578,3.46772,14.99,12.55,2.44,1.17
FY2022-23,2023,DEUTSCHE BANK AG,10.187925,81.627437,66.846951,148.474388,53.147055,48.278095,29.074799,53.216459,62.716369,17.053458,6.088637,3.646366,0.340301,2.016462,23.993082,10.850872,7.525525,1.676161,27.52933,1.970205,1.07,6.797983,3.220297,3.883112,3.389963,8.7387,4.925169,5.348738,1.535207,6874.81,80.38,15.41,14.14,1.27,0.91
FY2022-23,2023,DOHA BANK Q.P.S.C.,4.667401,77.034004,45.50955,122.543554,65.622464,34.699303,37.132584,37.16933,100.0,13.98951,5.820277,3.462944,3.642208,3.344157,40.894512,23.986302,14.452616,-0.298051,-5.12091,3.760995,2.86,10.696731,3.171749,14.630785,3.339753,7.06659,7.216861,3.726837,3.877108,2399.87,60.97,29.34,28.36,0.98,
FY2022-23,2023,EMIRATES NBD BANK (P.J.S.C.),3.276846,103.278895,58.591432,161.870327,52.441187,8.287814,33.8941,6.385754,62.281658,16.475198,5.340813,2.817317,0.782901,1.941298,44.620998,19.401264,14.145442,1.158397,21.689525,1.65892,0.8,1.861978,4.364719,4.587462,4.413556,5.653608,6.25953,1.240052,1.845974,7643.09,47.39,52.25,50.64,1.61,
FY2022-23,2023,FIRST ABU DHABI BANK PJSC,18.982205,155.2257,920.026006,1075.251706,7.919711,15.147772,4.3119,57.12131,12.730272,,5.791473,2.634766,-0.375501,0.916181,44.233467,9.950157,7.482661,1.291683,22.303181,1.343083,-0.31,-1.216104,4.112174,5.059213,4.942865,9.271912,6.056887,4.329047,1.114022,4205.27,-69.18,33.16,30.78,2.38,
FY2022-23,2023,FIRSTRAND BANK LTD,,,,,,,,,,,4.942778,4.94275,7.33109,7.272285,58.597764,58.597538,34.719263,-0.058805,-1.189707,5.001555,4.9,5.243377,,,,,,,,,172.26,218.1,217.88,0.22,
FY2022-23,2023,INDUSTRIAL AND COMMERCIAL BANK OF CHINA,10.331499,33.365148,118.882794,152.247942,57.087445,13.448152,26.652117,7.025097,81.033757,9.004276,5.366561,1.764277,0.273053,1.361402,60.478503,16.58758,14.599499,1.088349,20.280194,0.675928,0.36,1.890028,4.191319,5.349303,4.558625,6.044429,6.46706,1.485805,1.908435,6146.38,27.43,30.86,28.78,2.08,
FY2022-23,2023,INDUSTRIAL BANK OF KOREA,3.872565,75.041709,10.476474,85.518183,53.245454,80.306681,27.175866,49.639106,45.522531,,4.651225,4.091873,0.879264,1.893449,44.834905,34.610463,15.349924,1.014185,21.804679,3.077688,1.99,3.481808,1.175609,,1.175609,7.70598,6.184036,6.530372,5.008427,3816.74,61.21,70.02,69.42,0.6,
FY2022-23,2023,JPMORGAN CHASE BANK NATIONAL ASSOCIATION,10.419183,28.953873,120.075472,149.029345,45.720231,55.002298,12.663638,25.233589,19.90376,1.244768,4.544269,3.32973,0.825633,0.782462,40.376594,15.820304,5.883377,-0.043171,-0.950008,3.372901,2.07,10.522464,2.068228,1.237617,1.832538,6.082462,6.022673,4.249924,4.190135,16432.54,463.39,21.91,19.52,2.39,
FY2022-23,2023,JSC VTB BANK,8408.838001,,415.730184,415.730184,0.988488,100.0,,,,,0.525663,0.525663,0.491854,0.506245,69.860027,69.860027,34.75743,0.014391,2.737679,0.511272,0.15,1.903456,,,,,5.956203,,5.956203,282.97,44.24,116.72,116.72,,
FY2022-23,2023,KEB HANA BANK,19.451957,92.840139,9.03247,101.872609,60.213424,15.025873,22.145166,21.106834,41.221329,,5.149546,2.738299,0.728985,1.192239,49.042928,16.226199,9.94651,0.463253,8.996001,2.275046,0.86,2.236199,4.412219,0.899561,4.252741,5.917961,5.120578,1.665221,0.867837,11348.0,61.0,31.08,30.54,0.54,
FY2022-23,2023,KOOKMIN BANK,6.558709,55.091953,69.899307,124.99126,73.486748,0.75832,37.398981,97.245204,76.138271,19.8657,7.246639,2.499724,-1.064917,1.25599,50.012147,10.464059,10.161369,2.320907,32.027361,0.178817,0.03,0.225109,6.353713,0.725463,5.775466,8.307847,7.241276,2.532381,1.46581,12560.0,4.0,43.9,43.27,0.63,
FY2022-23,2023,KRUNG THAI BANK PUBLIC COMPANY LIMITED,,,,,,,,,,,3.563597,3.563597,0.026973,6.327267,19.503582,19.503582,34.369027,6.300295,176.795951,-2.736698,-2.86,-2.876094,,,,,2.478469,,2.478469,,-44.6,232.72,231.47,1.25,
FY2022-23,2023,MASHREQ BANK PSC,4.174286,801.176541,288.411494,1089.588034,8.642795,84.439033,13.85009,27.502575,51.611587,4.244965,6.06715,5.897211,1.244263,2.355218,69.141028,64.487944,22.272332,1.110955,18.310988,4.786256,2.35,2.792451,0.98893,2.3945,1.285138,7.556909,5.432996,6.271771,4.147859,3158.55,103.49,69.51,68.55,0.96,
FY2022-23,2023,MIZUHO BANK LTD,39.778215,71.355691,31.033582,102.389273,66.114426,16.836649,7.626278,29.941034,22.60347,6.059646,5.987851,2.433285,1.346488,1.706451,31.575904,10.241886,7.346639,0.359963,6.011559,2.073321,1.07,4.901061,5.189971,2.931918,5.009278,7.913519,4.814991,2.904241,-0.194287,10227.0,91.0,18.21,17.39,0.82,
FY2022-23,2023,"MUFG BANK, LTD.",19.763977,91.99271,39.738385,131.731095,50.970701,25.418829,12.587558,46.099038,17.924038,,5.010888,2.417133,1.2528,1.290211,51.50051,17.107909,10.608214,0.037412,0.746605,2.379722,1.55,6.179089,3.891916,7.668352,4.123201,6.64082,5.592662,2.517619,1.46946,8533.71,119.91,24.28,23.56,0.72,
FY2022-23,2023,NATWEST MARKETS PLC,,,,,,,,,,41.844798,3.963265,1.851095,0.012899,1.626036,68.617426,29.847044,28.060817,1.613137,40.702233,0.237958,-1.69,-3.280332,,5.697288,5.697288,,4.213522,,-1.483766,,-390.7,348.15,347.71,0.44,
FY2022-23,2023,PT BANK MAYBANK INDONESIA TBK,14.089877,455.507449,196.160946,651.668394,11.663093,100.0,31.24644,39.237767,50.536233,,5.489329,4.700197,2.035762,6.114767,62.837744,55.655235,51.060927,4.079005,74.307884,0.621192,0.61,0.699229,0.354836,8.796685,3.518698,8.141815,5.843312,4.623116,2.324614,772.42,6.26,60.13,59.9,0.23,
FY2022-23,2023,QATAR NATIONAL BANK (Q.P.S.C),22.804737,75.816488,41.830212,117.6467,68.647129,0.830884,17.216278,64.704229,100.0,,6.531514,1.806133,0.896486,2.558929,50.956023,17.900506,17.554231,1.662443,25.452643,0.14369,0.01,0.028166,6.023357,10.101716,6.25491,8.168423,4.189544,1.913514,-2.065366,5850.19,0.36,52.3,51.85,0.45,7.91
FY2022-23,2023,SBERBANK,175.927184,6.276516,365.234919,371.511435,3.831928,86.569779,84.083409,100.0,100.0,0.123426,3.540879,3.512371,9.614325,0.927731,53.681839,52.081429,3.785749,-8.686594,-245.323089,12.198965,8.47,32.118597,0.675792,0.028145,0.486048,11.101963,4.314123,10.615915,3.828075,936.0,853.4,135.34,135.27,0.07,
FY2022-23,2023,SBM BANK (INDIA) LIMITED,13.271919,66.077893,50.456956,116.534849,72.279986,27.959208,28.97264,66.214923,87.268083,3.83737,7.313226,2.332163,2.212048,4.130582,32.333566,14.657776,14.021271,1.918534,26.233763,0.413629,0.22,2.861453,4.863971,10.872515,5.617447,9.7856,6.268753,4.168153,0.651305,2394.0,4.23,16.16,11.46,4.7,0.34
FY2022-23,2023,SHINHAN BANK,6.292684,81.690839,34.588348,116.279187,77.607759,13.834185,28.855664,41.327795,89.46361,,6.043867,1.741665,0.709838,1.300945,55.985051,12.998675,10.784226,0.591107,9.780274,1.150558,0.52,4.30839,5.171333,4.543888,5.130032,6.303936,6.911726,1.173905,1.781694,4144.16,17.99,21.14,20.2,0.94,0.16
FY2022-23,2023,SOCIETE GENERALE,5.948982,66.141071,256.840312,322.981383,16.595584,18.192079,,38.216784,57.020882,0.021605,4.135692,2.639888,-0.054131,1.683519,33.680308,17.834434,13.892091,1.737649,42.015923,0.902239,0.44,1.580249,3.431202,23.740681,6.948845,7.040347,5.346418,0.091502,-1.602427,4332.0,68.0,23.64,22.48,1.16,
FY2022-23,2023,SONALI BANK,7.091232,38.486924,36.701313,75.188237,53.562292,67.928074,92.93416,3.983779,100.0,,3.670205,2.23545,7.61633,5.289329,48.728528,38.33105,22.836168,-2.327001,-63.402466,4.562451,2.51,10.583641,1.930268,,2.183116,10.060664,6.332483,7.877548,4.149367,538.56,17.26,67.82,67.38,0.44,0.02
FY2022-23,2023,STANDARD CHARTERED BANK,10.742476,64.774355,71.913267,136.687622,58.026577,47.539856,38.395787,57.280566,57.837845,13.471712,6.089458,4.059192,1.00072,1.994089,45.689469,22.639374,12.850011,0.993369,16.312931,3.065823,2.35,13.09495,2.768823,4.862397,2.990773,9.227387,5.643148,6.236614,2.652376,3274.21,69.93,17.29,15.58,1.71,0.437
FY2022-23,2023,SUMITOMO MITSUI BANKING CORPORATION,25.968324,72.000117,49.572815,121.572931,56.721005,8.367546,16.877868,47.709596,24.297806,24.183519,5.603121,2.80609,0.909119,0.946671,58.798428,14.868374,8.547406,0.037552,0.670195,2.768538,1.59,4.874201,4.732343,3.2471,4.624345,6.973152,6.522543,2.348807,1.898198,10540.04,148.93,35.14,34.12,1.02,
FY2022-23,2023,THE HONGKONG AND SHANGHAI BANKING CORPORATION LIMITED,5.029829,55.136335,64.389959,119.526294,64.109517,42.386852,15.880655,59.543339,62.100223,10.848636,5.775313,3.512366,0.640727,1.758492,26.397897,11.543252,7.235068,1.117765,19.354188,2.394601,1.25,10.084393,2.899275,2.465402,2.841874,7.933513,5.972515,5.091639,3.13064,8277.87,98.36,16.6,15.0,1.6,0.0
FY2022-23,2023,UNITED OVERSEAS BANK LTD,98.393426,86.582343,33.904772,120.487115,43.298137,0.535245,23.363701,,21.743166,,4.469771,2.887849,0.69905,1.983378,54.162721,30.13075,20.783299,1.284328,28.733637,1.603521,1.69,2.694904,3.731366,,3.894142,5.719324,8.225813,1.825183,4.331671,3738.73,98.64,180.93,179.36,1.57,
FY2022-23,2023,WOORI BANK,21.472185,69.550803,63.980222,133.531025,62.805905,10.525012,31.324203,35.38179,46.028507,,6.828399,1.492003,0.797013,1.259979,43.066319,8.226134,7.11603,0.462966,6.78001,1.029037,0.49,2.889275,7.152308,4.432996,6.825346,8.316752,5.422553,1.491406,-1.402793,6417.0,35.83,53.3,48.06,5.24,0.33
FY2022-23,2023,AU SMALL FINANCE BANK LIMITED,12.853881,84.223391,28.936804,113.160195,76.887576,38.43442,59.451047,81.921503,91.887994,19.5129,10.302224,5.556122,1.298812,4.319399,52.118825,24.832824,19.405336,3.020587,29.319757,2.535535,1.79,15.444245,5.475938,7.179894,5.631933,13.102235,6.726593,7.470302,1.09466,367.98,5.0,23.59,21.78,1.81,0.42
FY2022-23,2023,CAPITAL SMALL FINANCE BANK LIMITED,7.051957,82.746559,22.689635,105.436194,82.102442,41.884695,64.39985,53.527374,99.856988,0.103481,8.927317,4.2521,0.653361,2.941674,52.965382,20.455444,16.262616,2.288313,25.632704,1.963787,1.22,16.618759,4.940647,6.983118,5.120836,10.589934,6.860901,5.469098,1.740065,692.31,8.62,18.87,13.69,5.18,1.36
FY2022-23,2023,EQUITAS SMALL FINANCE BANK LIMITED,4.631095,101.775546,26.291761,128.067307,72.510983,42.229007,67.144395,94.133445,81.687525,1.941409,13.445853,8.221285,2.163242,6.58518,53.8034,30.00107,22.698628,4.421937,32.886996,3.799348,1.82,12.198711,6.13239,9.260976,6.482951,16.668118,5.679282,10.185167,-0.803669,244.61,3.0,23.8,23.08,0.72,1.21
FY2022-23,2023,ESAF SMALL FINANCE BANK LIMITED,5.042731,94.94537,33.333239,128.278609,72.517091,21.393203,80.076118,98.220151,24.645129,2.995286,15.046161,9.682148,1.518401,6.488272,22.591531,12.367235,8.849012,4.969871,33.030826,4.712276,1.63,19.375798,6.096773,5.695252,6.021823,19.811041,6.966183,13.789218,0.94436,543.54,6.0,19.83,18.12,1.71,1.13
FY2022-23,2023,FINCARE SMALL FINANCE BANK LIMITED,8.145964,108.330756,31.405239,139.735995,64.432049,33.064026,83.355613,89.724395,44.288659,0.394701,14.923854,9.330575,1.939599,7.478938,65.017816,37.198296,28.835389,5.539339,37.117351,3.791235,0.95,8.240028,6.475565,6.444669,6.466812,20.185184,6.008741,13.718371,-0.458072,97.44,0.82,20.04,18.64,1.4,1.3
FY2022-23,2023,JANA SMALL FINANCE BANK LIMITED,6.189166,108.727429,31.965344,140.692773,63.696044,20.209095,80.11953,95.845729,55.212206,5.620917,13.418501,7.243872,2.726738,5.605251,60.53501,28.804533,21.016345,2.878513,21.451821,4.36536,1.13,17.076398,6.711673,7.649458,6.960485,17.692169,6.323023,10.731683,-0.637463,185.33,1.56,15.57,13.02,2.55,2.64
FY2022-23,2023,NORTH EAST SMALL FINANCE BANK LIMITED,7.376519,78.605409,17.076352,95.681761,75.250896,45.248197,91.953629,97.951111,65.811829,,11.760606,6.177095,1.485114,7.027819,51.744988,28.835532,27.454484,5.542705,47.129415,0.63439,-7.68,-113.150785,6.153788,7.202969,6.360507,15.745194,7.326691,9.384687,0.966184,181.52,-9.79,5.5,2.75,2.75,1.71
FY2022-23,2023,SHIVALIK SMALL FINANCE BANK LIMITED,5.761109,74.296667,25.347041,99.643708,84.194907,31.125497,58.779433,54.20133,80.865358,20.128567,9.837227,4.696157,0.729496,5.121035,34.274793,17.103939,16.610866,4.391539,44.642042,0.304618,0.07,1.151006,5.290075,8.534862,5.572363,12.425936,7.756009,6.853574,2.183646,501.3,0.24,23.46,18.64,4.82,1.14
FY2022-23,2023,SURYODAY SMALL FINANCE BANK LIMITED,15.178424,116.419145,49.745032,166.164177,52.394321,17.111212,38.774901,98.419498,31.360959,4.653628,13.12184,8.276229,1.079987,5.615289,47.84903,25.684801,18.919124,4.535302,34.563002,3.740928,0.91,5.028783,6.090914,6.108602,6.097473,19.04016,6.47085,12.942686,0.373377,198.09,1.36,33.72,30.84,2.88,1.55
FY2022-23,2023,UJJIVAN SMALL FINANCE BANK LIMITED,9.026939,83.365675,33.32451,116.690185,76.650887,26.411462,74.359341,97.012588,31.960145,0.149579,14.632227,9.478119,2.069913,6.330896,51.066793,28.149625,19.356714,4.260983,29.120536,5.217136,4.04,31.373712,6.001404,6.896119,6.083113,19.725917,6.488523,13.642804,0.40541,239.06,6.33,25.81,22.68,3.13,0.04
FY2022-23,2023,UNITY SMALL FINANCE BANK LIMITED,12.716,166.436247,90.731624,257.167871,30.641767,32.947067,24.829176,81.206538,34.975665,36.936993,8.385664,6.389251,0.783162,5.43976,44.479214,32.537737,26.389011,4.656598,55.530461,1.732653,0.43,1.985031,4.587943,12.072727,5.61837,11.906617,7.170855,6.288247,1.552485,243.0,1.2,49.4037,27.1566,22.2471,0.34
FY2022-23,2023,UTKARSH SMALL FINANCE BANK LIMITED,8.694708,95.321897,20.856258,116.178155,71.71591,20.887722,77.683376,96.853054,33.077756,10.458935,14.657121,8.946655,1.751298,5.792761,57.580714,28.996326,20.328059,4.041462,27.573372,4.905193,2.45,22.644569,6.59563,7.785813,6.799679,19.557278,5.781659,12.757599,-1.01802,166.9,2.87,20.64,18.25,2.39,0.0
FY2022-23,2023,AIRTEL PAYMENTS BANK LIMITED,10.12826,,97.160432,97.160432,55.475683,100.0,,,,,3.729914,2.490782,46.362742,47.771601,13.535553,13.193335,12.90838,1.408859,37.771886,1.081923,0.87,5.831664,2.21472,3.306929,2.270024,,5.173661,,2.903638,133.67,1.72,49.1,49.1,,
FY2022-23,2023,FINO PAYMENTS BANK LIMITED,23.981259,0.012735,124.999973,125.012708,37.185631,100.0,,100.0,,0.217884,4.575767,2.290964,54.748569,53.900089,13.925118,13.358842,12.651892,-0.84848,-18.542896,3.139443,3.54,12.609147,2.567204,8.525094,4.503714,6.860304,7.482192,2.35659,2.978478,31.84,2.25,86.05,82.12,3.93,
FY2022-23,2023,INDIA POST PAYMENTS BANK LIMITED,9.951807,0.000156,73.091586,73.091741,82.569076,100.0,,100.0,,,4.604127,3.05285,8.036708,10.660784,42.226526,36.862562,35.612195,2.624076,56.993996,0.428774,0.3,3.458015,1.871792,,1.88343,5.776816,5.501999,3.893386,3.618568,356.71,1.14,56.96,56.7,0.26,
FY2022-23,2023,PAYTM PAYMENTS BANK LIMITED,38.929787,,142.677588,142.677588,33.373678,100.0,,,,0.270874,4.089196,3.330908,23.975584,27.074652,12.332084,11.996105,11.897007,3.099067,75.786719,0.231841,0.15,3.156299,2.441181,,2.441586,,5.543344,,3.101758,184.14,0.89,28.35,28.35,,
FY2021-22,2022,BANK OF BARODA,6.805792,74.302183,30.192537,104.49472,81.841839,41.45609,29.706465,58.683476,82.689315,13.466904,5.743552,2.681171,0.943874,1.78489,55.160254,20.311427,14.722402,0.841016,14.642779,1.840156,0.6,8.925485,3.307591,4.649689,3.412533,6.643748,6.106318,3.231215,2.693785,2205.0,9.0,15.68,13.18,2.5,1.72
FY2021-22,2022,BANK OF INDIA,6.415168,67.024128,27.783012,94.807139,85.472908,40.080529,31.51223,56.66036,73.370669,12.439718,5.214186,1.925694,1.078931,1.636784,59.030356,19.617163,15.353274,0.557853,10.698764,1.367841,0.43,6.754221,3.606266,4.674539,3.654407,6.571031,6.146652,2.916624,2.492245,2071.0,6.5,16.51,13.92,2.59,2.34
FY2021-22,2022,BANK OF MAHARASHTRA,9.749126,64.841394,33.906034,98.747428,87.720868,57.853913,41.323505,67.059813,83.82766,7.55308,6.094051,2.829268,1.241575,1.80165,53.795334,19.129903,13.212283,0.560075,9.190516,2.269193,0.55,8.851826,3.432457,8.621372,3.592627,7.048302,6.414979,3.455675,2.822352,2649.0,9.05,16.48,12.38,4.1,0.97
FY2021-22,2022,CANARA BANK,4.749859,64.763976,25.958256,90.722232,88.462254,33.949913,48.007755,60.165693,75.405886,6.634459,5.828434,2.215484,1.385258,1.661942,64.186042,20.222877,14.787642,0.276684,4.74714,1.9388,0.48,9.08573,3.789921,6.821677,3.922976,7.427413,6.243209,3.504437,2.320233,1991.0,7.0,14.9,11.91,2.99,2.65
FY2021-22,2022,CENTRAL BANK OF INDIA,11.09851,49.074251,41.082655,90.156906,88.683225,50.632601,51.171972,56.811101,93.507803,25.057743,6.035076,2.51093,0.78569,1.921053,61.612626,21.736787,17.353055,1.135363,18.81274,1.375567,0.3,4.244526,3.819926,7.21983,3.88411,7.08273,6.402584,3.19862,2.518474,1715.0,3.38,13.84,11.48,2.36,3.97
FY2021-22,2022,INDIAN BANK,9.864025,65.561722,29.405888,94.96761,88.379641,41.765288,41.986898,45.773203,93.162638,9.306096,6.000522,2.583278,1.067945,1.687367,61.279505,20.256399,14.628496,0.619422,10.322808,1.963856,0.63,9.607366,3.699878,5.687267,3.770904,7.162965,6.246062,3.392062,2.475159,2520.0,9.91,16.53,13.17,3.36,2.27
FY2021-22,2022,INDIAN OVERSEAS BANK,8.677558,55.021405,37.450303,92.471709,87.568109,43.438029,56.884144,67.067172,85.742561,10.052712,5.835448,2.201352,1.710194,1.901417,63.944407,21.964534,16.11327,0.191223,3.276916,2.010129,0.59,8.559438,4.067929,5.906992,4.09228,7.843068,5.859949,3.750788,1.767669,1869.0,8.0,13.83,10.71,3.12,2.65
FY2021-22,2022,PUNJAB AND SIND BANK,6.010787,62.295303,41.396231,103.691533,84.363661,33.805981,42.531844,64.583999,96.893667,35.969365,6.128981,2.290064,0.82866,1.969863,64.831979,21.985701,18.355374,1.141203,18.619781,1.148861,0.85,9.288219,4.244947,9.309416,4.371655,7.671958,5.638105,3.300303,1.266449,2031.0,12.25,18.54,14.8,3.74,2.74
FY2021-22,2022,PUNJAB NATIONAL BANK,7.479911,63.529398,32.469183,95.99858,87.177827,46.557811,32.229012,39.041041,78.869735,13.169388,5.814898,2.228317,0.956727,1.57275,58.466615,17.82273,13.579215,0.616022,10.593865,1.612295,0.26,3.708707,3.838981,6.659562,3.945634,6.916395,6.139226,2.970761,2.193592,1941.0,4.0,14.5,11.73,2.77,4.8
FY2021-22,2022,STATE BANK OF INDIA,7.855425,67.479787,36.56505,104.044837,81.23218,44.515993,24.087598,67.782726,72.765057,21.550765,5.785686,2.535334,0.852002,1.961715,61.631174,23.196708,18.214596,1.109713,19.180324,1.425621,0.67,11.86448,3.653198,3.202081,3.608838,6.629687,5.991718,3.020849,2.382881,2574.0,12.93,13.83,11.42,2.41,1.02
FY2021-22,2022,UCO BANK,4.591161,54.796634,43.233164,98.029797,83.676726,39.420611,42.646315,51.196376,80.920676,28.794257,5.749668,2.484245,1.190055,1.833099,69.390424,24.948305,18.329188,0.643044,11.184018,1.841201,0.33,4.264978,3.766687,2.839369,3.708304,7.10834,6.315464,3.400036,2.60716,1633.0,4.0,13.74,10.97,2.77,2.7
FY2021-22,2022,UNION BANK OF INDIA,4.466575,64.02648,33.757253,97.783733,86.931661,36.535833,39.262045,55.861039,82.830789,24.201379,6.01461,2.459744,1.108736,1.632196,54.857174,17.261728,12.569605,0.52346,8.703139,1.936285,0.47,7.748219,3.829286,5.248251,3.900273,7.22619,5.865375,3.325917,1.965102,2048.0,7.0,14.52,12.2,2.32,3.68
FY2021-22,2022,AXIS BANK LIMITED,11.440117,86.127871,33.528801,119.656672,69.929508,45.014458,35.901401,68.358651,76.08453,20.502404,6.232172,3.064639,1.407859,2.18393,32.241892,13.157904,9.21646,0.776071,12.452662,2.288568,1.21,12.017395,3.511124,4.610163,3.706199,7.504327,5.827556,3.798127,2.121356,1792.48,15.54,18.54,16.34,2.2,0.67
FY2021-22,2022,BANDHAN BANK LIMITED,5.130835,97.554582,30.186365,127.740946,69.305006,41.605857,57.964422,81.745361,39.276165,3.795588,10.922005,6.861477,2.222341,2.774333,60.588785,24.593545,12.788272,0.551992,5.053944,6.309485,0.1,0.723176,4.954824,4.549167,4.883979,13.877839,5.451564,8.99386,0.567585,325.1,0.23,20.1,18.89,1.21,1.66
FY2021-22,2022,CITY UNION BANK LIMITED,6.217482,84.627275,25.626566,110.253841,77.505218,32.563369,63.144318,38.120364,99.33644,0.739144,7.14853,3.337591,1.321956,1.88129,46.617893,15.407285,10.35381,0.559334,7.824466,2.778257,1.35,12.232926,4.596683,2.060783,4.42595,9.028112,5.822619,4.602162,1.396669,1655.0,14.0,20.85,19.78,1.07,2.95
FY2021-22,2022,CSB BANK LIMITED,7.297484,78.335885,34.731107,113.066992,79.618549,33.658942,53.189502,37.129127,93.296132,12.338772,8.371984,4.736968,1.013685,3.229909,61.277405,28.830677,21.087516,2.216224,26.471908,2.520744,1.9,18.978874,4.125796,4.2939,4.139292,10.559529,5.798915,6.420237,1.659623,771.0,9.85,25.9,24.35,1.55,0.68
FY2021-22,2022,DCB BANK LIMITED,8.957479,83.869607,26.088826,109.958433,77.44966,26.753047,48.69229,77.789356,95.533685,16.288669,8.324611,3.217045,1.07125,2.399592,53.244569,17.019123,13.598036,1.328342,15.956806,1.888702,0.7,7.364906,5.856682,6.294571,5.908082,10.328719,6.764198,4.420637,0.856117,860.92,4.1,18.92,15.84,3.08,1.97
FY2021-22,2022,DHANLAXMI BANK LIMITED,5.711598,65.645859,32.605774,98.251632,89.903613,34.285059,43.741507,82.723292,98.613829,16.51252,6.817108,2.694553,1.257745,2.953509,59.075176,24.657646,21.607708,1.695764,24.875122,0.99879,0.27,4.070526,4.435314,13.0272,4.540888,8.709312,5.791119,4.168424,1.250231,1209.0,2.0,12.98,10.31,2.67,2.85
FY2021-22,2022,FEDERAL BANK LTD,8.832812,79.762167,21.56265,101.324817,82.237439,37.133071,30.548003,53.088086,83.511911,11.009339,6.469481,2.82347,0.989356,2.033178,54.051921,19.350855,14.733818,1.043821,16.134545,1.779649,0.94,10.824245,4.138837,2.991779,4.064766,7.82477,6.124912,3.760005,2.060147,2561.0,14.92,15.77,14.43,1.34,0.96
FY2021-22,2022,HDFC BANK LTD.,8.337236,87.78897,29.215662,117.004632,75.377859,48.168339,28.417527,66.214451,69.511521,19.539278,6.696699,3.774676,1.546881,1.962684,32.134037,12.911513,7.650677,0.415803,6.209074,3.358873,2.03,16.656245,3.379703,4.267522,3.468166,7.87574,5.792767,4.407574,2.324601,2025.0,28.0,18.9,17.87,1.03,0.32
FY2021-22,2022,ICICI BANK LIMITED,10.287971,80.691654,29.142333,109.833986,75.432106,48.699079,29.006072,67.933824,73.51316,17.358527,6.53924,3.593561,1.401924,2.023925,36.18237,14.735659,9.221619,0.622,9.511814,2.97156,1.84,14.677948,3.334861,5.640381,3.543646,8.015517,5.5481,4.471872,2.004454,1669.43,23.03,19.16,18.35,0.81,0.81
FY2021-22,2022,IDBI BANK LIMITED,11.922463,58.745178,35.59672,94.341898,77.298504,56.773766,42.212829,71.629282,92.127674,13.642157,6.103744,3.057392,1.56495,2.121317,48.810912,20.036774,13.502092,0.556367,9.115173,2.501025,0.84,6.216836,3.34427,9.063125,3.694329,9.045551,5.644763,5.351222,1.950434,2020.0,14.0,19.06,16.68,2.38,1.36
FY2021-22,2022,IDFC FIRST BANK LIMITED,10.782399,111.571458,43.683545,155.255004,55.543943,48.441024,28.637606,84.893112,56.654489,12.022449,9.720603,5.494177,1.823836,5.459244,27.959486,15.759121,13.221747,3.635408,37.398996,1.858769,0.08,0.749729,4.419842,6.424673,5.095358,12.979394,5.713115,7.884036,0.617757,796.16,0.57,16.74,14.88,1.86,1.53
FY2021-22,2022,INDUSIND BANK LTD,20.478373,81.398269,24.165912,105.564181,73.059681,42.789408,37.806045,69.409223,68.066883,6.040232,8.05871,3.922059,1.91757,2.499333,26.030618,9.804,6.521387,0.581763,7.219062,3.340296,1.28,10.127366,4.521039,6.875719,4.879201,11.134112,5.762434,6.254911,0.883234,1568.52,13.73,18.42,16.8,1.62,0.64
FY2021-22,2022,JAMMU & KASHMIR BANK LTD,6.756322,61.372541,29.496013,90.868554,87.831747,56.555135,40.912886,65.765037,69.867581,10.114883,6.387928,3.11783,0.593084,2.863976,74.369523,34.72285,30.510267,2.270892,35.549744,0.846938,0.42,6.759928,3.503026,9.136915,3.611807,8.766066,5.187545,5.154259,1.575738,1387.0,4.0,13.23,11.73,1.5,2.49
FY2021-22,2022,KARNATAKA BANK LTD,4.922722,70.637354,27.418662,98.056015,87.773903,32.965077,45.498502,64.243921,94.103655,8.656185,7.022217,2.811562,1.076614,2.043931,56.046008,18.315231,14.144534,0.967317,13.775097,1.844245,0.56,7.405057,4.594473,7.158157,4.659778,8.749636,5.999238,4.089859,1.339461,1702.72,13.64,15.66,12.65,3.01,2.42
FY2021-22,2022,KARUR VYSYA BANK LTD,5.248169,79.813681,25.138076,104.951757,85.531254,34.902972,46.713156,45.380312,98.450386,10.693498,7.22414,3.510631,0.994287,2.397266,50.966276,19.99415,14.866562,1.40298,19.420716,2.107652,0.86,9.250758,4.21995,4.762897,4.235432,8.617941,5.565109,4.382509,1.329677,1716.0,9.22,19.21,17.27,1.94,2.31
FY2021-22,2022,KOTAK MAHINDRA BANK LTD.,11.558568,87.028369,32.269921,119.29829,72.581161,60.681355,45.904888,65.915855,77.306133,25.711809,6.652295,4.137669,1.563346,2.736168,41.4818,21.616002,13.815255,1.172822,17.630336,2.964847,2.13,12.589916,3.148296,3.649309,3.187054,7.830689,6.504548,4.643636,3.317494,871.0,14.0,22.69,21.67,1.02,1.21
FY2021-22,2022,NAINITAL BANK LTD,4.28774,52.322886,30.605581,82.928467,89.781785,40.62472,47.57893,48.106477,92.605414,9.145564,6.803683,3.02514,0.491978,2.302808,59.546804,22.548422,18.795402,1.81083,26.615443,1.214309,0.34,4.773051,4.18981,,4.189827,8.746576,6.750405,4.556749,2.560578,1358.0,3.47,13.63,12.71,0.92,4.25
FY2021-22,2022,RBL BANK LTD,16.594928,75.970691,28.193049,104.16374,74.38809,35.287003,27.402016,54.00041,54.750503,9.485022,7.904689,3.893216,2.262923,3.501857,27.651902,12.888162,9.523674,1.238935,15.673418,2.654281,-0.07,-0.591241,4.652203,5.469824,4.75681,10.648427,5.922737,5.891617,1.165927,1370.0,-0.81,16.82,16.21,0.61,1.34
FY2021-22,2022,SOUTH INDIAN BANK LTD,4.124432,67.300844,24.057108,91.357951,89.095403,33.206953,49.160779,42.129557,94.21643,9.230526,6.783196,2.306631,1.064979,2.086792,59.117453,18.796145,15.719043,1.021813,15.063881,1.284818,0.04,0.771318,4.727738,7.683854,4.849817,8.588474,4.979182,3.738656,0.129365,1648.0,0.5,15.86,13.22,2.64,2.97
FY2021-22,2022,TAMILNAD MERCANTILE BANK LTD,4.702798,74.536437,29.471292,104.00773,85.006432,30.501257,72.63822,32.771704,99.292622,9.124434,7.638263,3.616511,1.618275,2.213534,55.425156,19.675999,13.253926,0.595259,7.793117,3.021252,1.66,16.577945,4.68397,,4.699762,9.147278,6.594228,4.447516,1.894465,1775.0,19.0,22.06,20.44,1.62,0.95
FY2021-22,2022,YES BANK LTD.,22.035542,91.815203,26.317308,118.132511,61.967065,31.116714,35.044599,74.620607,76.561748,15.77611,6.429436,2.1961,1.102627,2.313221,41.723071,14.742818,12.813847,1.210594,18.828936,0.985506,0.4,3.185662,4.69677,5.975928,5.047696,8.676608,6.045476,3.628911,0.997779,1558.4,4.6,17.43,11.6,5.83,4.53
FY2021-22,2022,AB BANK LIMITED,1.933533,27.644023,25.320248,52.96427,64.330402,97.351807,91.794759,0.051515,99.318206,,1.540234,1.316962,9.329729,5.359033,9.125308,8.760328,4.498896,-3.970696,-257.798239,5.287657,3.28,9.154812,0.345985,,0.346033,2.303297,5.697073,1.957264,5.351039,263.0,36.0,53.08,52.57,0.51,
FY2021-22,2022,ABU DHABI COMMERCIAL BANK PJSC,,,,,,,,,,,1.878743,1.878743,1.236532,6.233201,14.636325,14.636325,29.285106,4.996668,265.958122,-3.117926,-3.31,-3.353443,,,,,,,,6931.5,-337.22,278.08,278.08,,
FY2021-22,2022,AMERICAN EXPRESS BANKING CORP.,8.429917,130.264823,109.912387,240.17721,32.47521,,,6.3e-05,0.905466,,6.505181,5.19081,11.505162,15.44884,21.776087,20.068665,18.679004,3.943677,60.623637,1.247132,-0.07,-0.218128,3.935331,0.086917,2.369885,11.991058,3.817549,9.621173,1.447664,463.17,-0.38,28.73,18.24,10.49,0.56
FY2021-22,2022,AUSTRALIA AND NEW ZEALAND BANKING GROUP LIMITED,9.292997,60.314946,107.191874,167.50682,35.835424,24.755286,0.662555,54.734338,16.893962,,3.377874,2.3924,0.00257,1.544287,44.74395,27.313845,20.440357,1.541716,45.64162,0.850684,0.51,1.89784,2.63639,1.421994,2.271089,5.434882,5.428864,3.163793,3.157774,9444.38,68.67,26.69,25.43,1.26,
FY2021-22,2022,"BANK OF AMERICA , NATIONAL ASSOCIATION",25.244572,55.921583,45.28111,101.202694,62.862343,52.920625,31.740712,8.194902,7.651727,22.425329,3.814482,2.973019,1.110941,1.465337,45.378917,28.825824,13.500448,0.354396,9.290805,2.618623,1.26,5.978201,1.316568,11.936178,1.354565,4.321761,4.130183,2.967196,2.775618,12545.86,172.28,19.62,18.62,1.0,
FY2021-22,2022,BANK OF BAHRAIN & KUWAIT B.S.C.,4.304866,80.953312,29.846592,110.799905,77.354429,24.7103,42.277666,39.485502,86.892143,6.552287,4.917026,1.236966,0.77334,1.374878,48.482873,13.186714,11.714188,0.601538,12.233778,0.635428,0.27,1.707162,4.473002,5.362,4.503956,6.247409,5.240362,1.743453,0.736406,3556.31,7.51,26.09,24.89,1.2,0.79
FY2021-22,2022,BANK OF CEYLON,4.47804,144.74179,22.44663,167.18842,50.522471,42.134859,61.148127,29.353382,99.451186,,7.034918,4.66985,1.607511,1.917365,45.703853,20.462895,10.139624,0.309855,4.404525,4.359996,1.02,2.434486,4.781758,,4.782208,7.897121,5.719743,3.114912,0.937535,2586.0,23.0,29.88,28.86,1.02,5.05
FY2021-22,2022,BANK OF CHINA LIMITED,15.467877,76.570616,306.15153,382.722147,15.907874,46.30654,0.4438,100.0,100.0,,3.736996,3.457419,0.688599,9.03849,65.772041,63.798639,134.327707,8.349891,223.438623,-4.892472,-5.05,-7.751687,0.7951,,1.319023,5.402324,4.999903,4.083301,3.680879,414.59,-70.55,132.28,132.08,0.2,
FY2021-22,2022,BANK OF NOVA SCOTIA,39.292475,18.496377,109.842238,128.338615,55.399869,1.331508,38.537636,1.083071,5.51104,,3.613407,1.633254,1.20827,1.812906,47.605453,22.753193,17.899207,0.604636,16.733117,1.028618,1.85,5.190169,3.437228,0.415377,3.332905,7.034902,3.613679,3.701997,0.280775,3785.78,111.65,58.07,55.92,2.15,
FY2021-22,2022,BARCLAYS BANK PLC,7.027655,48.85688,142.826634,191.683513,37.314315,11.169742,10.839717,38.561109,43.495737,64.938234,3.156659,2.022462,2.149289,1.239407,41.63612,21.740815,9.725704,-0.909883,-28.824227,2.932345,1.87,7.75572,2.269223,3.772915,2.369795,6.816038,3.060125,4.446243,0.69033,8936.44,221.3,25.04,23.33,1.71,
FY2021-22,2022,BNP PARIBAS,33.368768,46.424788,81.383204,127.807992,43.143929,21.071428,20.529897,17.299683,7.217187,3.285261,4.03341,2.448343,0.489981,1.175749,33.006434,14.056452,8.579243,0.685768,17.002185,1.762575,1.17,5.225267,2.449733,3.259437,2.684219,5.981305,7.002893,3.297085,4.318674,10012.0,148.0,17.21,14.22,2.99,
FY2021-22,2022,CITIBANK N.A,17.560021,39.346063,53.341022,92.687084,77.011719,58.043851,29.227527,35.943522,17.788861,17.478753,5.266822,4.095799,1.24667,2.115938,33.230352,21.3916,10.795033,0.869268,16.504599,3.226531,1.63,12.814247,1.491382,1.305729,1.486964,7.43059,5.749482,5.943626,4.262518,4852.0,74.91,17.43,15.74,1.69,0.63
FY2021-22,2022,COOPERATIEVE RABOBANK U.A.,46.884978,61.191545,31.292749,92.484294,59.618782,8.407225,8.611837,76.884268,73.481534,0.8319,6.938179,4.720961,0.407183,3.131868,51.855979,30.361466,22.110017,2.724685,39.270892,1.996277,-1.42,-9.593243,3.435994,0.091623,3.010603,11.174962,7.0443,8.164359,4.033697,7557.29,-187.11,27.92,26.88,1.04,4.79
FY2021-22,2022,CREDIT AGRICOLE CORPORATE AND INVESTMENT BANK,20.004615,62.447086,64.838614,127.2857,47.479829,8.624879,51.900318,20.076574,18.561652,,3.407071,2.004017,0.095993,1.197995,39.612886,18.244958,13.547004,1.102002,32.344545,0.902016,0.44,2.552598,2.720944,7.236977,2.919049,4.274673,6.72143,1.355624,3.802381,12583.98,74.21,14.87,12.61,2.26,
FY2021-22,2022,CREDIT SUISSE AG,12.750784,33.406407,566.663373,600.069779,13.66722,5.66236,4.013968,0.312708,100.0,8.986161,5.684202,3.539793,-1.658205,0.476561,59.40775,10.801889,7.032153,2.134766,37.556124,1.405027,1.57,6.599452,1.974214,3.250937,2.901011,2.992038,7.122652,0.091026,4.221641,5400.0,432.29,60.02,55.73,4.29,
FY2021-22,2022,"CTBC BANK CO., LTD.",18.82427,82.520049,35.554808,118.074857,69.718781,13.026693,36.653456,12.089357,32.422706,,4.665454,2.232375,0.820806,2.372719,63.64445,31.422542,27.525196,1.551913,33.263921,0.680462,0.48,2.099873,3.464141,1.112135,3.240262,5.237564,4.983134,1.997302,1.742872,4088.16,13.74,31.82,30.56,1.26,
FY2021-22,2022,DBS BANK INDIA LIMITED,7.930944,89.628226,44.031102,133.659328,58.057092,32.569425,36.194016,41.638945,57.027967,19.297738,5.3407,2.481409,1.097583,3.282318,54.182692,28.957369,27.623021,2.184735,40.907277,0.296674,0.2,1.762564,3.609042,3.710299,3.630364,6.691114,5.816909,3.06075,2.186545,1616.18,2.87,16.29,13.71,2.58,1.61
FY2021-22,2022,DEUTSCHE BANK AG,12.733159,72.14456,72.350039,144.494599,54.008381,44.269148,28.635013,54.926791,52.22468,44.839054,4.929067,3.212866,1.114277,1.898031,22.76538,11.955347,7.149914,0.783754,15.900653,2.429113,1.14,7.329092,1.861744,3.401617,2.309795,6.836738,4.862236,4.526943,2.552441,7803.26,85.24,16.18,14.73,1.45,2.26
FY2021-22,2022,DOHA BANK Q.P.S.C.,13.166532,78.474738,28.488241,106.962979,73.224595,40.425852,48.449889,41.841132,76.254552,0.08937,4.668928,2.061216,1.221741,2.945185,40.58134,21.523821,20.289644,1.723444,36.913066,0.337771,0.05,0.209928,3.428071,,3.449055,6.46375,5.620449,3.014695,2.171395,2290.26,0.89,28.26,27.4,0.86,1.18
FY2021-22,2022,EMIRATES NBD BANK (P.J.S.C.),4.756895,161.128566,81.96648,243.095047,33.897547,23.233086,41.194747,8.757739,49.976434,12.008733,4.173888,2.608437,0.736411,2.051378,39.493156,22.399562,16.499078,1.314968,31.504625,1.293469,0.67,1.324889,3.254732,2.222317,3.024728,4.018394,6.574334,0.993666,3.549606,5712.23,34.13,75.31,73.94,1.37,
FY2021-22,2022,FIRST ABU DHABI BANK PJSC,8.532303,211.566849,941.780457,1153.347307,7.781872,26.137309,2.240547,62.169925,21.01764,,5.714126,3.639292,0.398298,1.099738,38.013021,13.168507,6.839248,0.701441,12.275558,2.937851,1.11,4.213695,2.569254,3.218885,3.153665,7.80439,5.938115,4.650725,2.78445,5118.02,211.59,33.5,30.95,2.55,
FY2021-22,2022,FIRSTRAND BANK LTD,,,,,,,,,,,2.687457,2.547272,3.712299,7.447989,56.354138,55.313044,65.584529,3.73569,139.00463,-1.188418,-1.21,-1.481317,0.359767,0.457729,0.41911,0.456512,2.206629,0.037402,1.787519,,-34.1,188.04,187.85,0.19,
FY2021-22,2022,HONGKONG AND SHANGHAI BANKING CORPN.LTD.,15.049481,44.126308,51.441848,95.568156,74.999672,42.708894,16.494819,51.099507,52.773132,21.674881,5.502226,3.670589,0.490805,1.711546,26.851615,12.970759,7.668536,1.220741,22.186305,2.449848,1.28,10.270479,2.097259,5.426144,2.323131,7.268301,6.428057,4.945169,4.104926,7523.3,90.21,16.5,14.79,1.71,0.18
FY2021-22,2022,INDUSTRIAL AND COMMERCIAL BANK OF CHINA,21.097133,16.50004,126.463608,142.963648,50.380537,27.34225,,9.453318,85.670188,27.156977,4.459364,2.446935,1.123445,1.551356,57.933135,25.218956,16.098516,0.427911,9.595797,2.019024,1.58,7.25136,2.720921,2.002458,2.562914,4.046748,5.005735,1.483834,2.442821,3863.0,94.0,32.05,30.35,1.7,
FY2021-22,2022,INDUSTRIAL BANK OF KOREA,9.63844,75.991628,13.263128,89.254756,39.988645,65.435508,26.952795,39.781065,38.868312,,4.131233,3.64408,0.841686,1.873777,40.457033,32.109145,15.244053,1.032091,24.982625,2.611989,1.56,2.510984,1.226997,2.002458,1.226997,7.568102,3.391194,6.341105,2.164197,2074.16,41.31,89.53,88.94,0.59,
FY2021-22,2022,JPMORGAN CHASE BANK NATIONAL ASSOCIATION,9.89829,35.073469,92.833885,127.907354,49.811746,57.641467,26.264161,30.856236,25.570328,0.262719,4.346916,3.442571,0.641143,0.830538,43.333038,20.744757,7.215177,0.189395,4.356993,3.253176,1.8,8.538078,1.258812,2.652735,1.527074,4.679854,6.551856,3.152779,5.024782,15317.36,387.52,23.53,21.57,1.96,
FY2021-22,2022,JSC VTB BANK,787621.681499,,,,0.012454,100.0,,,,,3.027301,3.027301,30.509399,3.213974,72.08789,72.08789,6.908509,-27.295425,-901.642232,30.322726,15.56,16.948943,,,,,,,,0.29,359.73,587.48,587.48,,
FY2021-22,2022,KEB HANA BANK,27.250691,127.654249,17.725554,145.379803,44.57137,32.680467,29.281339,10.257717,82.439337,,3.914872,2.641835,1.008472,1.389958,44.507996,23.231084,12.565494,0.381486,9.74453,2.26035,1.04,2.139581,3.145953,0.016623,2.96461,4.814078,3.120942,1.849468,0.156332,6704.0,62.0,46.95,46.33,0.62,0.0
FY2021-22,2022,KOOKMIN BANK,11.303355,50.216744,58.78742,109.004164,74.101632,0.978072,17.207825,91.804097,78.053747,34.514091,6.166458,3.415599,-0.711085,1.633902,50.142839,18.684823,15.017943,2.344987,38.028103,1.070612,0.46,2.076945,3.776693,0.086042,3.627527,7.206132,6.629845,3.578605,3.002319,8985.7,32.79,50.35,49.87,0.48,
FY2021-22,2022,KRUNG THAI BANK PUBLIC COMPANY LIMITED,6614.038221,,3562.743347,3562.743347,0.876807,100.0,,,,,2.170544,1.589754,0.117841,2.078851,33.055657,25.837246,30.028944,1.96101,90.346472,-0.371255,-0.52,-1.567615,0.750741,,0.750741,,2.33924,,1.588499,14.0,-24.86,164.42,163.17,1.25,
FY2021-22,2022,MASHREQ BANK PSC,356.7607,186.76413,185.714319,372.478449,12.335685,100.0,54.56021,45.43979,75.445405,5.886952,4.032517,3.717572,1.400378,2.716756,61.298669,54.930725,30.652819,1.316379,32.644089,2.401194,1.91,2.032353,0.195672,3.690654,1.364189,5.773656,5.541488,4.409468,4.177299,1701.11,57.61,160.66,159.65,1.01,
FY2021-22,2022,MIZUHO BANK LTD,35.25728,66.426004,42.452699,108.878703,64.143746,19.258125,12.182505,26.69579,20.343968,0.892016,4.233632,2.357033,1.392315,1.721852,35.964505,17.208947,11.007132,0.329536,7.783776,2.027497,0.91,3.508681,2.880895,1.243311,2.80459,5.502093,3.472866,2.697503,0.668276,7416.0,66.0,18.64,17.91,0.73,
FY2021-22,2022,"MUFG BANK, LTD.",9.567411,65.116867,54.817015,119.933882,67.681044,15.776821,21.557714,48.559331,13.296416,,3.773291,1.930857,1.141921,1.14621,47.028473,18.036447,10.966876,0.004289,0.113673,1.926568,1.22,5.902977,2.508411,3.825429,2.638135,4.725026,4.075477,2.086891,1.437341,8891.0,85.0,22.89,21.64,1.25,
FY2021-22,2022,PT BANK MAYBANK INDONESIA TBK,7.142509,208.619977,208.960299,417.580276,16.642541,100.0,46.29337,43.044049,54.90218,,3.572725,3.542323,1.463542,12.599158,28.324453,28.25627,70.858878,11.135616,311.684092,-7.593292,-1.19,-1.22844,0.000622,2.94962,0.162635,6.88166,3.499002,6.719025,3.336367,572.8,-11.0,88.55,88.35,0.2,
FY2021-22,2022,QATAR NATIONAL BANK (Q.P.S.C),29.239066,74.054026,29.722567,103.776593,73.230824,0.623339,16.272722,54.64342,91.265457,,4.877226,1.918816,0.888397,2.679341,51.02162,24.248023,23.710243,1.790944,36.720551,0.127872,-1.7,-7.880783,4.034906,4.186651,4.051457,5.829946,3.44936,1.778489,-0.602097,7859.37,-96.17,28.25,27.84,0.41,
FY2021-22,2022,SBERBANK,74.325908,13.445711,464.647087,478.092799,7.448545,55.0536,100.0,100.0,100.0,,2.948221,2.905636,18.157301,4.876788,57.030956,56.537256,13.177966,-13.280514,-450.458478,16.18615,8.35,12.500541,0.484012,,0.581957,11.301855,2.660192,10.719898,2.078235,257.01,244.07,90.12,90.05,0.07,
FY2021-22,2022,SBM BANK (INDIA) LIMITED,16.773972,64.028246,32.7654,96.793646,84.15867,27.256174,18.69104,64.722941,93.189719,5.695146,6.198716,1.951564,1.770143,2.895834,40.622943,16.468924,14.762124,1.12569,18.160057,0.825873,0.27,2.482658,4.460309,14.180187,4.885985,7.839176,4.980466,2.953191,0.094481,3623.0,5.46,17.28,16.06,1.22,0.39
FY2021-22,2022,SHINHAN BANK,24.374749,67.339773,29.827122,97.166895,78.956351,10.060501,29.867708,28.239654,84.992332,,4.314049,1.668906,0.97896,1.181995,54.524771,16.839743,12.176063,0.203035,4.706363,1.465872,0.75,6.016718,3.052195,3.902688,3.108276,4.796667,4.928243,1.688391,1.819967,5237.79,26.86,25.87,24.79,1.08,0.4
FY2021-22,2022,SOCIETE GENERALE,8.470989,80.036029,185.135625,265.171654,19.344333,22.308711,,35.638239,52.792798,1.654406,3.753346,2.954121,0.168383,1.76424,39.617973,27.266065,17.822651,1.595857,42.518241,1.358264,0.7,2.560028,2.352128,10.012179,3.175283,5.392011,6.810375,2.216728,3.635092,4196.09,89.32,24.47,23.13,1.34,
FY2021-22,2022,SONALI BANK,3.627301,24.934991,12.879584,37.814575,79.261237,80.366692,90.791949,5.115755,100.0,,2.538768,1.425462,7.095701,3.831202,56.098472,43.467334,22.30788,-3.264499,-128.585929,4.689961,2.23,23.105938,1.100265,,1.361655,8.619239,7.259871,7.257584,5.898216,522.06,13.78,15.54,15.29,0.25,
FY2021-22,2022,STANDARD CHARTERED BANK,20.200009,64.847024,38.791931,103.638955,64.143371,57.553052,39.953037,58.068175,63.723802,30.941134,6.050107,4.266651,1.370547,2.154271,43.000228,23.524778,12.483288,0.783725,12.953898,3.482926,2.64,14.157549,2.39635,7.396872,2.644056,9.096898,6.340194,6.452842,3.696138,2884.35,72.17,15.95,14.79,1.16,0.54
FY2021-22,2022,SUMITOMO MITSUI BANKING CORPORATION,25.780027,97.334961,27.523475,124.858436,55.252295,9.445987,20.833755,30.017407,15.652542,20.1442,4.41786,2.590051,0.789641,0.862861,51.602516,16.548216,8.550319,0.07322,1.657368,2.516831,1.39,3.879679,2.912086,7.758764,3.087096,5.515915,6.921363,2.428818,3.834267,11086.82,140.39,27.71,27.12,0.59,
FY2021-22,2022,THE ROYAL BANK OF SCOTLAND N.V.,,,,,,,,,,39.705148,2.097306,1.21635,0.009785,1.966705,77.392597,53.45033,72.236272,1.95692,93.30636,-0.740569,-1.67,-3.078517,,2.494954,2.494954,,2.192029,,-0.302925,,-345.6,306.42,306.05,0.37,
FY2021-22,2022,UNITED OVERSEAS BANK LTD,113.969919,61.672092,74.626753,136.298845,37.593003,0.353754,77.023924,,4.595215,,4.114839,2.446383,0.981924,2.214343,50.03328,28.533755,21.737489,1.232419,29.95059,1.213964,0.58,1.049209,5.129514,,5.175521,6.179537,2.404352,1.004016,-2.77117,2908.66,41.11,287.98,284.74,3.24,
FY2021-22,2022,WOORI BANK,21.792142,57.43588,49.164416,106.600296,74.513395,7.415171,32.477586,35.609266,41.502214,0.270047,4.445067,2.019986,0.577716,1.239514,46.335314,15.672468,11.434548,0.661798,14.888367,1.358188,0.73,3.669288,3.339692,0.283019,3.102464,5.42775,3.838126,2.325286,0.735662,7911.0,47.23,48.24,45.82,2.42,
FY2021-22,2022,AU SMALL FINANCE BANK LIMITED,10.941236,87.659198,29.108329,116.767527,76.123762,37.288987,70.955202,85.714588,92.672496,27.780287,9.814825,5.36032,1.646974,3.998992,57.150879,27.035665,19.939797,2.352019,23.963941,3.008301,1.87,16.387199,5.111644,6.513881,5.291375,12.260772,5.976069,6.969397,0.684695,295.79,4.58,20.99,19.69,1.3,0.5
FY2021-22,2022,CAPITAL SMALL FINANCE BANK LIMITED,6.020068,76.654399,22.444295,99.098694,84.518112,42.164234,69.68931,50.269947,99.748203,0.11351,8.550253,3.774914,0.801252,2.902042,54.29744,20.524376,16.850062,2.10079,24.569915,1.674124,0.92,12.946559,5.066297,6.728315,5.215975,10.459649,6.696222,5.243674,1.480247,649.97,6.95,18.63,13.21,5.42,1.36
FY2021-22,2022,EQUITAS SMALL FINANCE BANK LIMITED,10.959917,102.234253,23.481068,125.715321,70.324564,52.005063,68.770369,94.301256,80.857591,0.760756,13.395009,7.892721,2.08129,6.598041,52.707266,28.740104,22.470795,4.516752,33.719662,3.375969,1.07,7.346587,6.424701,8.428537,6.747304,17.332495,6.036646,10.585191,-0.710658,211.23,1.63,25.16,24.53,0.63,2.47
FY2021-22,2022,ESAF SMALL FINANCE BANK LIMITED,10.149519,90.807171,31.761805,122.568976,72.370612,22.843394,74.946747,98.74358,16.409393,1.872158,12.912944,7.635829,1.381757,5.743626,26.902813,14.020809,10.809579,4.361869,33.779045,3.27396,0.39,3.960814,6.223808,4.903998,5.992039,17.437489,6.274468,11.44545,0.282429,543.54,1.0,18.64,16.16,2.48,3.92
FY2021-22,2022,FINCARE SMALL FINANCE BANK LIMITED,17.299552,108.996802,33.329671,142.326473,59.193434,36.296483,90.205891,93.72603,25.479848,0.480851,15.321459,9.283654,2.13817,6.853994,63.707963,33.870679,25.00935,4.715824,30.779208,4.56783,0.1,0.798205,7.154084,6.842485,7.070105,21.453054,5.499828,14.382949,-1.570277,103.74,0.09,22.32,19.48,2.84,3.55
FY2021-22,2022,JANA SMALL FINANCE BANK LIMITED,11.302925,96.086012,37.419303,133.505315,67.049812,22.524835,74.142921,93.443785,54.31059,1.826609,13.882698,7.076364,1.648505,5.798535,61.378303,28.235455,22.915431,4.15003,29.893538,2.926334,0.03,0.4645,7.178525,8.714651,7.584925,19.595222,5.243312,12.010297,-2.341613,143.8,0.03,15.26,11.83,3.43,3.95
FY2021-22,2022,NORTH EAST SMALL FINANCE BANK LIMITED,5.293817,106.43942,18.133096,124.572516,64.999344,37.586667,90.606451,95.769217,36.560547,,13.628455,8.3336,0.617368,6.163076,55.544223,29.876536,24.02973,5.545708,40.692127,2.787892,-5.5,-38.159737,5.640719,8.334919,6.364022,17.654802,6.305824,11.29078,-0.058198,143.45,-5.4,17.05,15.09,1.96,3.56
FY2021-22,2022,SHIVALIK SMALL FINANCE BANK LIMITED,6.009281,69.596149,26.687519,96.283668,84.280011,29.22492,51.776785,47.73101,95.642852,25.658539,,,,,43.453901,20.38833,19.734367,,39.081159,,0.05,,,,,,,,,476.69,0.14,21.73,15.46,6.27,1.31
FY2021-22,2022,SURYODAY SMALL FINANCE BANK LIMITED,15.76209,123.275251,53.3924,176.667651,47.112426,18.78572,23.308607,97.328299,30.342859,4.401231,12.64854,7.849168,1.256478,5.547943,55.231497,29.613593,22.036732,4.291464,33.928534,3.557703,-1.33,-5.998172,6.428501,6.109419,6.309687,18.716888,5.68051,12.407201,-0.629177,173.0,-1.81,37.86,34.44,3.42,5.97
FY2021-22,2022,UJJIVAN SMALL FINANCE BANK LIMITED,9.238712,89.126274,22.703289,111.829563,77.469399,27.295792,78.913758,94.641157,26.884987,0.306521,12.78759,8.063131,1.636121,6.802868,54.304353,32.04779,25.612364,5.166747,40.404382,2.896385,-2.04,-13.770597,5.685537,5.818625,5.703839,16.727399,5.551858,11.02356,-0.151981,180.99,-2.53,18.99,17.7,1.29,0.61
FY2021-22,2022,UTKARSH SMALL FINANCE BANK LIMITED,17.846581,101.52831,23.306345,124.834655,66.876902,22.366922,82.510613,98.901753,28.501318,12.749588,13.59337,7.799886,1.358985,5.394883,58.579324,28.246179,21.135709,4.035898,29.690197,3.763988,0.48,4.180138,6.548465,8.197102,6.92364,17.84902,6.646498,10.92538,-0.277142,154.61,0.54,21.59,18.08,3.51,2.31
FY2021-22,2022,AIRTEL PAYMENTS BANK LIMITED,12.458697,,109.069594,109.069594,46.628387,100.0,,,,,,,,,14.513695,14.2366,14.0705,,46.909809,,0.5,,,,,,,,,108.58,0.99,58.26,58.26,,
FY2021-22,2022,FINO PAYMENTS BANK LIMITED,44.533312,0.04868,125.608948,125.657628,29.920792,100.0,,100.0,,,2.648625,1.51075,72.350911,70.684253,14.015042,13.793002,13.208652,-1.666658,-62.925404,3.177408,4.01,13.56035,2.445587,2.876098,2.603173,9.139214,4.075363,6.536041,1.472191,17.97,1.53,125.6,125.57,0.03,
FY2021-22,2022,INDIA POST PAYMENTS BANK LIMITED,7.240001,0.042311,78.578139,78.62045,82.018066,100.0,,100.0,,0.026551,3.397025,1.516138,8.799548,14.797204,52.962353,46.989476,64.255326,5.997656,176.556157,-4.481518,-3.53,-34.787262,2.370702,1.236732,2.367494,4.289373,3.64243,1.921878,1.274936,234.4,-10.13,40.83,40.83,,
FY2021-22,2022,PAYTM PAYMENTS BANK LIMITED,34.5953,,201.434777,201.434777,28.589903,100.0,,,,0.238545,2.468486,1.90782,25.016257,26.608517,9.202533,9.012628,8.909152,1.59226,64.50351,0.31556,0.22,4.033249,1.945501,,1.961063,,3.177949,,1.216885,128.04,1.13,38.63,38.63,,
FY2020-21,2021,BANK OF BARODA,4.01666608564793,73.0406159596992,27.0135570253011,100.054172985,83.6962447304199,40.1534079705109,31.0736433750976,56.8983301238909,86.876079870997,13.177527379765,6.095,2.491,1.118,1.776,55.7132104431655,18.3923942904818,13.718882111613,0.658,10.7946396149072,1.833,0.07,1.113,3.927,5.155,4.022,7.169,6.374,3.147,2.352,1957.0,1.0,14.99,12.67,2.32,3.09
FY2020-21,2021,BANK OF INDIA,9.67887981728877,58.3126481656189,29.8594796084684,88.1721277740873,86.3963616912738,36.6895386161496,33.291157847887,56.1091528918657,77.2106060373203,11.5434911179796,5.872,2.064,0.99,1.568,59.7188533892319,17.4151594297756,13.6442075587884,0.578,9.84555660788264,1.486,0.28,4.827,4.14,5.116,4.197,7.462,6.678,3.265,2.482,1994.0,4.15,14.93,11.96,2.97,3.35
FY2020-21,2021,BANK OF MAHARASHTRA,7.40348637396389,58.8516436018933,39.1433591928182,97.9950027947115,88.4781774521725,53.9897506677703,44.4799919997787,65.5973754050855,86.1563976281712,10.2735380291692,6.494,2.68,1.438,1.951,63.2587437867757,21.4045516200861,15.5572403329585,0.513,7.89808044473336,2.167,0.3,4.808,4.027,11.256,4.2,7.559,6.6,3.36,2.401,2145.0,4.19,14.49,10.97,3.52,2.48
FY2020-21,2021,CANARA BANK,4.26478453784552,63.2174353808688,25.8875233860403,89.1049587669092,87.6221251322841,32.7342027649144,47.0001774876457,59.2126042182293,81.2458772947265,7.97848838884014,6.286,2.187,1.354,1.755,65.6212562087396,19.6695349760938,15.0703564215657,0.4,6.37102201665162,1.786,0.23,4.622,4.391,5.451,4.45,8.029,6.59,3.579,2.14,1814.0,3.0,13.18,10.08,3.1,3.82
FY2020-21,2021,CENTRAL BANK OF INDIA,9.7546911160502,47.4519645897665,45.028671253239,92.4806358430055,89.3714922581782,49.2716505692623,51.6306554218333,54.499349129643,99.6313725975275,25.7257963750408,6.266,2.273,0.859,1.87,61.0611033268836,19.4725347727605,16.023064247569,1.011,16.1307577275198,1.262,-0.26,-4.115,4.348,8.726,4.423,7.565,6.877,3.142,2.454,1559.92,-2.74,14.81,12.82,1.99,5.77
FY2020-21,2021,INDIAN BANK,5.11922698268597,67.4017001762679,32.8092256416346,100.210925817903,86.3086461355532,42.298286285503,43.097545473794,38.7258678779298,94.7633121850513,10.7520516572693,6.567,2.631,0.949,1.738,61.6281517013953,18.8764513364221,14.2511428769844,0.789,12.0170532818717,1.842,0.5,8.214,4.328,4.46,4.334,7.779,6.599,3.445,2.265,2217.0,7.22,15.71,11.93,3.78,3.37
FY2020-21,2021,INDIAN OVERSEAS BANK,5.07234608549753,53.1530894235548,39.7415211054956,92.8946105290503,87.6931446027106,42.5176673923194,65.0395135982837,62.9621872820951,81.7495013597512,10.3804524423975,6.345,2.206,2.079,2.08,66.5762318326924,22.2673708143971,16.438882250922,0.001,0.0159311238830847,2.205,0.31,5.024,4.62,8.044,4.686,8.703,6.531,4.017,1.845,1612.0,3.53,15.32,12.91,2.41,3.58
FY2020-21,2021,PUNJAB AND SIND BANK,7.50041830986881,63.4094854919092,33.3195088423046,96.7289943342138,86.9899887561025,32.8071888690731,41.2015990587148,60.3962199467412,97.4887534401689,39.6489999207876,6.611,2.144,0.857,2.269,70.527193166984,23.7571866554337,21.4288776341178,1.412,21.3636479587941,0.732,-2.55,-39.155,4.794,8.857,4.918,8.153,6.624,3.235,1.706,1849.0,-30.94,17.06,13.98,3.08,4.04
FY2020-21,2021,PUNJAB NATIONAL BANK,3.97338317194516,60.9428084935084,35.5212617962306,96.464070289739,87.7601022640462,44.5420371556864,36.1067841452263,39.0591520066684,80.1489448883239,12.522449289913,6.433,2.431,0.949,1.616,59.9531595929291,17.2505955622492,13.1287918781426,0.668,10.3768848675847,1.764,0.15,2.288,4.33,5.705,4.396,7.78,6.441,3.384,2.045,1885.0,2.0,14.32,11.49,2.83,5.73
FY2020-21,2021,STATE BANK OF INDIA,5.79151016590053,66.53934865903,36.718377233557,103.257725892587,81.1850084577403,45.3994971164083,23.0484330809079,68.5047923250605,75.7982295491771,21.9290833890124,6.249,2.609,1.025,1.948,61.6268963411493,21.4835658853135,16.5029949091504,0.923,14.7673977764408,1.686,0.48,8.401,4.115,3.28,4.035,7.181,6.654,3.145,2.619,2373.0,8.2835,13.74,11.44,2.3,1.5
FY2020-21,2021,UCO BANK,4.5869474449076,54.0767620381075,45.5435245297128,99.6202865678202,81.2830808250212,39.155960678175,44.9483432785631,47.7426573450136,83.7047035052704,31.5895421626101,5.905,2.24,1.4,1.944,72.4035617919366,25.0899029999481,19.2646251010418,0.544,9.21099613683917,1.696,0.06,0.852,4.243,3.206,4.168,7.307,6.564,3.138,2.396,1470.0,0.76,13.74,11.14,2.6,3.94
FY2020-21,2021,UNION BANK OF INDIA,4.10048087531071,63.9726628741997,35.885459325038,99.8581221992378,86.1995243081276,36.3271178349484,42.7980526195141,54.2740511578332,88.6518663171303,27.5278404457686,6.562,2.356,1.121,1.6,55.3716792444983,15.257830182819,11.5307425914442,0.479,7.30215736091026,1.877,0.27,4.678,4.553,5.419,4.608,7.684,6.727,3.076,2.119,1923.0,4.0,12.56,10.35,2.21,4.62
FY2020-21,2021,AXIS BANK LIMITED,7.42258611103071,88.0246914389808,32.3960439435055,120.420735382486,70.7323638054953,45.5236961590518,29.975838311283,67.3092157664043,72.8646072945639,20.0852908026695,6.661,3.075,1.29,1.932,33.5453816807397,11.7449476651152,8.15239744764089,0.643,9.6478518096422,2.432,0.7,7.063,3.967,5.201,4.188,8.032,6.56,3.844,2.373,1713.0,8.66,19.12,16.47,2.65,1.06
FY2020-21,2021,BANDHAN BANK LIMITED,4.27765959070872,104.6691640471,32.261985025176,136.931149072276,67.7923996197613,43.3838001544527,88.1943880273697,97.0644053506276,40.8845531955266,4.49116024116177,12.116,7.317,1.956,2.725,59.0947238802919,21.4024909408673,11.4435382971328,0.769,6.34475871385968,6.548,2.13,13.529,5.869,5.987,5.892,14.695,5.797,8.803,-0.095,321.57,4.8,23.47,22.48,0.99,3.51
FY2020-21,2021,CITY UNION BANK LIMITED,6.27048901863942,81.1853818819545,21.1865800220232,102.371961903978,83.541469918439,29.1472981819083,57.1140729003065,38.6989406288687,99.1479980678486,1.11341798735944,8.025,3.551,1.337,2.039,44.1387513924283,13.8191975714467,9.61383150633939,0.702,8.75099575302582,2.849,1.15,10.645,5.235,4.16,5.195,10.01,6.283,4.816,1.088,1394.0,10.0,19.52,18.45,1.07,2.97
FY2020-21,2021,CSB BANK LIMITED,3.84605568304192,75.4341175006888,32.0061495996558,107.440267100345,82.014622840401,32.1932494957287,38.9631455054235,37.2153988472587,91.3538722414064,25.9036844440525,8.873,4.461,1.437,3.455,68.0710243359627,29.8954166921702,22.8109272466132,2.018,22.7456310959627,2.443,0.99,10.548,4.936,6.206,5.012,10.664,7.998,5.653,2.986,800.0,5.22,21.37,19.96,1.41,1.17
FY2020-21,2021,DCB BANK LIMITED,3.98226734443167,86.6459544796067,28.325245934497,114.971200414104,75.0057267754613,22.8472304576826,59.8401162333256,75.5182217395313,95.3824505442454,19.9276698090008,8.855,3.294,1.142,2.168,51.2030797026129,14.3627198104846,11.1038607875026,1.026,11.589833759295,2.268,0.87,9.353,6.26,7.384,6.39,10.906,7.219,4.516,0.829,828.62,5.27,19.67,15.49,4.18,2.31
FY2020-21,2021,DHANLAXMI BANK LIMITED,5.1411008394442,57.9529881908784,37.9013451792181,95.8543333700965,89.4276952494515,33.3713610240371,37.1569421945233,81.5661137557507,97.94513903884,11.1402822979713,7.34,2.6,0.964,2.887,61.5692590133838,23.3025775602281,21.4030659802389,1.923,26.1958919650212,0.677,0.29,4.398,5.134,12.58,5.24,9.915,5.941,4.675,0.701,1137.0,2.0,14.47,11.31,3.16,4.76
FY2020-21,2021,FEDERAL BANK LTD,4.42935719437461,76.3873836705423,21.539182705674,97.9265663762163,85.7360677844578,34.0077898036428,27.0083310119181,54.5290267993394,82.3624934196489,11.8419368362627,7.203,2.897,1.025,1.933,55.1012347107634,17.0711552887297,12.9428996982027,0.907,12.5965169850058,1.99,0.85,10.38,4.804,4.316,4.776,8.495,6.429,3.719,1.652,2403.0,12.68,14.62,13.85,0.77,1.19
FY2020-21,2021,HDFC BANK LTD.,7.29111202501945,84.8528488266377,33.2365750388479,118.089423865486,76.4258256514767,46.1164338587714,22.7276848997592,64.9025061818382,70.7303930191087,20.8657539418591,7.375,3.959,1.538,1.997,31.6746962830472,11.6850545868241,7.09610595526704,0.459,6.22029432146268,3.5,1.97,16.608,4.04,4.166,4.052,8.919,5.557,4.867,1.504,1930.0,26.0,18.79,17.56,1.23,0.4
FY2020-21,2021,ICICI BANK LIMITED,4.93620335792545,78.6822149091437,30.1640595596334,108.846274468777,75.7881498793662,46.2855947217996,27.6913850300299,70.2723555527709,73.7276996752424,24.0558073358419,6.795,3.348,1.629,1.852,37.5299907229934,13.116910523858,8.24961068359226,0.223,3.27649551391233,3.126,1.42,12.267,3.904,5.4,4.099,8.309,6.232,4.21,2.133,1492.01,16.9,19.12,18.06,1.06,1.24
FY2020-21,2021,IDBI BANK LIMITED,5.63686508387868,55.5117843917792,35.097222736601,90.6090071283802,77.5284179693572,50.441683667265,49.8163491755902,72.7937898787083,95.2793462484567,6.53303711860161,6.672,2.852,1.525,2.024,51.0792355923008,17.6902373519928,12.60987952355,0.498,7.46757857321882,2.354,0.46,3.838,4.084,8.2,4.512,9.162,6.35,4.65,1.838,1966.0,8.0,15.59,13.06,2.53,1.97
FY2020-21,2021,IDFC FIRST BANK LIMITED,5.35123747508346,113.374580788898,51.2036881476489,164.578268936547,54.3620881755085,51.749862363468,27.0749741306224,86.7095677923088,58.3806261921284,21.9444158073764,10.225,4.726,1.416,4.542,27.8710958935193,12.6075562855812,10.874939816207,3.126,30.5736314729185,1.6,0.28,2.729,6.158,7.467,6.683,13.573,6.693,6.89,0.01,768.23,2.07,13.77,13.27,0.5,1.86
FY2020-21,2021,INDUSIND BANK LTD,6.97514963145319,82.9786477027286,27.2027155799353,110.181363282664,70.5851771517068,41.8124568072369,37.7986803981235,75.0538179191203,76.6222096466397,6.88484060848829,8.656,4.038,1.958,2.495,26.4779322473928,9.28807987091095,6.2249990393974,0.538,6.21114630089803,3.5,0.9,7.329,5.001,7.161,5.426,11.486,5.932,6.061,0.506,1522.49,9.56,17.38,16.83,0.55,0.69
FY2020-21,2021,JAMMU & KASHMIR BANK LTD,3.41041402357985,61.8554698403838,28.5155618037215,90.3710316441053,89.8324063107537,56.8427602587711,39.3376763167587,67.3208667522884,77.2391266798387,1.73055519950629,7.079,3.291,0.604,2.512,71.5426515624845,28.527875129787,23.3936730545417,1.908,26.9564420307388,1.383,0.38,6.538,4.023,9.915,4.136,9.24,6.426,5.104,2.29,1448.0,4.0,12.2,10.28,1.92,2.95
FY2020-21,2021,KARNATAKA BANK LTD,6.43203754139179,68.0932396286348,28.5972176043211,96.6904572329559,88.3659202225874,31.4894778685313,46.997076212251,65.824573216464,96.2680085025955,11.0467886260868,7.379,2.585,1.662,1.988,54.3925525744575,15.9437280903866,11.9596201265212,0.325,4.41093080664225,2.259,0.57,7.652,5.224,6.808,5.284,9.103,5.831,3.819,0.547,1512.27,5.73,14.85,12.34,2.51,3.19
FY2020-21,2021,KARUR VYSYA BANK LTD,5.55332103966631,79.590315779337,25.3149836947135,104.905299474051,84.7972809512804,34.219913899197,48.8288480061642,43.6368932983887,98.4250365606004,6.74181182429261,7.656,3.302,1.286,2.781,58.0661457299443,22.6311157496773,18.056501153217,1.495,19.5231743335575,1.808,0.49,5.301,4.926,5.257,4.935,9.234,5.927,4.298,0.991,1499.0,4.64,18.98,16.95,2.03,3.41
FY2020-21,2021,KOTAK MAHINDRA BANK LTD.,4.46040876238815,79.8602591917804,37.5220174467319,117.382276638512,73.0399881056393,60.4472303512343,40.3976286953023,71.5880880292141,77.994860259466,19.087915588908,7.218,4.125,1.468,2.308,43.8645895487701,18.7475336326222,11.6577715695706,0.84,11.6427632103258,3.285,1.85,12.355,3.726,4.499,3.805,8.384,7.586,4.579,3.782,970.0,14.0,22.26,21.38,0.88,1.21
FY2020-21,2021,NAINITAL BANK LTD,4.60798122243068,49.2095339215363,31.2848191444263,80.4943530659626,90.5933590443067,38.1406533706551,56.7995332072777,45.8983857336529,97.7874800244011,11.5084249131636,7.137,2.779,0.553,1.947,61.7620319318767,19.0725703712257,15.6357364120579,1.394,19.5250315318786,1.386,0.02,0.215,4.799,653.333,4.799,8.666,7.278,3.866,2.479,1230.0,0.14,13.67,12.88,0.79,5.77
FY2020-21,2021,RBL BANK LTD,9.16929201180898,80.1716159086598,31.7697095616961,111.941325470356,72.6486134492282,31.8159273008407,30.2076443932392,57.5946364969121,50.2445870299901,17.893178893744,8.785,3.995,1.987,2.905,30.6888727404633,11.5864413118833,8.27715983260649,0.918,10.4519250044984,3.077,0.55,4.369,5.547,6.445,5.707,11.186,6.589,5.479,0.882,1595.0,6.0,17.5,16.64,0.86,2.12
FY2020-21,2021,SOUTH INDIAN BANK LTD,3.99551126181015,70.19234765326,24.5689150243701,94.7612626776302,87.8505312506546,29.7299349324836,53.9161072161595,45.6512995283226,97.0505779629984,5.76950309910871,7.642,2.518,1.286,2.066,62.5224287673289,17.9613963034712,14.464493494222,0.78,10.202041499267,1.738,0.06,1.097,5.389,7.858,5.543,9.417,6.394,3.874,0.851,1736.0,0.8,15.42,12.79,2.63,4.71
FY2020-21,2021,TAMILNAD MERCANTILE BANK LTD,4.10122725429535,75.8342380348935,28.5650227995728,104.399260834466,86.2042029707703,28.521226564627,71.5508431626778,31.9718867090527,99.4513605538975,10.1784853212353,7.995,3.406,1.427,2.17,57.2136504238082,18.369800725156,13.177577372953,0.743,9.29066027976587,2.663,1.34,14.097,5.272,12.861,5.303,9.565,7.089,4.262,1.786,1663.0,14.0,18.94,17.93,1.01,1.98
FY2020-21,2021,YES BANK LTD.,4.18099428623881,102.421867395804,26.5848666871148,129.006734082919,59.5689825761954,26.1356430700356,29.9664995283942,78.270633352375,79.8105180254727,22.7275598562332,7.543,2.796,1.134,2.18,41.9608360143806,13.2048091998365,10.542324891793,1.046,13.872585810542,1.75,-1.43,-12.608,5.714,5.567,5.656,9.838,6.145,4.182,0.489,1360.0,-15.1,17.5,11.3,6.2,5.88
FY2020-21,2021,AB BANK LIMITED,2.58994050279745,31.6337625349259,20.8622932756634,52.4960558105892,64.7450743662223,97.8399756397129,95.2460091525152,0.0896408617042546,93.1151487671661,,2.008,1.619,9.254,6.005,10.5201274031292,9.87958929498709,5.60914901657745,-3.249,-161.787449127213,4.868,3.01,7.935,0.645,,0.653,3.086,5.778,2.433,5.124,247.91,23.37,35.34,34.94,0.4,
FY2020-21,2021,ABU DHABI COMMERCIAL BANK PJSC,,,,,,,,,,,2.086,2.086,0.062,0.914,25.9367782412355,25.9367782412355,11.0403521643434,0.852,40.8683697671959,1.233,0.99,1.001,,,,,,,,3196.32,50.94,201.29,201.29,,
FY2020-21,2021,AMERICAN EXPRESS BANKING CORP.,7.42777163030255,123.590064346025,128.440575920479,252.030640266504,33.3868934494391,,,0.0001338604758874,1.78988666894038,,7.591,6.288,9.119,15.867,15.4660251618466,14.2928684167809,14.6862213345436,6.748,88.9006403112348,-0.46,-4.18,-14.568,4.417,0.007,2.489,13.19,3.991,10.701,1.502,404.0,-21.44,37.54,21.42,16.12,1.3
FY2020-21,2021,AUSTRALIA AND NEW ZEALAND BANKING GROUP LIMITED,9.52908195949695,101.053770600027,164.205630147657,265.259400747684,22.925868122528,24.9573111955572,4.67606642205279,22.5655699717008,22.4446844844605,,3.869,2.654,0.767,1.382,52.2059798999419,27.7877508044022,15.567411634884,0.615,15.905355586765,2.039,1.35,5.988,3.08,1.208,2.539,5.239,6.443,2.7,3.904,5616.45,165.34,32.82,31.73,1.09,
FY2020-21,2021,"BANK OF AMERICA , NATIONAL ASSOCIATION",23.9820186850187,50.0983727383048,53.5018031512631,103.600175889568,60.8902102928435,51.1020428195595,33.9786805557973,7.23153720013017,1.18360525103707,15.0568323663059,3.965,2.982,1.584,1.274,43.1815282364743,24.3791639014804,9.91740727073422,-0.31,-7.80694351388346,3.292,2.06,9.549,1.57,1.746,1.583,4.701,5.811,3.117,4.228,11251.0,257.47,20.04,18.95,1.09,
FY2020-21,2021,BANK OF BAHRAIN & KUWAIT B.S.C.,3.97716144831603,61.0229832073128,28.1739204296918,89.1969036370047,80.1518185133827,24.4108616582292,57.8281037891145,22.4076915414719,90.67211832402,3.33825299013761,5.213,1.338,0.542,1.239,46.0866025490737,11.1614647094279,9.91787636212022,0.696,13.3595757469662,0.641,0.45,3.186,4.608,5.113,4.625,7.764,5.066,3.139,0.441,3724.13,13.3,23.85,22.84,1.01,0.06
FY2020-21,2021,BANK OF CEYLON,4.54013550210511,160.427296016435,22.9261811840903,183.353477200525,48.3357956898757,35.8924502015924,53.6721432309589,32.3204197474537,95.4094914760365,,7.391,4.991,1.427,1.622,43.7831217467084,17.6584022038567,8.05389772862667,0.195,2.63834648457389,4.796,1.73,4.054,4.991,,4.993,8.688,6.333,3.695,1.34,2419.45,36.48,31.14,29.89,1.25,5.86
FY2020-21,2021,BANK OF CHINA LIMITED,4.14425922817924,42.4219839342544,159.840806103043,202.262790037297,25.618752009729,58.7605561207405,6.71869169918231,100.0,93.7500585937866,,3.741,3.24,0.317,8.582,68.4816026461912,64.7001773171234,144.826981272751,8.265,220.920967348711,-5.026,-4.57,-7.599,1.471,,3.084,6.052,6.179,2.968,3.095,194.08,-72.35,127.89,127.6,0.29,
FY2020-21,2021,BANK OF NOVA SCOTIA,15.4737761848763,24.2740200794584,111.688903560349,135.962923639808,59.3461615856825,2.30862627638663,28.2903783430288,0.93663636711888,,,4.168,2.242,0.159,1.865,44.3862044453277,21.8364897888964,19.1277734799073,1.705,40.9184779077323,0.537,0.31,0.959,3.178,1.909,3.056,4.013,5.181,0.957,2.125,3461.98,16.48,48.19,45.77,2.42,
FY2020-21,2021,BARCLAYS BANK PLC,6.98947106469423,35.0707408074393,89.5428093896349,124.613550197074,52.3040114968069,9.08428316724964,7.27144230576866,15.5497044028119,40.1138897562965,68.3067615405426,2.907,2.116,1.111,1.255,43.4112748990701,26.6227508722575,13.557920686114,0.144,4.93797870094876,1.972,0.75,3.81,1.519,7.15,1.718,5.503,3.763,3.785,2.045,9283.88,90.69,15.44,14.23,1.21,0.38
FY2020-21,2021,BNP PARIBAS,19.1642678032626,58.1000757407163,86.5946581740477,144.694733914764,40.3628231115352,25.0323139649904,10.9050695889491,24.2326071419379,12.491948676068,10.0075798353068,4.23,2.792,1.115,1.359,31.6830452511371,15.3953152910891,8.0555198278818,0.244,5.7745615982242,2.548,1.57,6.899,2.62,2.652,2.628,6.476,7.269,3.848,4.641,6710.0,146.0,16.76,14.1,2.66,
FY2020-21,2021,CITIBANK N.A,6.9393679278978,41.3062579252424,55.3905322657579,96.6967901910003,76.735433669762,59.6393451553408,32.9150293735034,38.4813996844095,33.3874504107497,21.6345116387465,5.598,4.079,1.53,1.956,35.2877978446696,19.8613335992395,9.68484662088452,0.426,7.61449939372464,3.652,1.84,14.936,2.001,0.928,1.956,7.808,6.051,5.852,4.096,4779.0,85.68,16.22,14.45,1.77,0.65
FY2020-21,2021,COOPERATIEVE RABOBANK U.A.,29.5447801576919,65.6216861761649,39.2432700986273,104.864956274792,67.6921752044141,5.45957966735564,13.9448382964804,69.1475065039085,68.9969285218604,0.0,4.954,2.549,0.275,1.978,39.1811192971217,17.6790861323224,14.8190738781941,1.703,34.3734949197449,0.846,0.03,0.227,3.386,0.133,3.05,7.411,4.503,4.361,1.453,10138.84,3.9,35.51,34.48,1.03,11.0
FY2020-21,2021,CREDIT AGRICOLE CORPORATE AND INVESTMENT BANK,11.7471732354404,59.0849361718496,57.4951097957525,116.580045967602,44.280457963269,14.4771056543917,39.7003144884306,16.9622085873744,18.7930810531911,,3.12,1.866,0.128,0.956,39.1065842237378,16.9180054435103,11.5088314801318,0.828,26.5395613023258,1.038,1.32,10.158,2.958,5.496,3.165,6.156,6.984,2.99,3.818,10647.09,221.09,13.89,11.55,2.34,
FY2020-21,2021,CREDIT SUISSE AG,13.170128616995,24.1694731484956,254.829903811967,278.999376960463,27.3825100856155,4.31975093947884,,33.4645669291339,94.8818897637795,4.87650673487538,5.251,3.507,0.913,0.533,60.0292565589033,14.0505691973368,5.19059868020944,-0.38,-7.23589063866868,3.887,2.56,9.321,1.597,2.857,2.38,5.281,6.435,2.902,4.055,10769.0,589.87,34.62,32.61,2.01,
FY2020-21,2021,"CTBC BANK CO., LTD.",6.81019847363057,99.3808031439778,40.5707544742924,139.95155761827,65.6948992199731,29.0977494554995,39.2736756319059,10.0309505221494,36.4771355613411,,5.148,2.713,1.0,2.303,60.6151204968634,29.4638308904622,22.709904745401,1.303,25.3182811837254,1.409,0.54,2.065,3.502,1.788,3.349,5.862,4.833,2.513,1.484,3635.58,14.45,36.8,35.54,1.26,
FY2020-21,2021,DBS BANK INDIA LIMITED,7.85154479040783,71.7903670567864,40.7234254789332,112.51379253572,66.6743755353536,30.725939952193,40.0179963702008,41.9342075007265,62.8118196254769,12.4190096389501,4.101,1.918,1.241,2.09,44.3842159815444,21.7073096483671,17.3619628928327,0.848,20.6848500378498,1.069,0.46,3.87,2.605,4.014,2.815,4.561,5.504,1.747,2.689,1573.42,5.54,15.13,12.34,2.79,2.83
FY2020-21,2021,DEUTSCHE BANK AG,5.38900731068057,79.1829554850544,78.1711911982873,157.354146683342,51.1655620060852,54.0231432966792,36.0763848695076,49.9568651498835,50.0813943014605,22.2325733284873,5.132,3.365,0.89,1.84,25.9649831077492,13.2467393867978,7.93339712996762,0.95,18.5119398802961,2.415,1.3,8.397,2.324,3.596,2.64,6.792,5.878,4.152,3.239,6733.93,87.69,17.28,15.81,1.47,0.86
FY2020-21,2021,DOHA BANK Q.P.S.C.,12.9309964872566,58.0532420018934,24.0352859690863,82.0885279709797,77.591945802559,31.4753857423274,45.2799894229778,29.5689978935445,84.3360334954431,0.224896232578473,5.11,1.375,1.003,2.687,36.0905722634029,15.0989616707107,15.8603357700951,1.684,32.9423788855362,-0.308,-0.49,-2.53,4.759,6.554,4.763,6.988,5.868,2.225,1.105,2355.38,-10.14,31.54,30.74,0.8,2.01
FY2020-21,2021,EMIRATES NBD BANK (P.J.S.C.),14.3329610508025,99.3289006419522,61.140307035889,160.469207677841,49.1628500466898,29.0008196068521,40.6286766906243,8.09361215764084,53.5624583166347,6.08468259437614,5.011,3.296,1.062,2.304,40.9538321969751,23.4743771409257,15.5370145304753,1.242,24.7840932568533,2.054,1.12,2.34,3.532,2.614,3.307,4.795,7.503,1.489,4.196,5886.36,61.66,79.47,77.9,1.57,
FY2020-21,2021,FIRST ABU DHABI BANK PJSC,9.02114703025499,452.909700026918,1315.1748284403,1768.08452846721,5.09556335711373,32.6816562341774,1.27791762320072,67.3676355514559,22.4551119943757,,6.333,4.616,0.983,1.217,38.3785970673052,15.9140907129115,6.38243732498729,0.234,3.69467727435707,4.382,2.33,7.337,1.717,3.098,2.965,7.468,7.048,4.504,4.083,4916.0,363.0,39.68,37.39,2.29,
FY2020-21,2021,FIRSTRAND BANK LTD,14.1973852526524,19.1630867444252,321.429726811607,340.592813556032,19.2073423321728,45.2883864941115,100.0,22.8607603840608,22.8607603840608,,5.092,2.979,2.522,5.05,74.7447628187171,52.6953859029235,49.5747359978367,2.528,49.6481270345987,0.451,0.16,0.667,3.264,2.847,2.942,3.584,7.27,0.642,4.328,491.13,5.99,46.03,44.61,1.42,
FY2020-21,2021,HONGKONG AND SHANGHAI BANKING CORPN.LTD.,20.3134045175268,43.3668775508615,50.5194648064893,93.8863423573508,71.8740871097208,37.8448043630772,17.6925235055705,55.8393026205649,52.014806838019,14.9316107478526,5.526,3.791,1.025,1.792,23.5108378349963,11.9467800725478,6.43151474495423,0.767,13.8760749650101,3.024,1.67,13.129,2.337,2.297,2.333,7.931,6.567,5.599,4.235,6221.31,95.87,17.07,15.14,1.93,0.4
FY2020-21,2021,INDUSTRIAL AND COMMERCIAL BANK OF CHINA,9.20113896433515,9.95751518903978,112.26359152866,122.2211067177,72.8997922110635,13.6467730806654,,25.8051596401891,100.0,6.53211915688328,6.565,3.821,1.164,1.355,59.5776262697711,19.6954985805895,10.4450815591088,0.191,2.9049972542559,3.63,1.48,7.997,3.242,5.074,3.498,5.983,7.307,2.485,3.809,5193.0,101.0,32.55,32.19,0.36,
FY2020-21,2021,INDUSTRIAL BANK OF KOREA,21.3641212760894,76.9410309665534,15.8536968356777,92.7947278022311,39.4021155010234,50.6121596617298,30.7055965575442,61.7545213581811,57.4080674352383,,4.988,4.503,1.273,1.833,40.6198051825943,32.11842934802,11.8919895002026,0.56,11.2244136386881,3.943,2.04,3.294,1.367,,1.367,7.837,3.53,6.47,2.163,2277.12,61.41,93.8,93.12,0.68,
FY2020-21,2021,JPMORGAN CHASE BANK NATIONAL ASSOCIATION,19.941557981808,37.7839317160503,88.9108841896602,126.694815905711,45.4819173747118,48.1172039828854,18.5166991323967,36.3140431789093,28.4246448850925,0.353863300337739,3.727,3.014,2.01,0.728,45.3194167376813,22.8943343010982,5.75037480282755,-1.282,-34.4062262526389,4.296,2.6,13.13,1.493,1.101,1.386,4.565,6.258,3.179,4.871,13429.57,574.45,23.95,22.27,1.68,
FY2020-21,2021,JSC VTB BANK,12210.4365417799,,,,0.0198804447879171,100.0,,,,,4.944,4.944,31.445,4.813,69.5717667443684,69.5717667443684,9.20135893487791,-26.633,-538.699064069994,31.576,15.21,22.875,,,,,,,,0.36,275.55,394.9,394.9,0.0,
FY2020-21,2021,KEB HANA BANK,51.0334982339488,105.23515683715,13.1330295565278,118.368186393678,36.3557759299619,28.6387453114426,35.4716276582077,6.75266838768699,40.6490972242976,,4.308,2.863,0.753,1.404,43.6998121381289,21.5319184970187,12.1211598190854,0.651,15.1067459830856,2.212,1.55,3.557,3.278,1.426,3.195,6.772,4.299,3.577,1.104,5443.0,79.0,59.94,59.33,0.61,1.7
FY2020-21,2021,KOOKMIN BANK,4.65936851025977,31.9420108831432,59.2946667639292,91.2366776470724,70.8265771900057,1.62184492290267,24.2581174591909,72.7743523775727,48.5162349183818,37.0188865717332,6.188,3.665,0.213,2.406,53.9196322299081,26.3168308078948,20.2635225477088,2.193,35.4362242845265,1.472,0.31,0.906,4.075,,4.075,7.324,7.211,3.249,3.136,5959.8,16.2,64.88,64.59,0.29,
FY2020-21,2021,KRUNG THAI BANK PUBLIC COMPANY LIMITED,3.76241301624352,,67.1773330130646,67.1773330130646,86.8292454108395,44.182502256912,,,,,3.749,1.954,0.089,1.417,23.4481174770004,10.3470682213797,8.65867164193996,1.328,35.4228276358733,0.626,0.37,3.029,2.069,,2.069,1.626,3.953,-0.443,1.884,4067.7,17.33,101.74,100.49,1.25,
FY2020-21,2021,MASHREQ BANK PSC,15.459234787981,309.272379684013,101.267360245106,410.53973992912,20.6038414136803,87.5028471733503,46.635234321121,49.283988838881,58.4240933728379,22.5266302635163,4.845,4.019,1.645,3.063,58.6701907320989,46.2030779534583,27.6848110374604,1.417,29.2519986096628,2.601,1.84,3.295,1.629,1.763,1.696,5.014,5.403,3.318,3.707,2270.0,47.37,46.12,45.21,0.91,
FY2020-21,2021,MIZUHO BANK LTD,32.889345997591,70.8182736381755,39.4737025575819,110.291976195757,63.413810067586,20.2116815256068,9.61746257289747,12.9446193690781,15.2215232555512,1.57967494044551,4.745,2.767,0.992,1.507,37.5763630213141,16.2478704536642,9.86915845619176,0.515,10.8463728089999,2.252,1.21,4.662,2.965,1.317,2.845,6.898,4.021,4.053,1.176,6811.0,83.0,20.21,19.58,0.63,
FY2020-21,2021,"MUFG BANK, LTD.",15.7152639682085,70.3441463803021,60.8693719120154,131.213518292317,57.9824385900863,20.5318812610675,19.9143115522493,27.6902368370453,9.04198475672918,0.206682232962654,3.884,2.035,1.132,1.08,50.7557759656757,18.7223184743087,10.9311531214157,-0.052,-1.33945119656985,2.087,1.55,7.535,2.65,2.88,2.695,4.645,5.17,1.95,2.475,7539.86,102.81,22.39,21.14,1.25,
FY2020-21,2021,PT BANK MAYBANK INDONESIA TBK,56.3046398193085,137.825326246259,196.272803476016,334.098129722275,18.690057563046,100.0,71.6283801667116,,19.2705418519222,,3.467,3.38,1.645,6.256,62.5625243796832,61.7097541065296,76.569222642168,4.611,133.012226507744,-1.231,-1.38,-1.542,0.009,1.868,0.387,4.765,3.729,4.378,3.342,495.73,-13.81,116.03,115.83,0.2,
FY2020-21,2021,QATAR NATIONAL BANK (Q.P.S.C),11.0131921530692,127.099076955538,52.4239780989372,179.523055054475,51.2708700974859,1.17436813345168,36.104443223176,28.2399743488991,95.2724191089991,,4.587,1.744,1.172,2.972,46.6225839267548,23.8314739238154,24.0642626060739,1.8,39.2502296777706,-0.056,-0.88,-2.35,4.846,0.414,4.281,4.832,5.248,0.551,0.966,4448.78,-31.14,43.0,42.69,0.31,6.69
FY2020-21,2021,SBERBANK,434.46571047802,13.0530540761351,190.020394129939,203.073448206074,7.14890597031589,32.6130470028141,100.0,100.0,14.6520146520147,,2.149,2.02,31.687,5.651,64.0433900904933,62.6129866375572,10.6955884970147,-26.036,-1211.35707750865,28.056,15.37,23.11,0.866,,2.043,13.792,2.59,11.749,0.548,211.11,337.85,95.35,95.3,0.05,
FY2020-21,2021,SBM BANK (INDIA) LIMITED,2.81235410063921,75.6728882734519,31.8147742450936,107.487662518546,81.3449159616107,21.3269481286116,11.8383689679914,73.68723726818,96.7190975140132,3.41024810239199,6.465,2.167,2.041,3.515,43.7294728971255,19.6739426663714,18.0715327839036,1.475,22.8069362912532,0.693,0.56,3.16,4.413,32.142,5.282,8.022,4.919,2.74,-0.363,3193.0,8.92,20.72,19.46,1.26,0.9
FY2020-21,2021,SHINHAN BANK,25.7093275116143,65.5794554542315,28.495736987464,94.0751924416955,80.0968202968563,11.3089164406678,35.6033737510484,27.6981485083696,84.6632121795395,,5.598,2.561,0.704,1.201,55.9160794528218,15.8470831976003,10.6577948979116,0.497,8.87998941150643,2.064,1.19,9.96,3.63,3.346,3.599,6.115,5.887,2.516,2.288,4801.22,43.15,25.19,24.56,0.63,0.4
FY2020-21,2021,SOCIETE GENERALE,7.98526112162242,57.2292317333877,135.637412444604,192.866644177992,25.9590704874423,18.0445656565676,3.17756354747701,21.5056027343061,42.5203528282166,1.88363180254416,3.303,2.288,1.066,1.372,40.1251278973437,23.0652100707714,12.5992336473425,0.306,9.26483344884999,1.982,0.97,5.152,2.944,9.372,3.498,5.971,6.562,2.473,3.063,4335.33,129.48,17.07,15.88,1.19,
FY2020-21,2021,SONALI BANK,2.57027760749628,22.9354584464489,11.126901500595,34.0623599470439,83.9828960823982,84.573376158415,90.7792040069178,5.1846798284033,98.2444466904746,,2.717,1.389,5.903,4.092,71.6206135579523,54.0738741698543,34.0020363593436,-1.811,-66.6705686793248,3.2,1.71,16.522,1.36,,1.623,8.581,10.583,6.958,8.96,572.42,8.31,14.11,13.92,0.19,1.76
FY2020-21,2021,STANDARD CHARTERED BANK,11.8467848665119,63.9200359577082,51.4822963604786,115.402332318187,64.0770235756259,47.4364778933816,41.4021604531506,60.3843269214881,62.5735289614974,25.0089988098798,5.983,3.684,1.425,1.938,43.6732746478519,19.9739880484134,11.4235027952389,0.512,8.56393991546669,3.171,1.76,10.363,2.91,9.117,3.512,8.961,6.605,5.45,3.093,2982.78,50.33,15.7,14.53,1.17,0.74
FY2020-21,2021,SUMITOMO MITSUI BANKING CORPORATION,55.8773508839959,68.7602820726346,33.7330613537931,102.493343426428,58.8862315118138,7.4563530132734,10.4798622133932,27.0508327778052,11.8671191823849,10.8438052781615,5.041,2.686,0.639,0.798,47.7492591544141,12.0871252042463,6.71118754291293,0.16,3.16908410198407,2.526,1.28,3.887,3.787,8.052,3.91,7.013,5.299,3.104,1.389,12021.29,160.88,32.44,31.72,0.72,
FY2020-21,2021,THE ROYAL BANK OF SCOTLAND N.V.,,,,,,,,,,39.4074556270525,3.54,3.319,0.028,1.826,61.4588223411081,54.8259899512512,31.4558767547549,1.798,50.789271404427,1.521,0.56,1.018,,0.628,0.628,,2.355,,1.727,,69.89,290.36,289.93,0.43,
FY2020-21,2021,UNITED OVERSEAS BANK LTD,13.1340418878415,139.020474849009,202.013894594014,341.034369443024,25.7943588234012,0.620393755250556,51.1515137073618,,,,4.881,2.621,1.467,1.774,56.3752782912069,24.7951841680022,15.758155260308,0.307,6.29908925518993,2.314,0.86,2.179,5.665,,5.668,4.465,4.888,-1.203,-0.78,1620.5,71.11,181.9,178.59,3.31,
FY2020-21,2021,WOORI BANK,4.65797168407756,61.5202027176071,54.565656829745,116.085859547352,69.4196525690303,7.96990328537116,48.2390067084183,50.1375921812652,53.707212562243,1.15644269928701,4.965,2.379,0.803,1.268,46.3037006724488,15.2353517079224,10.1790965606776,0.465,9.36175228874252,1.914,1.1,5.52,3.515,0.719,3.249,6.635,4.427,3.386,1.178,6712.0,67.0,29.09,27.5,1.59,
FY2020-21,2021,AU SMALL FINANCE BANK LIMITED,4.36180584033265,96.1911447715249,30.060089095865,126.25123386739,69.7391034397893,23.0005520407057,70.3256299770709,89.0221247041556,95.5482239640911,28.0584956520033,10.562,5.047,3.032,3.539,59.1026385149852,23.1007538509872,15.3849551896189,0.507,4.79777979378776,4.54,2.5,21.981,5.977,8.378,6.501,12.816,7.197,6.314,0.695,293.5,6.47,23.37,21.53,1.84,2.18
FY2020-21,2021,CAPITAL SMALL FINANCE BANK LIMITED,13.8232910112295,71.3816516537798,23.2184571361809,94.6001087899607,81.9474933459559,40.080567776337,68.6300332234471,47.8424722409003,99.4696081393421,0.125048267608407,8.742,3.395,0.783,2.956,52.2843866375191,18.6152688000721,16.2273510552565,2.173,24.8564637645795,1.222,0.69,9.512,5.758,6.652,5.844,10.588,7.48,4.743,1.636,548.89,4.4,19.8,14.27,5.53,1.13
FY2020-21,2021,EQUITAS SMALL FINANCE BANK LIMITED,3.14061059536846,102.783175254018,22.6035413421315,125.386716596149,66.3414957783695,34.2474017326421,59.2005425627645,94.3276811531495,80.4118092454922,2.00937820304466,14.519,8.172,1.9,6.042,59.5330655591432,29.0346297151949,21.9088341241731,4.142,28.5302446158186,4.03,1.65,12.514,7.135,9.178,7.656,18.974,7.255,11.318,-0.401,179.83,2.39,24.18,23.23,0.95,1.58
FY2020-21,2021,ESAF SMALL FINANCE BANK LIMITED,4.75666448060132,90.7567382630848,21.4688025658525,112.225540828937,72.9368677530371,19.4195152001917,62.3069571784709,99.065977331979,14.4961445460228,2.23045346724159,15.051,8.452,1.167,5.795,29.7194040659949,13.8951026436817,10.61871699315,4.628,30.7467482554702,3.824,0.95,8.653,7.544,7.939,7.605,20.027,7.001,12.422,-0.603,432.05,2.77,24.23,21.54,2.69,3.88
FY2020-21,2021,FINCARE SMALL FINANCE BANK LIMITED,19.4885445355746,99.6732543628003,24.055414984457,123.728669347257,66.7491379688885,23.758166869048,83.7014905311476,99.6293354765384,22.8388093475377,,16.587,9.294,1.666,6.143,62.4213361590463,28.5383884827149,21.0055044405499,4.476,26.9854765723343,4.818,1.44,11.776,8.343,9.682,8.634,22.701,5.993,14.067,-2.641,115.0,2.0,29.56,24.91,4.65,2.8
FY2020-21,2021,JANA SMALL FINANCE BANK LIMITED,3.73235847641958,93.7508924947572,37.9284098967448,131.679302391502,64.8786789847974,16.7616164961927,69.9541939207076,92.296534804778,42.7308115407506,,15.03,7.601,1.415,6.302,59.0520316165786,27.1029138700262,22.6310484885381,4.888,32.5190614755608,2.713,0.52,7.769,7.898,9.444,8.299,21.341,4.679,13.042,-3.62,137.52,0.53,15.51,11.75,3.76,5.33
FY2020-21,2021,NORTH EAST SMALL FINANCE BANK LIMITED,7.76753896006892,129.550814151992,24.5593200539793,154.110134205971,56.5560507116472,44.1525447084427,97.1208395377693,99.1657515255827,21.4799038523194,,14.537,8.105,0.831,6.565,60.1748434219617,30.3944596993858,25.7064426316413,5.734,39.4470339218895,2.37,0.32,1.947,6.742,9.897,7.945,18.753,6.428,10.809,-1.517,117.45,0.35,21.22,20.18,1.04,6.81
FY2020-21,2021,SURYODAY SMALL FINANCE BANK LIMITED,3.1576851272152,122.333115385772,57.5516925654859,179.884807951258,48.5054116551775,15.4449915948334,6.26228228092509,95.7371778937774,26.3757937314984,5.4043645377611,12.854,6.798,1.265,5.443,56.5494951019442,26.7674058727825,21.7987538280885,4.177,32.4992971713951,2.621,0.19,0.89,7.813,8.678,8.094,17.728,6.292,9.635,-1.802,142.0,0.26,51.47,47.23,4.24,4.73
FY2020-21,2021,UJJIVAN SMALL FINANCE BANK LIMITED,13.0295523515668,110.339589654007,19.1572369494198,129.496826603427,64.4527710434046,20.5509619942703,54.687413858573,92.3184560266317,27.7699881741727,3.86949064168418,14.467,8.912,1.559,6.342,60.8726536595975,32.4485800582983,24.0891331892537,4.783,33.0629444746236,4.129,0.04,0.259,6.533,8.231,6.926,18.224,7.042,11.299,0.117,137.72,0.05,26.44,25.06,1.38,2.93
FY2020-21,2021,UTKARSH SMALL FINANCE BANK LIMITED,3.66214859909163,109.447658556704,30.8213734351607,140.269031991864,61.8522190179278,17.675396111292,85.9112744744569,99.1866476934765,13.8221345569155,7.13418299109102,14.678,7.792,1.159,5.06,59.8476820414445,25.3500646838171,19.1228255606942,3.901,26.5788472810629,3.89,1.04,9.365,7.527,9.926,8.23,19.116,8.481,10.886,0.252,147.45,1.22,21.88,19.98,1.9,1.33
FY2020-21,2021,FINO PAYMENTS BANK LIMITED,36.3690009973801,0.0542340886572925,207.365293971821,207.419528060479,24.03625330276,100.0,,100.0,,,2.005,1.06,76.292,74.928,15.1536660171197,14.9650366254085,14.5016036115076,-1.364,-68.0477316599934,2.425,4.03,13.6,1.824,2.828,2.252,4.632,2.001,2.379,-0.251,8.86,0.75,56.25,56.25,,
FY2020-21,2021,INDIA POST PAYMENTS BANK LIMITED,4.67076122726542,,83.0152702211272,83.0152702211272,75.1104078217494,100.0,,,,0.0403438329616553,3.418,1.467,5.634,20.991,57.3305175405765,52.4559425349007,132.942553154538,15.357,449.289807689917,-13.889,-10.96,-62.937,2.903,1.323,2.895,,3.967,,1.072,131.26,-18.3,36.15,36.15,,
FY2019-20,2020,ALLAHABAD BANK,3.22236892255639,62.53694696817,35.2859035222038,97.8228504903738,88.6072212742871,47.8241235182378,38.5081553487581,52.2004626075002,91.6444731995606,4.45642435301835,6.68209824163174,2.15185069088235,0.969915132229514,1.90240565430696,59.3778602805904,17.56052651022,14.7622294446465,0.932490522077441,13.9550555582632,1.2193601688049,-2.22,-49.5210702459489,4.96892311604952,4.35243532671352,4.94026881224587,7.89066797493606,6.43545612468594,2.95039916269019,1.49518731244007,1676.0,-23.1,12.01,8.01,4.0,5.66
FY2019-20,2020,ANDHRA BANK,3.63544666577471,74.1934978006106,28.8468772746998,103.04037507531,87.1810600724506,34.5490548467663,44.6724397476628,42.8583011837571,96.7546938777277,6.05098148631317,8.02306651944914,2.83411959041803,1.11234365670451,1.8812661906718,67.0957139903328,17.8530542335762,13.8171024436851,0.768922533967296,9.58389827758888,2.06519705645073,-0.5,-10.4291003707581,5.62609009571318,5.17072459960098,5.60176108196651,9.61970212068339,7.07438977705957,4.01794103871688,1.47262869509306,1921.0,-7.0,11.12,8.16,2.96,4.92
FY2019-20,2020,BANK OF BARODA,3.45099260796963,72.952652847565,29.0295068785961,101.982159726161,81.697188893639,35.288494933547,28.3017920600542,56.8189335693832,87.7230589626076,11.1272768284383,6.784301038,2.451024299,0.921195888,1.685046359,50.6810348020081,14.1899814541882,11.0829832210431,0.76385047,11.2590886816382,1.687173828,0.06,0.842950979,4.691372951,5.858803318,4.78720633,8.067921062,6.739563986,3.280714732,1.952357655,1877.0,1.0,13.3,10.71,2.59,3.13
FY2019-20,2020,BANK OF INDIA,5.26354432928569,66.4050401545762,28.5457364936027,94.9507766481789,84.5523286039366,36.5125196917542,30.5179765497009,49.9151315246528,76.8983287799064,11.8421727482697,6.606248867,2.37977856,1.047103131,1.630206166,58.7619941215346,16.3564037675341,12.5166286816438,0.583103035,8.82653751988737,1.796675525,-0.43,-6.916897541,4.391936954,8.237770049,4.670320584,8.115277098,6.991331638,3.444956515,2.321011054,1940.0,-5.9,13.1,9.9,3.2,3.88
FY2019-20,2020,BANK OF MAHARASHTRA,6.89940225302099,57.8888067129717,38.4768671934984,96.3656739064701,88.8665295809424,50.2942656627092,41.3350972704952,54.0451838011519,82.0851380873205,20.9605046487434,6.895832948,2.566744133,0.989330099,1.848191734,56.5998943121865,16.9342246922235,13.266365727539,0.858861635,12.4547917757805,1.707882498,0.23,4.711580376,4.64864513,6.649599016,4.7394443,7.560871683,7.157300849,2.821427383,2.417856549,1952.0,3.1,13.52,10.67,2.85,4.77
FY2019-20,2020,CANARA BANK,3.60919400957702,69.109201849412,28.1833548432021,97.2925566926141,86.3894171968704,31.3754173257739,43.4358185688686,59.8126810305586,84.1266109850348,8.71752935082699,6.898852517,1.850207737,1.101498152,1.632157966,61.6225277148655,15.0547326874948,12.571661373501,0.530659814,7.69200113173825,1.319547923,-0.32,-5.924764221,5.475557623,5.468738724,5.47512104,8.390691205,6.886291203,2.915570165,1.411170163,1763.0,-4.0,13.65,10.12,3.53,4.22
FY2019-20,2020,CENTRAL BANK OF INDIA,9.58041680457416,48.1576217633509,45.4220098808597,93.5796316442106,88.0740937950441,46.4090563077031,48.6373997094013,52.0581996248337,96.7975440179739,23.1720114351627,6.85985606,2.221023267,1.058805696,2.015096302,60.9218632858567,18.4497639887632,15.5030515487297,0.956290605,13.9403887933544,1.264732661,-0.35,-5.556154723,5.02000483,9.645665216,5.101657191,8.403465143,7.404824074,3.301807952,2.303166883,1405.98,-3.27,11.72,9.33,2.39,7.63
FY2019-20,2020,CORPORATION BANK,7.66733443555002,62.0385151411166,32.3500805375451,94.3885956786617,89.4637046510344,30.5667180719139,41.5059191010938,72.6868528620683,81.875645572869,31.0850976409983,7.29854943027399,2.35986285372382,1.69219159856223,2.33580942088808,65.1705301113876,20.9259773119755,16.9314117390559,0.643617822325851,8.81843479275702,1.71624503139797,-1.13,-15.7781142946812,5.41930151643524,7.04147205502341,5.46260868571144,8.62373336381534,7.02952759995699,3.1611246781039,1.56691891424555,1900.0,-14.0,11.53,9.04,2.49,4.91
FY2019-20,2020,INDIAN BANK,2.20428649343843,76.0443191017226,31.2196783397004,107.263997441423,84.0880964592009,34.6461026129156,45.6906133528627,49.1677908330027,83.5800314766995,16.8642794571181,7.261664039,2.580486697,1.123757884,1.499775531,55.9387683677796,13.5732463480684,10.0049343715236,0.376017647,5.17811957421551,2.20446905,0.26,3.632571103,5.174618911,4.86807565,5.155738573,8.404634958,7.219700719,3.248896385,2.063962146,2461.84,4.0,14.12,12.08,2.04,3.13
FY2019-20,2020,INDIAN OVERSEAS BANK,1.41520281131159,54.4213426017536,35.6202782164199,90.0416208181735,85.511674977522,40.2557065917244,55.5586850797682,47.7331903256415,76.6768398528975,12.5193985434171,6.816100716,2.076550105,1.315624602,2.008412309,63.1863048434565,18.8062907197346,15.60605498619,0.692787708,10.1639887174083,1.383762398,-2.95,-52.45235747,5.194622807,9.210262045,5.296239214,9.067464731,7.117189832,3.771225516,1.820950617,1438.0,-34.27,10.72,8.21,2.51,5.44
FY2019-20,2020,ORIENTAL BANK OF COMMERCE,4.53368034279939,68.645379599377,31.6682736351349,100.313653234512,85.7193026073868,30.6067185046508,37.4842263957171,56.6548005413462,91.9482515434199,28.1494524882472,7.10010740966569,2.0774282280808,1.18560313895549,2.15892130499314,62.8843568770814,18.9041952509687,16.3851219537611,0.973318166037651,13.7084991800635,1.10411006204315,-0.83,-12.7076288510858,5.59839562274391,4.418872752035,5.53055243875411,8.43352071735633,7.17018877637997,2.90296827860222,1.63963633762586,1910.84,-10.71,11.55,8.91,2.64,5.01
FY2019-20,2020,PUNJAB AND SIND BANK,10.5817557636183,65.1427478336885,27.38124870038,92.5239965340685,89.2180665355294,29.5729046846058,41.0262229714317,56.3038264173674,97.1165412123961,22.341684574235,7.570464539,1.964375897,0.856761913,1.773893058,65.1814303071402,15.6673676749243,13.7203963111225,0.917131145,12.1145953476337,1.047244752,-0.91,-17.53966837,5.961722506,8.815532179,6.048843187,9.050782322,7.848159187,3.001939135,1.799316,1698.0,-11.14,12.76,9.58,3.18,8.03
FY2019-20,2020,PUNJAB NATIONAL BANK,5.45543100477778,67.0356168513869,34.1645092631887,101.200126114576,84.7327801329349,42.9745184065398,32.6374273259717,33.868501067625,77.8339657743049,15.3128083436871,6.701484626,2.172100677,1.155211622,1.49143694,58.1430162721768,14.4027938869893,11.0372909373314,0.336225318,5.01717659704737,1.835875359,0.04,0.627552609,4.982301645,4.438657656,4.949170347,7.701505342,6.928519731,2.752334995,1.979349384,1814.0,1.0,14.15,11.91,2.24,5.78
FY2019-20,2020,STATE BANK OF INDIA,5.14359305626805,71.7323139038388,32.2972550866929,104.029568990532,82.0373974746802,44.2281096344726,22.6499048721249,65.9077126522963,75.9493853388459,23.2755475454549,6.743008447,2.570253306,1.185001366,1.969880895,60.812456696452,19.5019362876783,15.1101347543953,0.784879529,11.639901317995,1.785373777,0.38,6.397628964,4.791119835,3.29949885,4.635313446,7.969062386,6.773140102,3.33374894,2.137826656,2105.0,5.79,13.06,11.0,2.06,2.23
FY2019-20,2020,SYNDICATE BANK,5.46469925105666,65.5593891532114,26.6520818172891,92.2114709705004,86.0864407948082,33.475548305426,38.1213270916383,82.6457919086304,86.1694069135904,11.2511606580412,6.8698818587625,2.24781657625227,0.955196118663971,2.11432337925377,68.1490455663915,21.3896684929579,18.4137615919631,1.1591272605898,16.8725938003044,1.08868931566247,-1.2,-24.7914855282613,4.8416796788628,7.16513646739293,5.02327900379709,8.70773048005584,7.1458777473009,3.68445147625875,2.12259874350381,1541.0,-11.87,11.51,8.41,3.1,4.61
FY2019-20,2020,UCO BANK,3.50756087843745,52.3666923669505,47.0999953994091,99.4666877663596,81.8977396225308,39.4128883111755,41.5877833974102,48.1515787896666,91.1141524940284,33.4931739164554,6.489959385,2.18368693,1.231243921,1.341312007,61.6836730860685,14.6499891920603,10.7155644075935,0.110068085,1.69597495051847,2.073618844,-0.96,-13.31575872,4.760140441,6.106582432,4.83804356,8.120688255,6.856862199,3.282644695,2.018818639,1370.0,-10.84,11.7,8.98,2.72,5.45
FY2019-20,2020,UNION BANK OF INDIA,4.46410175659325,69.9071357718138,33.8195176494675,103.726653421281,81.8380506870257,35.5856406957142,36.3161270563243,53.7489555896066,87.3081274161256,30.6947618178082,7.127469289,2.189434316,1.007116964,1.438930912,44.6837852094563,10.0826758328428,7.90413646403558,0.431813949,6.05844699213726,1.757620367,-0.53,-9.615559972,5.545201483,3.707317148,5.363024274,8.195899858,7.593793952,2.832875584,2.230769678,2006.0,-8.0,12.81,10.75,2.06,5.49
FY2019-20,2020,UNITED BANK OF INDIA,3.5264865945501,49.0669656524936,42.6095094849542,91.6764751374478,89.948420440971,50.9162866379962,45.7956809199141,66.8622956507518,92.1976330559313,25.7935653911797,6.34142721484924,1.960882704258,1.70039268673588,3.54915667905398,83.9317134823404,37.5659554333876,37.0422124762551,1.8487639923181,29.1537524547942,0.112118711939904,-4.17,-69.4859707727706,4.70961487501875,11.1837449324634,4.81437756472108,8.61710002283482,5.82715951082122,3.80272245811374,1.01278194610014,1616.0,1.31,5.56,3.56,2.0,4.73
FY2019-20,2020,AXIS BANK LIMITED,13.2727048565448,89.2703872602984,24.4857227568209,113.756110017119,69.9442249132593,41.1973161951113,25.1755773865636,69.8343752588336,72.5378892994941,22.2135434877054,7.299448561,2.937509767,1.810617716,2.016666361,30.7490102515546,9.72163868088134,6.80681047996564,0.206048645,2.82279740866429,2.731461122,0.2,2.146380408,4.941888314,5.360223492,5.026361139,9.060583402,6.780767847,4.034222262,1.754406708,1727.0,2.4,17.53,14.49,3.04,1.62
FY2019-20,2020,BANDHAN BANK LIMITED,11.11552249164,116.727737578136,26.894481486014,143.62221906415,62.2360153537229,36.8393578008595,90.7735911272655,98.0867489492017,34.6061535259822,4.56524585699838,14.69428889,8.536629515,2.091256141,3.275580683,56.3369884196115,19.5623507792321,10.99376580557,1.184324541,8.05976083875304,7.352304973,4.18,22.9095269,6.55106962,15.09760831,7.783357945,17.85253747,6.560304027,10.06917952,-1.223053918,322.0,8.0,27.43,25.19,2.24,0.58
FY2019-20,2020,CITY UNION BANK LIMITED,4.97243131876717,83.0893318256713,22.3272822603222,105.416614085994,82.1025393830305,24.9726428659748,51.6009824270268,37.4333144987297,99.230649135126,1.944689697173,8.776706054,3.52699905,1.431579888,2.13435911,41.4952280156336,11.9941664340943,8.67586570745186,0.702779222,8.0073232211042,2.824219828,1.0,9.397725805,6.147574195,4.496052141,6.096827171,10.49409883,7.248418587,4.39727166,1.151591416,1313.0,8.0,16.76,15.8,0.96,2.29
FY2019-20,2020,CSB BANK LIMITED,3.46908200381429,71.9814136680343,33.9430326836676,105.924446351702,83.7069528930511,29.1728748914019,33.8088461243495,37.0527650032083,95.4297974128713,13.3260904490853,8.440921265,3.311137082,1.238895584,2.981491534,62.1151608358356,22.8318987842545,19.1321622152954,1.74259595,20.6446179894979,1.568541132,0.07,0.7501981,5.810957932,4.882745592,5.787714972,10.57352481,6.60171191,4.785809842,0.813996937,852.0,0.4,22.46,21.79,0.67,1.91
FY2019-20,2020,DCB BANK LIMITED,3.39084859293726,83.4552249047592,25.4906844743432,108.945909379102,78.8724002766727,21.4660467740907,55.7467628810894,79.4092692314304,95.1285691031466,20.7348477705756,9.520261049,3.405022427,1.052780438,2.43063603,50.8113289354994,14.451867349326,11.6810141158308,1.377855592,14.4728761642182,2.027166835,0.9,10.33798937,6.879996681,8.116777609,6.996771232,11.62542503,7.991907347,4.628653797,0.995136115,804.49,5.27,17.75,13.9,3.85,1.16
FY2019-20,2020,DHANLAXMI BANK LIMITED,5.03044129617226,59.5749988453852,33.7709045353454,93.3459033807306,88.9032838531756,29.8004931956962,38.6087151903209,66.2173903720157,94.2776812010149,33.7149998908321,8.208032714,3.10157248,0.937915484,2.693315004,56.9719008305268,19.672781666976,16.7771861354317,1.75539952,21.3863611578776,1.34617296,0.55,8.284224131,5.481622879,13.19491929,5.61481073,10.86019259,6.976067128,5.24538186,1.361256398,1033.0,4.0,14.41,10.69,3.72,1.55
FY2019-20,2020,FEDERAL BANK LTD,4.0547016235056,80.2861951497877,23.5686249126866,103.854820062474,84.3067601245894,30.7139256727006,24.2520637817758,50.5418211055662,85.4335255523862,11.5120100805605,7.771533296,2.734826013,1.136195463,1.985783085,52.5048444072009,14.8470451997179,11.7048054264322,0.849587622,10.93204635284,1.885238391,0.94,11.10287897,5.640050338,5.08417484,5.607007493,9.179601732,6.450571286,3.572594239,0.843563793,2193.72,12.48,14.35,13.29,1.06,1.31
FY2019-20,2020,HDFC BANK LTD.,6.29237268923084,86.597027534467,34.1460457124783,120.743073246945,74.9750965912349,42.2330318674177,25.5810399267475,72.5438840006516,70.5894775047044,17.5554040997498,8.274630745,4.049383869,1.676424018,2.212393098,31.0307329004583,10.6641843246865,6.89898517622244,0.53596908,6.47725676718087,3.513414789,2.01,16.40096174,4.907050808,5.978014575,5.027223604,10.12494298,6.024831647,5.097719378,0.997608044,1749.0,24.0,18.52,17.23,1.29,0.36
FY2019-20,2020,ICICI BANK LIMITED,4.57657304601546,83.6985630057398,32.3659553429206,116.06451834866,70.1924123467992,45.1144548011892,29.5836322837547,68.9733663312511,73.7854467227123,24.5258036290135,7.252029822,3.225390059,1.594767138,2.095613372,38.2672502075918,13.0986679994075,9.06467748606746,0.500846234,6.9062903215124,2.724543825,0.81,7.053609679,4.591337987,5.388805738,4.740725267,9.343194256,6.417824998,4.602468988,1.677099731,1274.81,8.25,16.11,14.72,1.39,1.54
FY2019-20,2020,IDBI BANK LIMITED,4.73817041726407,58.3757668499016,36.7677811350915,95.1435479849931,74.1591484122145,47.7412163179348,47.3987739295479,70.6601825099276,95.1679067472043,6.01073876820409,6.715475953,2.250134789,1.441558541,2.04322203,50.9919982325952,16.0078301513305,12.7727759641617,0.601663489,8.95935735240648,1.648471301,-4.26,-35.98000873,4.934015326,6.706291405,5.207393669,9.465925579,6.611962036,4.25853191,1.404568367,1851.0,-7.3,13.31,10.57,2.74,4.19
FY2019-20,2020,IDFC FIRST BANK LIMITED,5.19125521673291,131.46678951277,69.7373592226583,201.204148735428,43.6379338128775,32.1614540593491,23.3352065686076,91.6527712595551,61.4773141687345,27.2896777414478,10.30867526,3.840612294,1.088645953,3.704968648,26.0635680184717,9.49222473980848,8.47257882423813,2.616322695,25.3798148517152,1.224289599,-1.79,-17.09881321,6.950220685,8.667258298,7.781947774,14.04882496,7.541944955,6.266877184,-0.24000282,959.0,-18.0,13.38,13.3,0.08,0.94
FY2019-20,2020,INDUSIND BANK LTD,6.76859352803331,102.347732326573,29.6871901825049,132.034922509077,65.7986788435049,40.3731520184951,32.0872080618086,73.7137000004037,75.8764781738141,12.3091376369836,9.842353636,4.123514825,2.37701597,2.816778711,26.8105657830284,8.84756501095734,6.18030498867982,0.439762741,4.46806483055372,3.683752084,1.54,14.55207843,6.504253133,7.062050962,6.623631191,12.21244679,7.182109513,5.588815597,0.558478322,1300.51,14.4,15.04,14.57,0.47,0.91
FY2019-20,2020,JAMMU & KASHMIR BANK LTD,3.01414685058498,65.8556430688697,23.5736367724372,89.4292798413069,89.8193698795018,53.6560754757079,36.3041981381945,65.9875871776388,79.0015401263093,10.1325751713743,8.033435235,3.525486099,0.519236157,2.594221666,69.1484759712558,25.2579780947656,20.9743209277506,2.07498551,25.8293674989024,1.450500589,-1.1,-17.50305778,4.798556597,10.45423478,4.935289224,10.05964373,6.957428227,5.12435451,2.022139003,1308.0,-9.0,11.41,9.88,1.53,3.48
FY2019-20,2020,KARNATAKA BANK LTD,3.83930415472815,79.3538338024601,24.4414634814324,103.795297283892,86.1627043446444,28.9079542825805,37.8829052283259,61.4121671261319,89.8675025281373,12.7742655255821,7.975856241,2.501067959,1.554115895,2.014320308,54.8552314994653,14.7542268197242,11.5945781622612,0.460204413,5.76996875209419,2.040863546,0.53,7.345869657,5.995761321,6.50191479,6.021100653,9.223951257,6.878862846,3.202850604,0.857762193,1512.09,5.07,12.88,10.66,2.22,3.08
FY2019-20,2020,KARUR VYSYA BANK LTD,4.6257644165641,78.0330881270336,26.6820562873752,104.715144414409,86.5211802782334,31.3274389613672,43.9984855284787,43.9699146943928,98.3159055155693,16.1809458296546,8.705217881,3.412252144,1.678001121,2.531220325,49.184357677655,15.9117440254947,11.9901589108831,0.853219204,9.80123893630215,2.559032939,0.32,3.609357084,5.916719388,8.967519246,5.985649004,9.854485688,7.503381478,3.868836684,1.517732475,1354.0,2.96,17.17,15.27,1.9,3.92
FY2019-20,2020,KOTAK MAHINDRA BANK LTD.,3.61655556208602,83.6115029289793,28.5561971061306,112.16770003511,72.9546957652668,56.1681051153222,33.3740420348142,69.959245447553,75.1213254948784,18.0161856066876,8.009715068,4.01522549,1.597833951,2.632547013,44.18873360833,17.5536858857197,12.1080744369184,1.034713062,12.9182255978996,2.980512427,1.87,12.94050566,4.935919988,3.89799341,4.805485054,9.871704254,7.1898665,5.066219201,2.384381446,936.0,13.0,17.89,17.27,0.62,0.71
FY2019-20,2020,LAKSHMI VILAS BANK LTD,4.88641895005745,64.4861504098403,25.107404591371,89.5935550012113,87.8045199578956,26.6357990948746,50.4898064566667,47.7588251639599,99.0345381968026,9.45477749620414,7.67974477757741,1.48856753878241,1.22275585938934,2.76511433087657,42.3365199393095,13.0707354816408,13.1497118368657,1.54235847148722,20.0834600127658,-0.0537909327048154,-2.61,-53.5517298928225,6.70839676745578,9.25784112789877,6.78998735522643,9.77098987011336,7.38943668923344,2.98100251488693,0.59944933400701,842.0,-18.0,1.12,-0.88,2.0,10.04
FY2019-20,2020,NAINITAL BANK LTD,4.2898876239454,49.8603216572231,21.8273607196034,71.6876823768265,91.003301188493,32.830727427985,52.7469723529842,37.9737671175438,97.2299993708521,15.2207876689937,8.307185316,2.829320741,0.491806836,1.964068918,64.5985435162834,17.0487940528608,14.4193777294563,1.472262082,17.7227547715839,1.357058659,-0.79,-11.10310739,6.040890975,33386.66667,6.054273893,9.098991071,7.357549523,3.044717177,1.303275629,1247.0,-8.0,12.94,12.45,0.49,4.89
FY2019-20,2020,RBL BANK LTD,11.0964036870161,100.357754100221,31.3942863657545,131.752040465975,64.973784726794,29.6054281669343,26.7265285118229,68.710056642414,51.6319451364466,13.8439999261697,10.05615769,4.286892947,2.256156965,3.337213832,27.1958180354917,9.96633983113498,7.37134021307449,1.081056866,10.7501980385623,3.20583608,0.6,5.578226945,6.898488452,6.078528024,6.735459036,12.29763166,7.84615793,5.562172624,1.110698894,1492.0,7.0,16.45,15.33,1.12,2.05
FY2019-20,2020,SOUTH INDIAN BANK LTD,3.3793232669301,77.6062332795903,24.8395865494826,102.445819829073,85.5729217477397,25.0013657977796,42.3629844743811,46.6627356599622,95.9900657412112,6.98987739532873,8.202114229,2.448336662,1.104789602,1.8145841,54.8057951094711,13.1401918635834,10.6855863349363,0.709794498,8.65379922746832,1.738542164,0.11,1.934261578,6.18206163,6.678039591,6.215446842,9.689310349,7.006678634,3.473863507,0.791231792,1738.0,1.25,13.41,10.79,2.62,3.34
FY2019-20,2020,TAMILNAD MERCANTILE BANK LTD,3.84087976778032,75.2633920018312,25.7089554262292,100.97234742806,86.1226907944922,25.84668811659,66.7037429189847,29.0806507871791,98.9787277812098,16.0446794200058,8.322836876,3.168433585,1.264033697,2.043211017,51.1848529488672,14.5300166091533,10.9088210413821,0.779177319,9.36191987119169,2.389256266,0.99,10.73172624,5.95207827,3.084320988,5.939224291,9.96645792,7.64602782,4.027233629,1.706803529,1498.85,9.47,16.74,15.87,0.87,1.8
FY2019-20,2020,YES BANK LTD.,5.64107113705465,162.715335676208,41.6791783630224,204.394514039231,40.8661525241373,26.6341928694366,27.4711218020452,79.3714119382021,76.0494408706989,25.0664994666414,8.162993147,2.131119861,3.712968441,2.107313509,38.6356074353675,10.0031292486661,6.85564170038778,-1.605654931,-19.669928693703,3.736774792,-5.39,-67.52155327,7.210938083,6.530707815,6.938675527,10.29739854,6.386422529,3.358723012,-0.552252997,1195.1,-73.4,8.46,6.46,2.0,5.03
FY2019-20,2020,AB BANK LIMITED,2.59845927628321,51.9969684484277,37.4061145110017,89.4030829594294,52.0244064436866,96.4729863050981,94.7329681553666,0.0988670274828528,77.9288448187498,,3.133574361,2.529661625,11.46667072,11.39749719,6.7352883153656,6.39636760378669,5.25781787875494,-0.069173535,-2.20749620124937,2.59883516,1.31,3.39755885,1.060325454,,1.078833697,6.119106119,7.023729234,5.040272422,5.944895536,243.27,10.45,45.0,44.44,0.56,
FY2019-20,2020,ABU DHABI COMMERCIAL BANK PJSC,,,,,,,,,,,6.064665363,2.071833299,-0.368243124,5.290940187,55.6778417496542,31.7315119841611,51.7145882271389,5.659183311,93.3140243134026,-3.587350012,-6.43,-26.20086874,5.357573607,5.342851128,5.355849886,7.569096336,4.640006323,2.213246449,-0.715843564,5701.25,-352.16,206.85,206.85,,
FY2019-20,2020,AMERICAN EXPRESS BANKING CORP.,8.71634564281357,187.290437119546,156.928876580677,344.219313700223,25.812521483558,,,0.0001479666312675,2.94287572646287,,8.183259182,6.395514137,17.42730985,21.33386605,10.2763469874375,9.48178780485808,8.5603021849215,3.906556192,47.7383901145013,2.488957944,0.07,0.311342151,5.94306808,1.41424263,3.962986573,11.25031184,5.724029795,7.28732527,1.761043222,1015.0,0.78,40.44,17.56,22.88,0.92
FY2019-20,2020,AUSTRALIA AND NEW ZEALAND BANKING GROUP LIMITED,4.47557734188556,71.7876707403141,78.3094133597316,150.097084100046,43.9510619948208,15.3449534372929,11.8354898214138,17.3053880882281,17.0855058079523,,4.598689747,2.253200549,1.115956097,1.534880189,56.9891635619904,22.5420647979315,15.3065545172836,0.418924092,9.10964024842592,1.834276457,1.02,5.919991776,4.502694576,3.759483543,4.425907574,5.86858849,7.008185641,1.442680916,2.582278068,10256.62,111.46,14.7,13.63,1.07,
FY2019-20,2020,"BANK OF AMERICA , NATIONAL ASSOCIATION",3.42388012054848,59.5109499026175,64.7267553144521,124.23770521707,54.5843226360924,41.2110676277125,25.3387410649807,4.63599129511916,9.36352627795972,,5.75630286,3.139427888,1.691148817,1.254659232,45.3049864807377,14.6821173549651,7.63245227926136,-0.436489585,-7.58281132311845,3.575917473,1.97,10.31301159,3.725358035,5.317516593,4.093485232,7.007806818,7.453992665,2.914321586,3.360507433,13296.35,257.76,17.62,16.72,0.9,
FY2019-20,2020,BANK OF BAHRAIN & KUWAIT B.S.C.,4.30586857163089,59.8245276827577,28.1968902202028,88.0214179029605,81.604465085724,19.6031541637635,37.8393963308005,32.2163883171701,67.2436263813685,1.99619604575446,6.197222379,1.862259315,0.622753934,1.440496568,42.3147824762283,10.5540169648888,8.93761153122328,0.817742634,13.1953088648589,1.044516681,-0.18,-1.290561179,5.42221087,1.544158874,5.141824202,8.701946914,5.851911152,3.560122713,0.71008695,3944.39,-5.24,22.77,22.25,0.52,0.35
FY2019-20,2020,BANK OF CEYLON,3.75255022592564,140.442067959124,22.700518005963,163.142585965087,47.7769472068082,35.6059879860137,42.1835210633454,32.277229346989,99.780588625937,,8.591492137,6.096160274,1.370916133,1.599293307,42.6150430055384,16.6447355304344,6.84111222873906,0.228377174,2.65817823334481,5.867783101,3.54,7.771778354,5.327990573,,5.331173597,9.872096012,9.499529496,4.540922415,4.168355899,2088.0,67.0,33.36,32.11,1.25,4.68
FY2019-20,2020,BANK OF CHINA LIMITED,94.945064595449,24.3940517544202,,24.3940517544202,5.02047940571758,2.42379298231919,100.0,100.0,,,4.197727058,4.154911604,-0.067774806,8.273572136,58.4170169933093,58.1162672887067,117.027358831867,8.341346943,198.711036422411,-4.186435339,-3.92,-5.271081623,0.852816049,,0.852816049,0.904,,0.051183951,,36.72,-0.52,175.13,175.07,0.06,
FY2019-20,2020,BANK OF NOVA SCOTIA,4.16988635763765,53.4475227067507,99.114534091925,152.562056798676,54.9629827910139,4.01173913942255,63.8272785828898,0.457605330093396,15.0990780111902,,4.663165772,1.938814038,0.588005059,1.658945019,48.4949950492344,18.3538863543785,15.320493856639,1.070939959,22.965942270869,0.867874078,0.75,2.528349694,4.670986283,1.86046294,3.994318487,5.271827331,5.916997901,1.277508844,1.922679415,4471.85,39.76,31.72,30.63,1.09,
FY2019-20,2020,BARCLAYS BANK PLC,3.0221734033266,71.2206605817664,59.7321497567548,130.952810338521,35.8723862945423,15.1216653855031,19.7027573609332,21.4568409056956,21.8946072001298,36.5747206979197,4.120281238,2.289930741,0.814150405,1.275184014,43.4505450475535,17.8415149634398,11.2287380723064,0.46103361,11.189372350034,1.828897132,0.86,4.260599328,4.615338136,1.989088975,3.851833273,6.718069401,5.828778962,2.866236128,1.976945689,10279.88,114.56,15.67,14.87,0.8,
FY2019-20,2020,BNP PARIBAS,20.4720530560972,70.2124123582708,64.0884619629834,134.300874321254,43.7433733290918,22.0217906678862,12.9878500079925,34.2225204252741,35.5217118945762,20.262761257897,5.395765985,2.463666632,0.092809366,1.643007842,29.4373885166146,10.5715250218701,8.81209732934956,1.550198477,28.7299056515471,0.913468156,0.49,2.552743929,5.243820748,5.228985851,5.241598216,8.545392321,8.084815655,3.303794105,2.843217439,8467.4,47.53,15.01,13.03,1.98,
FY2019-20,2020,CITIBANK N.A,8.42914620870792,42.1284767088866,64.2813065735766,106.409783282463,72.1517256470524,55.8152438885539,39.1154296801162,39.3283991329646,41.1060632716653,24.3958751712622,6.387287477,4.224094691,2.344370045,2.080663523,34.2229657826501,16.7787199564457,8.1549781771319,-0.263706522,-4.12861521120084,4.487801213,2.55,19.41456792,2.79582364,2.776386657,2.794080146,9.751951334,6.265708515,6.957871188,3.47162837,4362.86,104.05,15.61,13.81,1.8,0.56
FY2019-20,2020,COOPERATIEVE RABOBANK U.A.,36.6619226975481,54.5952704394211,37.8057348361519,92.401005275573,73.1719701662918,3.18763483775498,9.5803155656478,57.3111158167504,61.351394298432,0.0880532887894236,6.250949842,2.360868873,0.162268317,2.075535329,33.1416465786244,11.5305200505057,10.7257630482732,1.913267013,30.6076206198769,0.44760186,-0.85,-5.064774725,5.477249631,1.020167366,4.812408359,8.748804963,5.6304372,3.936396604,0.818028841,11562.83,-82.04,38.33,37.35,0.98,3.14
FY2019-20,2020,CREDIT AGRICOLE CORPORATE AND INVESTMENT BANK,15.5265318117609,76.9540899992372,53.4456637365462,130.399753735783,30.7353901235623,8.86364912720081,12.351769143199,12.4593757447971,21.0220707269927,,3.099783877,1.435946758,0.252485413,0.868226601,40.6187625663667,13.9278841572991,10.5201244645618,0.615741188,19.8640038238433,0.82020557,0.68,5.456296589,5.016423567,3.425721015,4.51191634,6.703258005,7.205593,2.191341665,2.69367666,11507.55,101.27,12.43,10.17,2.26,
FY2019-20,2020,CREDIT SUISSE AG,10.4162501095614,43.3300022890482,266.078452131594,309.408454420642,28.4553748931822,13.735189960281,18.5000753874303,40.7499623062849,61.1249434594273,15.5047428669065,5.002890383,3.103904381,-0.758718433,0.643159768,53.3747921133478,13.5037570660564,8.08839022402192,1.401878201,28.0213655283707,1.702026179,-1.57,-4.202395811,4.045435325,1.583427243,2.84406326,7.102610714,5.24970869,4.258547454,2.40564543,10147.0,-285.0,33.78,33.56,0.22,
FY2019-20,2020,"CTBC BANK CO., LTD.",16.4708031654242,90.5375361878438,37.3993809626922,127.936917150536,66.7590488167838,23.9182332143903,29.0575302555989,10.9170658138664,35.1859712421075,,6.31326532,3.337107465,0.712725174,2.882278163,63.0131455801122,31.0016893450879,25.8499372647428,2.169552989,34.3649898950594,1.167554475,0.45,1.762960844,4.109295675,3.418775141,4.024700801,7.503425207,5.69237691,3.478724406,1.667676109,3739.73,10.49,39.73,38.71,1.02,
FY2019-20,2020,DBS BANK INDIA LIMITED,5.16883854887926,53.65933896664,65.709777810373,119.369116777013,56.7127609509901,18.820731841175,40.0004129491119,25.7644852420743,39.4113791995912,9.08985432153781,5.375506498,1.936548392,0.454248821,2.057186238,45.8093844231612,17.1462809759748,16.1650755570664,1.602937417,29.8192815433771,0.333610975,0.2,1.856295216,4.177919374,6.404139456,4.666441821,6.518451596,6.760544867,1.852009776,2.094103047,2770.94,6.09,16.33,13.12,3.21,0.47
FY2019-20,2020,DEUTSCHE BANK AG,5.33244174491594,85.2414248801858,55.3834300208849,140.624854901071,49.4123715781534,56.7216557511989,31.769362758573,42.3272692385745,48.7623972444642,21.2455794071865,5.848981518,3.320912906,0.643316828,1.754387721,28.3179778730663,11.6009852312804,7.65225348962275,1.111070893,18.9959720302958,2.209842013,0.95,6.257944349,3.789237889,4.487091284,3.935823261,8.478716014,6.64169195,4.542892753,2.705868689,6352.14,60.72,14.93,14.11,0.82,1.31
FY2019-20,2020,DOHA BANK Q.P.S.C.,17.0478554977941,74.0010103724242,19.635947580393,93.6369579528172,78.7878188882037,31.71083793073,48.675805597175,21.530189075811,82.14206845635,,6.037221203,1.820072215,1.229568415,2.770587191,37.0642568094797,14.6957115323562,14.1313785791132,1.541018775,25.5252992006396,0.279053439,0.32,1.536427019,5.645057068,2.511565059,5.377629464,7.538203877,6.062198809,2.160574412,0.684569345,2814.04,6.12,26.87,26.06,0.81,
FY2019-20,2020,EMIRATES NBD BANK (P.J.S.C.),13.3966344163572,184.315880459385,125.18788573435,309.503766193735,27.8492093234905,20.9947968569664,35.4285763767727,3.61358830976614,9.93811539750554,18.588837322897,6.257523841,3.624677139,0.776824753,3.003616465,41.7757568332985,22.2618949787295,17.8379489426489,2.226791712,35.5858286498587,1.397885428,0.82,1.811616899,6.82014884,2.825881,4.949921191,6.684041348,7.262501518,1.734120157,2.312580327,4384.9,36.26,86.05,84.68,1.37,
FY2019-20,2020,FIRST ABU DHABI BANK PJSC,10.3274859732758,386.773586517262,967.861691961926,1354.63527847919,6.29535516710731,32.7417374453478,,44.8580185053819,13.1123438708039,,6.835431364,4.634100779,1.461759511,1.722574122,42.8907523398497,18.8288211763766,8.90451975221771,0.260814611,3.81562767218908,4.373286169,2.2,4.841521458,1.735983311,5.691401494,5.122819306,9.727042808,7.967853746,4.604223501,2.84503444,3576.0,203.0,38.53,37.33,1.2,
FY2019-20,2020,FIRSTRAND BANK LTD,7.48954522226618,131.852102578066,379.218966696855,511.071069274921,15.3025506211192,11.0208148186024,42.949230232271,48.7729324975477,28.055998939843,20.6227160920715,6.208321594,2.205008116,1.991848106,2.864309279,65.062251886596,27.1357962388494,22.7261652595046,0.872461172,14.0530924339669,1.332546944,0.29,1.680577159,7.222061811,4.202183561,5.017615688,7.611385899,6.893339103,2.593770211,1.875723415,1719.0,13.0,29.99,29.09,0.9,
FY2019-20,2020,HONGKONG AND SHANGHAI BANKING CORPN.LTD.,3.43413238255146,61.336675893076,57.3650824757349,118.701758368811,59.1398897881079,45.5913615759162,13.9378817308164,49.1818697381497,54.0555526328567,18.812713208717,6.0062775,3.627783868,1.115951961,1.819136138,32.7559925133686,14.1955372391373,8.36642655768286,0.703184177,11.7074873199586,2.924599691,1.61,11.35039961,3.285620329,3.019479144,3.231699661,8.249822053,7.247989495,5.018122391,4.016289834,5061.2,71.58,16.11,14.38,1.73,0.16
FY2019-20,2020,INDUSTRIAL AND COMMERCIAL BANK OF CHINA,3.51260003298938,18.7761363580051,126.893053752637,145.669190110642,61.8313868226113,17.8622738085771,,34.3730543405941,100.0,19.4152053047681,6.695402289,2.549821727,1.031426969,1.518468878,60.8290951144554,16.3076062031797,11.9540738773041,0.487041909,7.27427401386253,2.062779818,0.9,4.879996993,6.161957849,3.727956078,5.253751172,6.86661773,7.54398113,1.612866558,2.290229958,4494.0,57.0,24.64,24.31,0.33,5.76
FY2019-20,2020,INDUSTRIAL BANK OF KOREA,12.3786383002293,99.0007321906883,18.0100932510676,117.010825441756,30.8711446823127,79.119495755286,14.250652715887,45.1385917041283,33.7773600832335,,6.536292018,6.154005362,1.803792478,2.183598781,41.6936223990853,35.4817645816129,10.9162135067585,0.379806302,5.81073032451328,5.774199059,3.21,4.8110036,1.47080664,,1.47080664,6.704314917,4.631928141,5.233508277,3.161121501,1638.34,82.71,105.32,104.67,0.65,
FY2019-20,2020,JPMORGAN CHASE BANK NATIONAL ASSOCIATION,16.9587769509485,51.7254388669933,121.39775185487,173.123190721864,30.6867623173048,57.75522577328,26.7983578256371,28.5351128636297,23.386269035133,0.320366580155792,3.635441742,2.681869275,1.281714445,0.664236185,47.4223300561188,19.4705520681692,6.40606610917834,-0.61747826,-16.9849581883558,3.299347535,2.17,9.662718784,1.84357583,1.867964309,1.851093661,6.010495507,5.592134174,4.159401846,3.741040514,11515.27,388.27,14.93,14.14,0.79,
FY2019-20,2020,JSC VTB BANK,10368.879554557,,,,0.0591253445753695,100.0,,,,,3.242161446,3.242161446,10.63209105,9.311699697,62.3472923317101,62.3472923317101,41.8443633709868,-1.320391357,-40.7256510509448,4.562552803,13.09,14.33100311,,,,,,,,0.43,94.45,295.01,294.18,0.83,
FY2019-20,2020,KEB HANA BANK,29.1825539086501,79.194333922088,10.5888990676465,89.7832329897344,50.8941584716744,21.1373214359684,24.3511470387597,10.347182540505,37.8758057376117,,5.227375592,2.53029092,0.890281224,1.462372143,46.5222301943404,16.3561773789997,11.1207306154905,0.572090918,10.9441326403215,1.958200002,0.3,0.743634796,5.509535165,0.869622679,5.285043598,5.841343326,7.583122815,0.556299728,2.298079217,3613.0,11.0,42.3,41.69,0.61,2.35
FY2019-20,2020,KOOKMIN BANK,4.31140382161567,47.5522480325257,19.4689585471892,67.021206579715,44.4806967388875,2.14918932031642,,50.7246376811594,50.7246376811594,,4.039597581,3.436409947,0.037337121,3.141851327,60.5878478913091,50.8293804918576,46.691454286391,3.104514205,76.8520661564671,0.331895742,0.04,0.053496194,1.356066065,,1.356066065,1.212173913,1.294860381,-0.143892152,-0.061205683,1784.2,0.79,110.13,109.83,0.3,
FY2019-20,2020,KRUNG THAI BANK PUBLIC COMPANY LIMITED,2.82716066900759,0.397309212443637,90.3822136453884,90.7795228578321,86.6521048931948,42.5353566996266,81.8516483516484,,100.0,,5.639343178,2.837297745,0.209099071,1.222840722,26.2035078989924,7.96114853692873,5.47884636016945,1.013741652,17.9762362350212,1.823556093,1.02,8.693852904,3.235950839,,3.238170179,10.66737476,8.089391133,7.429204578,4.851220954,3830.32,44.99,65.43,64.18,1.25,
FY2019-20,2020,MASHREQ BANK PSC,2.43836592726594,196.304143064561,133.214775949353,329.518919013915,27.4625766757768,58.4749771254795,43.3719657784284,38.2626923725286,49.8379304006454,10.6543425418087,6.963640235,5.056540792,3.005287511,3.350792617,50.5275814964061,32.2006319460106,16.9835163148578,0.345505106,4.96155881345908,4.711035687,2.79,6.083094298,2.138307097,7.764535605,4.250316698,7.343130949,7.601544403,3.092814251,3.351227705,2210.0,86.26,49.21,48.3,0.91,
FY2019-20,2020,MIZUHO BANK LTD,3.94129238647162,64.9081318672228,35.9918516223165,100.899983489539,65.4058573187492,17.8083979993044,23.8326559216268,14.8006842811978,11.2012970274985,4.20748912585417,6.120766066,3.053014835,1.646185109,1.343488628,45.472787567858,13.8492067860481,7.86565688594609,-0.302696481,-4.94540189256291,3.355711316,2.04,8.063936243,4.694095172,3.188373842,4.353660192,7.757340029,6.230977616,3.403679837,1.877317424,7974.0,134.0,19.41,18.83,0.58,
FY2019-20,2020,"MUFG BANK, LTD.",8.7680595520163,67.6798987625363,61.0678297225867,128.747728485123,52.520890432698,17.2017627549268,18.0161484891487,6.86919233412624,8.76726485106498,0.507011788937753,5.062885347,2.009179629,1.149926166,0.966996183,49.7860592165641,11.9737623993693,7.74897631155239,-0.182929983,-3.61315673840086,2.192109612,1.63,8.183765055,4.830849716,2.881742103,4.328005536,7.023771437,6.499505328,2.695765901,2.171499792,7470.93,103.0,19.68,18.74,0.94,
FY2019-20,2020,PT BANK MAYBANK INDONESIA TBK,4.25018370146449,212.940109688087,243.581258352835,456.521368040922,16.9447948483218,95.007569722484,24.9023081727762,,18.3376432078145,,4.802393452,4.402883971,2.156037181,6.362746778,60.7681915883474,57.1780483320629,55.5660659124807,4.206709597,87.5961047024413,0.196174374,0.26,0.290246084,0.213941786,7.94652474,1.82062134,5.798461948,6.280890769,3.977840609,4.46026943,712.31,3.0,107.17,106.89,0.28,
FY2019-20,2020,QATAR NATIONAL BANK (Q.P.S.C),2.8955602023278,99.9029713829671,28.9756793117823,128.878650694749,63.3257231148651,0.791318251634606,15.7447666066971,27.5790413232361,73.3623418824875,,5.408432951,2.996213204,0.563896787,3.231119603,47.1409941786395,26.9907905495546,25.5039820426852,2.667222816,49.3160004041357,0.328990388,-0.13,-0.279041886,3.773705556,7.245098039,4.142930271,6.192074799,4.18454444,2.049144528,0.041614169,5976.65,-3.7,45.52,45.1,0.42,
FY2019-20,2020,SBERBANK,486.647415609325,123.825850317149,412.873693219775,536.699543536924,5.05138527549722,94.2231920081775,,100.0,100.0,,1.653954143,1.569588503,36.61966246,6.791036397,73.4757203377416,72.5741256215727,13.0370823401948,-29.82862606,-1803.47358448665,31.39821457,17.86,24.69173994,0.197886579,,1.197201588,3.49198601,4.69826172,2.294784422,3.501060132,207.89,306.01,105.92,105.78,0.14,
FY2019-20,2020,SBM BANK (INDIA) LIMITED,4.24436727297128,69.1925879976647,31.0267244840706,100.219312481735,73.9631038312958,13.5815654457735,13.7730690011397,79.4712671691003,98.0575559283273,5.90761968197991,6.222312561,2.366361019,3.355659627,4.313022723,44.8581679394528,23.6840380873142,20.1999226807031,0.957363096,15.3859692323234,1.408997923,0.1,0.34336049,4.540447067,195.0773333,5.550661671,8.492517638,6.509473996,2.941855967,0.958812325,2298.37,1.43,32.44,31.48,0.96,2.9
FY2019-20,2020,SHINHAN BANK,3.38743634910104,96.3650188952518,34.0771225680979,130.44214146335,70.0953063962689,11.6623738324831,41.6057576736794,24.4974628297238,81.2281209429245,,6.688089316,2.352044435,0.704684857,1.266171375,54.8823681111941,12.4041058617456,9.39978442162592,0.561486518,8.39532026765217,1.790557917,0.53,4.04421934,5.780113442,1.90827938,5.17129231,7.275488154,5.833219722,2.104195844,0.661927412,4499.49,15.97,21.6,21.07,0.53,
FY2019-20,2020,SOCIETE GENERALE,10.8840037343179,57.353544811596,111.525007238264,168.87855204986,26.9210468721326,14.2645755768791,0.877339066959547,1.9054500444351,14.5118313204159,2.06100584352166,3.650748058,2.028958369,0.919958689,1.655771792,42.1519237607666,21.2944796730149,15.2698412296697,0.735813103,20.1551323425269,1.293145266,0.54,2.450039017,4.34077838,6.522775885,4.680723786,7.708597431,6.813393563,3.027873645,2.132669777,4945.0,50.0,12.58,11.6,0.98,
FY2019-20,2020,SONALI BANK,4.04059719055674,24.2779044397048,12.0397146429359,36.3176190826408,78.71507116409,78.8584736829203,87.1540512157686,7.3673156151547,93.3047903707892,,2.64523087,0.884582077,7.018142799,6.039813615,64.2979097682119,49.7851756151789,40.1875581066333,-0.978329184,-36.9846426461902,1.862911262,1.02,7.911850466,1.898693731,,2.250373947,8.423465225,10.9814675,6.173091277,8.731093552,383.13,3.9,16.68,16.53,0.15,4.53
FY2019-20,2020,STANDARD CHARTERED BANK,4.01633552733009,75.9141839941844,48.3127052634591,124.226889257644,54.4145483194161,47.9870212242402,33.31807952761,51.8650504387446,58.1205747105678,16.1533360456148,6.412181912,3.578169549,1.718133048,1.969793117,44.4433796481496,18.2239401006552,10.7676349278577,0.251660069,3.9247181777042,3.326509479,1.78,10.11102287,3.712320711,8.684972657,4.313405998,9.856718223,7.520445717,5.543312225,3.207039719,2713.11,44.23,14.89,13.91,0.98,0.8
FY2019-20,2020,SUMITOMO MITSUI BANKING CORPORATION,37.3913194807193,75.4143366433873,47.8289358760423,123.24327251943,58.1049002279523,8.36381597552811,12.5835057979084,61.9303561951839,20.5238205814482,45.6500827373913,6.339881995,2.434006038,0.739208308,0.87227439,50.7782467089176,9.26981383126788,6.25681581628227,0.133066082,2.09887316192596,2.300939956,1.22,3.695733742,6.316520261,7.430137018,6.338865383,9.191114134,5.27266856,2.852248751,-1.066196823,13373.19,127.32,40.86,40.1,0.76,
FY2019-20,2020,THE ROYAL BANK OF SCOTLAND N.V.,,,,,,,,,,40.9008630989474,4.071583682,2.532652277,0.024238475,3.406317213,84.4455168669559,58.1665837052464,70.229664929705,3.382078738,83.0654360195504,-0.849426461,-0.7,-1.263511595,3.09331914,4.462596541,4.449495571,,4.263742634,,-0.185752937,,-87.99,284.1,283.56,0.54,
FY2019-20,2020,UNITED OVERSEAS BANK LTD,3.40145418428874,79.9294045893781,41.243536692534,121.172941281912,48.9646575159774,0.174166160762954,47.5313648192159,,16.9253661873497,,5.256615688,3.245233572,1.146827092,5.155014251,18.7387462836565,13.4793694330603,15.0854013172832,4.00818716,76.2503366720736,-0.762953588,2.34,4.539529412,4.153723565,,4.512321581,7.992542407,7.205298141,3.480220825,2.692976559,5291.21,137.94,171.78,171.03,0.75,
FY2019-20,2020,WESTPAC BANKING CORPORATION,,,,,,,,,,,4.92207512797615,4.55979299096573,-0.26731072379913,2.73261187119659,45.3251966279929,40.0195192602824,26.608472441447,2.99992259499572,60.9483300639749,1.55987039597001,1.53,1.69182361812927,1.31047488956814,3.86864,1.94873823630327,2.28786683365478,7.77087535403824,0.33912859735151,5.82213711773497,,97.92,63.83,63.83,,
FY2019-20,2020,WOORI BANK,3.53687625943937,60.7701755644028,34.3132898203836,95.0834653847865,74.3148217589486,17.2868200850047,40.4308107961946,39.1536876519566,43.8708028744526,3.11595935599097,6.718920588,2.659650131,0.774037365,1.322999504,46.902621511091,11.5289915664688,8.28139506250894,0.548962139,8.17039183888553,2.110687991,1.22,7.068161316,5.149305494,1.803006473,4.963305029,9.035363796,6.511940324,4.072058767,1.548635295,8301.85,68.72,33.16,32.22,0.94,
FY2019-20,2020,AU SMALL FINANCE BANK LIMITED,4.01177102545951,103.166523545308,40.7745165452707,143.941040090578,62.0835830587669,14.475296460467,74.141994311341,90.7514976899856,97.0130753855704,28.355312038228,11.46481526,5.10644856,1.888808345,3.792796308,53.5750507492451,20.0173373658548,15.216787637354,1.903987962,16.6072275756156,3.202460598,1.81,17.89949922,7.043627449,8.142805643,7.366366481,13.71113834,6.881357053,6.344771863,-0.485009428,300.24,4.66,21.99,18.36,3.63,0.81
FY2019-20,2020,CAPITAL SMALL FINANCE BANK LIMITED,4.97530339482546,74.400466979067,23.6555815285725,98.0560485076395,83.4282598587742,36.3123698830076,69.2609108249729,43.5486412467277,99.0951478678606,,9.493958242,3.577273883,0.890159351,3.384762805,51.8217066840708,18.8577306513984,16.8915831054633,2.494603454,26.2756944026081,1.082670428,0.51,7.725467279,6.256906913,8.128576928,6.420919362,11.1948399,7.616280002,4.773920534,1.19536064,484.24,3.33,19.11,14.0,5.11,1.25
FY2019-20,2020,EQUITAS SMALL FINANCE BANK LIMITED,3.53030575278247,127.24995830014,21.7131827312201,148.96314103136,55.9113748463454,20.468388957015,68.8598652638796,95.7834570436425,75.7583423922139,2.14300393313794,15.09171067,8.530410529,1.61075752,6.732104506,60.1476037274127,30.4602142796419,24.2431208053978,5.121346987,33.9348341501402,3.409063542,1.38,9.748404081,7.457572241,9.047521681,7.958595638,19.11292652,6.727247225,11.15433088,-1.231348413,134.6,1.57,23.61,22.44,1.17,1.67
FY2019-20,2020,ESAF SMALL FINANCE BANK LIMITED,4.33630794386355,93.162570283065,24.6660643374507,117.828634620516,74.2175607888011,13.6629463084272,86.3180786721495,99.5294893190126,6.4228170174948,13.075368708567,17.10082725,9.585789421,1.611646853,7.268423294,23.9837416646065,11.7918250106386,9.31592400042187,5.656776441,33.0789637156409,3.929012981,2.24,19.25295932,8.551792025,9.356864056,8.715939656,22.3193098,8.099485623,13.60337014,-0.616454033,389.0,6.0,24.03,20.99,3.04,0.64
FY2019-20,2020,FINCARE SMALL FINANCE BANK LIMITED,22.7448930577839,103.473361008656,21.6367644347542,125.110125443411,65.3984663795839,11.9266842422092,83.8669714487008,99.6550647369715,21.7210327073539,,15.03967388,8.695082129,2.044078065,5.988117118,60.9970028690434,29.6169479871371,21.38038519136,3.944039053,26.2242325563314,4.751043076,2.44,15.87397547,6.487980308,10.93089295,7.497366499,19.61513799,4.95914685,12.11777149,-2.538219649,96.21,2.3,29.28,23.46,5.82,0.41
FY2019-20,2020,JANA SMALL FINANCE BANK LIMITED,4.90919250197161,103.156501468987,27.4559628820006,130.612464350988,68.2380135156726,7.39617814578303,81.8191069193988,94.4199887530483,26.8244306868232,0.0037735351220523,14.07978243,7.150192854,3.062996418,8.22986941,53.5843340017413,29.0902249000943,25.7246549779154,5.166872991,36.6971081895839,1.983319863,0.26,2.887899392,6.640179499,11.70344921,7.80960248,18.40783535,5.50777911,10.59823287,-2.30182337,116.42,0.2,19.25,13.12,6.13,1.41
FY2019-20,2020,NORTH EAST SMALL FINANCE BANK LIMITED,10.3830843488927,151.468519787801,39.6738173336666,191.142337121468,43.0577374889858,37.4269684767558,98.2066082865393,99.3004986064791,0.738496143012839,8.49491554669275,14.77460184,8.160735863,0.951215644,6.4150705,58.3373534715603,28.7236211372881,23.7976967241251,5.463854857,36.9814016927925,2.696881007,0.65,3.446519194,5.421160274,11.79668318,8.336520891,20.60927792,4.190237438,12.27275703,-4.146283453,99.7,0.6,24.98,23.26,1.72,1.2
FY2019-20,2020,SURYODAY SMALL FINANCE BANK LIMITED,2.12473059335789,123.983821331877,28.3706216780406,152.354443009918,53.1028475732126,11.4455992617862,19.4145372495367,98.4153686895315,22.507063106256,15.2188715164937,16.80221658,10.74956018,1.916586244,5.963646845,62.9739071765187,31.2537171502404,20.062935987956,4.0470606,24.0864684798431,6.702499579,2.49,11.39641854,8.186609546,7.89938829,8.086166229,22.61195167,7.177948847,14.52578544,-0.908217381,123.0,3.0,35.44,34.3,1.14,0.57
FY2019-20,2020,UJJIVAN SMALL FINANCE BANK LIMITED,11.3618976402109,130.269142304836,22.2266232657285,152.495765570565,58.5538042873864,13.5377735985573,54.7088012408583,91.0419290586997,21.8399715573928,0.0041733832087461,16.81684522,10.16122037,2.004231883,8.20176468,54.4897513885561,30.0801239214076,23.7452997988924,6.197532797,36.8531238519468,3.963687569,2.21,13.97618608,8.060514845,8.328618454,8.143349252,20.7489357,7.071465533,12.60558645,-1.071883718,125.64,2.15,28.81,28.01,0.8,0.2
FY2019-20,2020,UTKARSH SMALL FINANCE BANK LIMITED,3.66094212985624,119.987412163308,22.7763094621279,142.763721625435,55.6681894178355,13.4983002122645,91.3294360223102,99.3770645549316,8.3361091671607,,16.71895725,9.31044691,1.260043287,6.091915822,55.0198632021509,24.8270959130797,18.6426589449042,4.831872535,28.900561579467,4.478574375,2.47,20.8388492,9.165742066,8.077618126,8.825600536,21.77713976,9.224006304,12.95153923,0.398405769,126.0,2.0,22.19,19.41,2.78,0.18
FY2019-20,2020,INDIA POST PAYMENTS BANK LIMITED,3.8239147840046,,81.1957897714831,81.1957897714831,51.9691508961743,100.0,,,,,2.781116868,1.954543661,0.547361662,29.63205986,54.2094106117018,52.7382990786541,482.603834013417,29.0846982,1045.79201724666,-27.13015453,-25.39,-58.1892943,1.584160646,,1.590507431,,3.49335957,,1.902852138,41.75,-16.31,79.24,79.24,,
FY2018-19,2019,ALLAHABAD BANK,4.5127317895929,66.3507041408618,37.1186504450582,103.46935458592,86.2248427205823,49.4882658352947,39.6935316988323,53.7293464132178,89.4424794734329,13.154690295277,6.72835722567255,2.19865124273279,0.678331514531471,1.77302570573982,56.9277482160783,16.014383277378,13.6274608664344,1.09469419120835,16.2698583694614,1.10395705152444,-3.48,-85.922842742547,4.98161004999456,4.09794001860136,4.91676526119517,7.60228361246842,6.71252456352211,2.68551835127325,1.79575930232694,1628.0,-35.9,12.51,9.68,2.83,5.22
FY2018-19,2019,ANDHRA BANK,4.60682705473999,72.2509165639316,28.6383427425041,100.889259306436,88.1712534692064,31.3883933291178,47.3234313546337,42.4178131256189,96.9721636865919,8.69429710007855,7.704123528301,2.72979204273113,0.832192034291685,1.51791639573161,60.0913143172381,14.0496162362969,10.6853584048495,0.685724361439925,8.90074463267529,2.0440676812912,-1.09,-23.2337851813319,5.363988288595,5.24022118405231,5.3562474911277,9.20633800072638,7.13749019321164,3.85009050959868,1.78124270208394,1958.0,-14.0,13.68,10.38,3.3,5.73
FY2018-19,2019,BANK OF BARODA,4.17444145130195,73.4032071559395,28.5425108453586,101.945718001298,81.7797717597993,35.039608008895,27.7226616097857,51.2997938711648,86.5277884344077,12.8322595986855,6.63171635030954,2.46242018444053,0.838714000832105,1.5040738890683,44.6415802312728,11.8349824782136,8.98800096333725,0.665359888236194,10.0329967852913,1.79706029620434,0.06,0.970545210747219,4.49122013955858,5.65477714861029,4.60226666239066,7.6739624491228,7.40223388660536,3.07169578673214,2.7999672242147,1888.0,8.0,13.42,11.55,1.87,3.33
FY2018-19,2019,BANK OF INDIA,5.61310731793085,65.4694940576992,28.3451156385515,93.8146096962507,83.308272202211,35.9018996743628,32.882539813251,53.0736447634412,78.8302915222818,12.9247660010782,6.60315650091966,2.21213088348607,0.754599464239659,1.656036248025,58.8892456081676,16.1272908258194,13.2544115091293,0.901436783785339,13.6516041026711,1.31069409970073,-0.84,-14.3661520093987,4.41398804656306,9.3806621172683,4.80018076674957,7.98678190134359,7.00465766080559,3.18660113459402,2.20447689405602,1839.0,-11.2,14.19,11.07,3.12,5.61
FY2018-19,2019,BANK OF MAHARASHTRA,5.63098573396966,58.7743763376743,42.4436649332908,101.218041270965,85.4831081361395,49.6478910090453,40.1300126842272,49.4768326209159,87.7767390502793,28.9545129862143,6.76273634905023,2.32714374831004,0.96455380246868,1.92188972449861,58.1893633919289,17.5908534002669,14.4725430759296,0.957335922029932,14.1560438351908,1.36980782628011,-3.01,-61.0055909293973,4.82845560107712,5.13872263326783,4.84346284224949,7.79592498596755,7.14210965822713,2.95246214371806,2.29864681597764,1813.0,-37.05,11.859,9.912,1.947,5.52
FY2018-19,2019,CANARA BANK,4.99454992879805,71.4029230751507,25.5386975040873,96.941620579238,86.2207821691763,29.1818179479869,41.9502741714842,53.8553736734359,83.9050295162337,11.5092882521206,7.13761171671861,2.20761496516135,1.00254526557025,1.59527087312875,57.7297525402741,14.1135349593974,11.3136138456306,0.592725607558502,8.3042568170267,1.61488935760285,0.06,0.966857338611562,5.3565269742822,5.59833317272719,5.37255907324031,8.4798615560719,7.3643581059808,3.10730248283159,1.99179903274049,1706.81,1.0,11.9,9.04,2.86,5.37
FY2018-19,2019,CENTRAL BANK OF INDIA,6.9297009324728,48.8653339634894,41.7861590362199,90.6514929997094,90.6681044078335,46.2074067019218,52.8680195583835,51.1258679680055,94.0931965193198,23.2182687807201,6.89209651118934,2.06172575877474,0.734595550283586,1.84449048389369,58.8453914873424,16.260976936718,14.2315651064113,1.1098949336101,16.1038797383087,0.951830825164635,-1.7,-30.5602398535864,5.13753811044006,10.7822241133442,5.23954944687614,8.54578250001732,7.41828780659567,3.30623305314118,2.17873835971953,1278.03,-15.55,9.61,7.49,2.12,7.73
FY2018-19,2019,CORPORATION BANK,5.23442668259584,65.6946552789156,32.4971005986907,98.1917558776063,86.4171266899396,31.590810229135,40.8292790864802,64.9063141879166,79.112925828042,30.8500976774479,7.17508001195783,2.5298987005737,0.859793930499774,1.60106309544596,50.112249674992,12.8449782555212,9.98557963186449,0.741269164946182,10.3311623523473,1.78862953562751,-3.14,-46.2080853620106,5.16480711823386,4.01710448393545,5.07676583563813,9.11794325580303,6.32277014490366,4.0411774201649,1.24600430926553,1720.0,-36.0,12.3,10.52,1.78,5.71
FY2018-19,2019,DENA BANK,6.73028647951697,51.6224634363957,38.2730164999388,89.8954799363344,92.2562372668628,43.0091803119347,39.8331053380324,57.3523034107515,93.3101968835192,22.7101296644818,7.16606527579259,2.15013848151239,0.845561575060677,2.82374189157499,73.2913792514529,26.3985566452624,25.8319492078686,1.97818031651432,27.6048325040623,0.171958164998076,-5.49,-103.272518836306,5.2463344407647,11.4055219414894,5.42046048022297,8.93539842614221,7.28833346706588,3.51493794591924,1.86787298684291,1212.0,-47.64,2.0,,2.0,8.02
FY2018-19,2019,INDIAN BANK,4.83396407395565,74.8781177130978,26.8478446781397,101.725962391237,86.4355454005007,34.7088544775651,36.1393292350589,46.3227096019539,86.4130993798342,20.1074196406865,7.20176182422109,2.63451280412856,0.70681546814483,1.50920016791895,55.2902936762036,13.7323818431733,10.5510912286287,0.802384699774116,11.141505639294,1.83212810435444,0.12,1.70177954473325,4.98716228803685,5.87110481799548,5.04562719251422,8.27862368204525,7.39559233491184,3.23299648953103,2.34996514239762,2174.0,2.0,13.21,11.29,1.92,3.75
FY2018-19,2019,INDIAN OVERSEAS BANK,4.62514879945767,59.585314423925,30.0773141094455,89.6626285333705,89.0106551825887,38.2985589768361,46.1822452518412,42.6431840980663,79.9974864709044,13.9034706686057,7.08116353642879,2.12023442407077,1.68936560134441,1.7878685448411,59.4586023088962,15.7515709001728,12.12061018422,0.098502943496691,1.3910559047245,2.02173148057408,-1.35,-25.2270941002254,5.25678565747681,10.457396615702,5.43261098724972,8.84768447675189,7.26116874331146,3.41507348950217,1.82855775606174,1421.0,-14.18,10.21,7.85,2.36,10.81
FY2018-19,2019,ORIENTAL BANK OF COMMERCE,4.81156432828262,68.5287988287974,33.9206506976823,102.44944952648,85.4692142750276,29.3953714900717,37.1176923687351,50.4553404480854,93.8810065085565,26.0879193044003,7.06872666740305,2.17513812102643,1.05592994279266,1.82554024093186,56.2506854847142,15.282917351772,12.6390436985957,0.769610298139201,10.8875379449627,1.40552782288723,0.02,0.358405886882092,5.25059335131341,6.87418838843483,5.33395460782764,8.16873072368811,7.18967242822879,2.83477611586047,1.85571782040115,1860.16,0.25,12.73,9.98,2.75,5.93
FY2018-19,2019,PUNJAB AND SIND BANK,5.01339752022889,70.1879207098626,26.5559699150358,96.7438906248985,90.4347168164465,26.7935511764594,34.7537377062766,55.305287975279,94.1181326606412,21.1434771160756,7.68485301760271,2.04694991166301,0.743713396887732,1.53642103320493,68.7158075227833,14.7158686928597,12.5260224336796,0.792707636317202,10.3151958079282,1.25424227534581,-0.47,-9.14631281781311,5.98219873041146,9.01307114231269,6.0760073918793,8.88389256253323,7.7686212005017,2.80788517065393,1.6926138086224,1887.0,-6.06,10.93,9.5,1.43,7.22
FY2018-19,2019,PUNJAB NATIONAL BANK,4.75261857191044,67.785321930118,29.8992913194776,97.6846132495956,87.2353836619227,42.1638698156847,35.5458863305421,36.8520652058018,82.0556321180089,20.1760731580935,6.66029708929041,2.22696506059103,0.957620734573317,1.4977457974027,60.3473060395838,15.2392072158598,11.8647806520337,0.54012506282938,8.10962417424123,1.68683999776165,-1.25,-23.2362445635747,4.88793816736376,3.86549090393888,4.81572794968813,7.86700439344038,7.01032573818414,3.05127644375225,2.19459778849601,1680.0,-15.0,9.73,7.49,2.24,6.56
FY2018-19,2019,STATE BANK OF INDIA,6.0772572530655,75.0802851173431,33.2151746263112,108.295459743654,79.0941003738415,44.5707720251086,23.8224655644343,60.7977776213653,76.0764507477282,21.2134612384276,6.80717525579791,2.47626142984801,1.03073452526431,1.95322300686211,58.9123830557885,18.3110306212331,14.6810852877724,0.922488481597804,13.551707528201,1.5537729482502,0.02,0.391884886448784,4.9939168840823,3.72403866696693,4.84168815672772,7.84517156001572,7.33785462319247,3.003483403288,2.49616646646475,1877.0,0.3339,12.72,10.65,2.07,3.01
FY2018-19,2019,SYNDICATE BANK,5.23777890577181,65.9034634114094,29.2705043596104,95.1739677710198,83.4932891026398,32.5812662349676,41.5018868871267,80.5453169833884,90.0134129569391,8.72225809843637,6.83989085684496,2.09328866139629,0.700131097746606,1.90584193099358,67.2434036207491,19.2643930211688,16.9966744095629,1.20571083324697,17.6276326403713,0.887577828149313,-0.87,-16.427343253642,5.05958068082328,5.79892029321259,5.12902364535512,7.78366127779845,7.24554862714649,2.65463763244333,2.11652498179137,1319.0,-8.19,14.23,11.36,2.87,7.37
FY2018-19,2019,UCO BANK,4.45816470977457,50.1821319344915,41.5507195325182,91.7328514670096,85.8657055742282,43.4501321083329,37.469705972699,50.0259256407805,92.6956241627558,30.9920477642417,6.41851751341649,1.93091383471838,0.677884950471554,1.37251871559701,63.5100269894087,14.8748942097002,12.283505778402,0.694633765125459,10.8223396395426,1.23628006959292,-1.84,-26.7160360390372,4.91329579345943,6.64527200662805,5.0031225941029,7.56805174984072,6.98236540306607,2.56492915573782,1.97924280896317,1369.0,-18.64,10.7,8.64,2.06,9.72
FY2018-19,2019,UNION BANK OF INDIA,5.00016835760823,71.3924625457878,30.3058463690283,101.698308914816,84.1867549619968,36.0989828963228,38.9342548565295,54.18785418634,90.654289062458,25.1017529284037,6.94232765189744,2.0816616393888,0.91173026329639,1.46066581283856,43.9605632850177,10.1579372318466,8.17560713161186,0.54893554954217,7.90708213537195,1.53272608984663,-0.59,-11.4278107575469,5.35873710514009,3.98122762843351,5.22513780636451,8.11753998611786,7.20841609881104,2.89240217975335,1.98327829244653,1879.0,-8.0,11.78,9.48,2.3,6.85
FY2018-19,2019,UNITED BANK OF INDIA,4.57010830963063,49.6024989091411,45.1730158314952,94.7755147406363,89.0803005450914,51.4494792549364,44.5421236890024,65.3321824605396,93.8256199146385,36.9758452789377,5.77826199652454,1.33293832851981,1.60969042785717,1.9897494879208,66.3079545914087,20.5026758043678,17.8582929497374,0.380059060063631,6.57739403807279,0.952879268456176,-1.6,-22.9749125257296,4.78575221802942,9.46200162438575,4.88124229609657,7.81885740071521,5.52516666547193,2.93761510461864,0.64392436937536,1496.0,10.23,13.0,10.14,2.86,8.67
FY2018-19,2019,VIJAYA BANK,4.90924484469938,74.285194847546,23.6683656019033,97.9535604494493,91.5803909442583,25.1874824174504,34.867874145928,65.3875288788468,90.9053380349658,10.6520906042285,8.1035630793593,2.65715862844053,0.726291722375186,2.0746053496547,61.6710226351695,17.0114169333808,14.4898230322504,1.34831362727952,16.6385281890854,1.30884500116101,-1.26,-25.1634416809384,5.77090363702905,8.23708385740752,5.84985825805191,9.30244047712987,7.49218453296556,3.45258221907796,1.64232627491365,2043.0,-1.6,10.14,8.14,2.0,3.08
FY2018-19,2019,AXIS BANK LIMITED,6.39942897333617,90.2140066768254,31.9012613517579,122.115268028583,68.4736224518253,44.376819215496,24.0286031479473,66.4724934510296,72.1314802858304,33.2323320771084,7.36913604557002,2.90930695813936,1.75971448851781,2.12197690276761,29.9829442274767,9.66651329778232,6.96945523317545,0.362262414249796,4.91594146192444,2.54704454388956,0.63,7.18806087555892,4.7315942426192,6.36325894598371,5.10828995507494,8.84415380385753,6.90237584517941,3.73586384878259,1.79408589010447,1653.0,7.61,15.84,12.54,3.3,2.2
FY2018-19,2019,BANDHAN BANK LIMITED,8.9729570001798,91.6999951075162,23.2179241267069,114.917919234223,76.5951604026983,40.7519514136739,95.0836396229115,97.5384509020982,10.7745283673834,8.24991734981257,13.1875985554484,8.92374725697158,2.110231538781,3.59354286777409,55.7203502885467,25.4834444006033,13.0890110647007,1.48331132899309,11.2477743598,7.44043592797849,4.25,18.9616293077076,5.43796103719484,12.7988743358038,5.51414775879488,16.5153682784806,6.67627673509647,11.0012205196857,1.16212897630159,258.0,6.0,29.2,27.88,1.32,0.58
FY2018-19,2019,CITY UNION BANK LIMITED,5.1839460303064,84.980713080179,20.0588091195555,105.039522199735,84.9511553291953,25.2241978528451,50.2338190651138,34.1215426002596,99.14097336505,3.05777964333552,8.84351540572728,3.78301017171981,1.2075400097734,2.07963944504637,41.1381394133919,11.9818997044809,8.51179243206318,0.872099435272964,9.86145661835078,2.91091073644685,1.64,15.1677464690998,5.91285761426792,4.30593980753243,5.86440378306678,10.5001102119097,7.10136886730603,4.63570642884292,1.23696508423925,1296.0,12.0,15.55,15.03,0.52,1.81
FY2018-19,2019,CSB BANK LIMITED,4.79642618525312,70.1886174936051,26.6308215272029,96.819439020808,89.431327404443,27.8406597823233,34.168830121207,38.1865999359242,96.5107628823333,16.4566091725429,8.22126717576584,2.68418712667809,0.829241525266122,3.43192769279564,68.3413932851769,26.150353186158,25.9148659956421,2.60268616752952,31.6579684358338,0.0815009591485693,-1.13,-17.0135776086898,5.78125380791781,218.824401913876,6.07952241351415,9.70918081692808,8.53323190153281,3.62965840341393,2.45370948801866,858.77,-6.64,16.7,16.03,0.67,2.27
FY2018-19,2019,DCB BANK LIMITED,4.63236226425987,82.8834272802041,27.5859307081665,110.469357988371,79.4458182603531,23.9488941458164,56.8837194193149,78.1792391760807,96.4749465431878,23.5002312377589,9.21468619970521,3.48196992366062,1.06086375600823,2.5838527406686,50.8867137799989,15.8098579594344,12.7957895617023,1.52298898466037,16.5278442657015,1.95898093900025,0.99,10.9857271790577,6.51897620106885,7.86489797736264,6.628596333184,11.1507866030591,7.61465776946809,4.5221902698751,0.98606143628409,792.0,5.0,16.81,13.1,3.71,0.65
FY2018-19,2019,DHANLAXMI BANK LIMITED,5.25722951355446,59.314267079692,38.0701504017524,97.3844174814444,89.8671103694594,32.0054559134994,40.063771032429,60.9676535567598,96.9692676679034,29.3371905433351,8.06704952570211,2.87953731340222,0.437884465579211,2.52917659659699,53.0009964524978,17.3712952723229,15.761307490616,2.09129213101778,25.9238786666028,0.788245182384448,0.1,1.54495414058699,5.52725964966506,10.0914636667381,5.64955498311883,10.2264449904991,7.35203053317648,4.57689000738027,1.70247555005765,972.0,1.0,13.75,10.57,3.18,2.41
FY2018-19,2019,FEDERAL BANK LTD,4.75654802262149,81.6742537559984,23.5816585538539,105.255912309852,84.6958383889039,32.4045598490566,27.2589830805813,48.82915381354,85.2366597394132,14.0572880568104,7.67268470127795,2.8061746974525,0.90778167398269,1.85736954622341,49.8417102921574,13.7680150483467,10.7889793840642,0.949587872240723,12.3762139226516,1.85658682521178,0.88,9.76238895619577,5.46075491043657,5.17839596839789,5.44027237820765,8.99158938317584,6.50884876697045,3.55131700496819,1.0685763887628,1995.0,10.0,14.14,13.38,0.76,1.48
FY2018-19,2019,HDFC BANK LTD.,5.06570740840744,88.7623104437799,31.7520395296558,120.514349973436,74.1752306993634,42.3768608091107,26.5342960284623,71.4110636492053,73.0265551727976,17.3947188105831,8.57466941593677,4.1796616127464,1.52705875464156,2.26291121555106,29.7164881848222,10.1001190027896,6.65685843696337,0.735852460909503,8.58170064891199,3.44380915183689,1.9,16.4994552721495,4.79603042205741,8.05772506842662,5.1973551882768,10.4950111540941,7.47126787406833,5.2976559658173,2.27391268579153,1687.0,23.0,17.11,15.78,1.33,0.39
FY2018-19,2019,ICICI BANK LIMITED,5.79826485181846,89.8497332316015,31.8159628503801,121.665696081982,67.6980121542065,49.6141156773918,28.9163188711097,69.2270824336637,72.4721904870307,28.7916305705968,6.87779684303782,2.93058034622532,1.57428762615624,1.96231156568363,37.6373191711101,12.4978079348691,8.7382168244987,0.388023939527394,5.64168945932415,2.54255640669792,0.39,3.15023575147493,4.37017737627172,5.66474536188231,4.65873029615027,8.7244400386962,6.23133202200347,4.06570974254593,1.5726017258532,1222.0,4.0,16.89,15.09,1.8,2.29
FY2018-19,2019,IDBI BANK LIMITED,5.59896724924654,64.5596712140346,40.934126933682,105.493798147717,70.990550263729,42.5428509317192,45.5601324968866,71.4863743178465,95.5131559696778,11.3004553054944,6.58479041785497,1.76189656163138,0.98461927970306,1.53759441301003,42.516296995171,10.277956338331,8.63644898792304,0.552975133306966,8.39776360698661,1.20892142832441,-4.68,-51.3972359769839,5.27063046124744,6.71111221077802,5.53829062787307,9.02953298492722,6.97775681969638,3.49124235705415,1.43946619182331,2084.0,-88.0,11.58,9.13,2.45,10.11
FY2018-19,2019,IDFC FIRST BANK LIMITED,5.88761317240264,122.451049598829,82.9685128644552,205.419562463284,42.1563340530087,12.9313728557025,18.1716072018899,88.544165433282,63.9360136577796,39.487457914215,8.13617116532678,2.17843656801555,0.580231036641151,4.00860216357683,18.9951105819589,7.64010319970733,8.73569617508362,3.42837112693568,42.137401700029,-1.24993455892013,-1.2,-11.6362817088699,6.57818979824494,7.61477167211461,7.11458946842914,11.3030941181771,6.526995368955,4.18850464974796,-0.58759409947414,1499.0,-21.0,15.47,15.28,0.19,1.27
FY2018-19,2019,INDUSIND BANK LTD,5.11175706583217,95.6512051497793,30.4135036614385,126.064708811218,70.1419318212365,43.1421178260729,32.3771732097523,68.5320577920106,79.9112349310693,17.9215195626482,8.91434480527117,3.54240144562922,2.26119486919787,2.56471730780785,28.9399682444891,9.35189754911116,6.64154390804194,0.303522438609987,3.40487658083979,3.23887900701923,1.39,13.0665095575991,6.12341962147468,6.55511955429293,6.20894713773977,11.0196684076594,6.72625534411362,4.81072126991963,0.51730820637385,1346.77,11.9,14.16,13.7,0.46,1.21
FY2018-19,2019,JAMMU & KASHMIR BANK LTD,5.4384523980785,73.9316412956901,25.837559342905,99.7692006385951,88.3957975027763,50.6952139377192,32.7452685427984,64.489948102463,79.6172947157598,20.0944621107754,8.03328660866126,3.54163866995987,0.850499658011069,2.59417799115141,66.4143540577199,24.314830380917,19.3938316863189,1.74367833314034,21.7056656644163,1.79796033681954,0.49,7.2709708723575,4.73823886181389,12.8180620154054,4.93581346163754,9.63636604207257,7.38330512967859,4.70055258043503,2.44749166804105,1237.0,4.0,12.46,10.6,1.86,4.89
FY2018-19,2019,KARNATAKA BANK LTD,4.98401080996132,80.0971522244742,23.6442465740449,103.741398798519,86.5981008427382,28.0606571634328,36.6874718358897,55.7235850215111,89.5310582960765,15.6855660949581,7.90521309883776,2.55003822775911,1.34113173363947,1.95057817333163,41.5546273672838,11.0947562353712,8.76622607225833,0.609446439692162,7.70942455405488,1.94059178806695,0.64,8.52569054031327,5.82182242151654,8.60214415064136,5.9068234191565,9.20461681605596,6.99128957017826,3.29779339689946,1.08446615102176,1489.0,6.0,13.17,11.17,2.0,2.95
FY2018-19,2019,KARUR VYSYA BANK LTD,4.90192466397034,81.1466109299122,24.8573484271808,106.003959357093,86.3395632067201,29.9241681591583,39.5057697057114,25.1085243240264,99.6828402257731,14.8545920382918,8.53500746402226,3.46755500469007,1.41291586704172,2.36981298896601,47.137100866858,15.0197831007957,11.2290887433421,0.956897121924289,11.2114386069129,2.51065788276579,0.31,3.32415130373263,5.72364289166633,5.63705020407387,5.72080279755203,9.84435229489482,7.49942746069877,4.12354949734279,1.77862466314674,1442.0,2.75,16.0,14.28,1.72,4.98
FY2018-19,2019,KOTAK MAHINDRA BANK LTD.,4.81561307744135,91.0636086147958,31.5162788188011,122.579887433597,72.3576416933305,52.4993281952535,35.1359642984711,66.9811952479227,76.1100730389504,18.6779672754608,8.27926740468004,3.88345105818553,1.61397920927934,2.60430751387664,42.3645534290144,15.7611960899447,11.1520847627041,0.990328304597297,11.9615451004456,2.89312275358823,1.69,12.105182490116,5.26261090556779,5.82418924685342,5.33034404949725,9.75890837561374,7.17896442842528,4.42856432611649,1.84862037892803,996.0,12.0,17.45,16.93,0.52,0.75
FY2018-19,2019,LAKSHMI VILAS BANK LTD,5.64926123862311,68.6599837658102,28.7920980376101,97.4520818034202,88.6016355018331,25.6809245482584,40.8091463059425,54.2574342658954,99.1340772289596,11.6381442722126,7.73019086395064,1.52470809174581,0.681365294549669,2.2386451090972,48.838486012004,12.9477003881692,12.9978372356225,1.55727981454753,20.1454251512706,-0.0325717228017285,-2.32,-42.3718141834717,6.71714091162747,7.20132893955668,6.75252150886803,9.43136605132328,6.94187935088946,2.67884454245525,0.18935784202143,1042.0,-18.0,7.72,5.72,2.0,7.49
FY2018-19,2019,NAINITAL BANK LTD,5.67008774104811,48.2521950496327,21.0470544100233,69.2992494596559,89.9334348298046,33.7594174382427,50.5334840798693,37.4295402208845,97.6877800845106,18.886932978422,8.05608907247038,2.80361743553812,0.358831942329077,1.81432812175474,61.2511199117938,15.7255947727019,13.2062593516319,1.45549617942566,18.067031860403,1.34812125611246,0.34,4.25003959413874,5.82678824610926,28.5714285714286,5.82679260270418,9.45830716266091,7.87324864727205,3.63151455995673,2.04645604456787,1255.0,3.0,14.85,14.41,0.44,5.77
FY2018-19,2019,RBL BANK LTD,8.28763902405949,93.0024589902611,28.8389922913845,121.841451281646,72.667090895567,24.9809423986378,25.168254615611,69.5622885621376,51.4137781151221,29.082885877073,8.86116050105037,3.57146347966699,2.02850786966003,2.87184054148141,31.1543968727769,10.9624515350802,8.21608674744292,0.843332671821378,9.51718086723982,2.72813080784561,1.3,12.1837274967809,6.34247233801953,4.90348553109406,6.09647808519539,10.6788659314519,6.77310099255415,4.58238784625651,0.67662290735876,1823.0,15.0,13.46,12.1,1.36,0.69
FY2018-19,2019,SOUTH INDIAN BANK LTD,4.55336051042183,77.9577872815882,23.7271212114771,101.684908493065,87.1486776950118,24.2068120016849,39.8229735028461,45.5709211218498,94.7322042716204,12.1555340007425,7.86045215520867,2.30869605911968,0.830123299217387,1.72255182647641,54.5097649383297,12.9078801935299,10.8043357597798,0.892428527259026,11.3533993927775,1.41626753186066,0.29,4.67918161007877,5.9690503134162,6.86111311342733,6.01849949156609,9.20449827045304,6.86960584545159,3.18599877888695,0.8511063538855,1725.0,3.0,12.61,9.97,2.64,3.45
FY2018-19,2019,TAMILNAD MERCANTILE BANK LTD,4.93889499829665,75.3863651708448,25.9179251981659,101.304290369011,86.685972630025,24.6403960814473,63.275283431532,28.5538083155526,98.5686263420037,18.9117162616311,8.22012406300956,3.1360334328532,1.05628193178468,1.93804862498392,49.3676355800418,13.6250328821905,10.3140028916694,0.881766693199241,10.7269268254378,2.25426673965395,0.68,7.36377222157712,5.76416279462924,18.3384795321637,5.85891681581991,9.73522338496566,7.70856093329418,3.87630656914575,1.84964411747427,1436.94,6.07,16.17,15.52,0.65,2.4
FY2018-19,2019,YES BANK LTD.,4.7439604039717,106.102284392622,39.331295283909,145.433579676531,59.7674746326661,33.0623705867977,22.3328752776448,81.1705519809999,81.6511142214618,38.1592326153693,8.5463590578775,2.82977953029692,1.32420006330484,1.80716339041082,39.4261840409096,9.46996158679921,7.21839113140296,0.482963327105981,5.65110035554632,2.34681620319094,0.52,6.53322416236795,6.39064661191603,6.68631817259914,6.47926004755231,10.3015356338196,7.66006116398547,3.82227558626729,1.18080111643316,2327.4,8.9,16.5,11.3,5.2,1.86
FY2018-19,2019,AB BANK LIMITED,1.72690478360524,34.4040156494206,21.2251511438322,55.6291667932528,59.1922278293646,92.7669026232021,47.9071574626075,0.128141226152584,62.3574845857683,,3.36548503944458,2.57203568405197,12.1161954436065,6.62685307211053,11.2052779805987,10.0071030170356,4.79636115025603,-5.48934237149596,-163.107020449031,8.06137805554794,4.28,10.0532776895322,1.295923858628,,1.38522509530682,9.06627277203348,6.40368733683581,7.68104767672666,5.01846224152899,245.58,29.32,33.56,33.28,0.28,
FY2018-19,2019,ABU DHABI COMMERCIAL BANK PJSC,5.48159903984305,73.8155827535949,40.5245749458368,114.340157699432,73.4978083061242,17.9357099681983,32.1414959986949,63.7218897514145,71.0510539403618,27.5466545278163,6.17144640899681,1.58322955639198,0.183111608131849,1.64562573330435,57.1890337632747,15.0969076178446,14.8101166705818,1.4625141251725,23.6980770511177,0.120715431219475,-0.19,-1.42873937538999,5.59110213861837,4.55493666191695,5.41660322764479,6.56151108373581,7.41018102229254,1.14490785609102,1.99357779464775,3755.92,-6.32,28.12,27.18,0.94,2.62
FY2018-19,2019,AMERICAN EXPRESS BANKING CORP.,8.87694170822467,250.047618169059,109.626652763479,359.674270932538,24.9779029599314,,,0.0001367082057359,3.90157915581147,,6.37459738472816,4.57909900262399,17.4706845071144,18.5879620670443,10.5184394390176,9.59191172591748,8.19937269703017,1.11727755992984,17.5270294341497,3.46182144269415,0.36,1.72557509083438,5.87609512758519,2.43768100936729,4.35915715282144,7.21901300705276,6.75267772346448,2.85985585423132,2.39352057064304,1041.66,4.2,24.36,14.92,9.44,2.03
FY2018-19,2019,AUSTRALIA AND NEW ZEALAND BANKING GROUP LIMITED,5.53463833972838,55.7610371689389,83.2972056234393,139.058242792378,52.3030894382754,11.8436248264391,16.0653765771688,5.63600464627665,27.4993081667418,,5.54134784362176,2.53989312828856,1.45315158383482,2.08761611183299,53.9401499732112,22.1270895971136,16.0992687649287,0.634464527998167,11.4496426844681,1.90542860029039,0.21,1.10066706908569,5.37591667868762,18.3361869741773,5.66466887588858,7.89899257234251,7.4795710661546,2.23432369645393,1.81490219026602,8042.35,19.49,18.82,18.42,0.4,
FY2018-19,2019,"BANK OF AMERICA , NATIONAL ASSOCIATION",5.65842862070024,85.9734787470224,99.6689589173636,185.642437664386,41.8442125560946,50.873302234356,25.2440808968753,3.95248496849712,8.20134587804337,14.3814917254533,5.03435343086241,3.01366483045255,1.96298425055846,1.59246194855243,47.4041776902793,20.8929431949268,10.7882958649581,-0.370522302006029,-7.35987862382869,3.38418713245858,2.22,9.02527255669343,3.38632622268298,2.20990554341021,3.00009433349145,6.66215303403262,4.66472602481543,3.66205870054117,1.66463169132398,9027.22,186.68,24.68,23.87,0.81,
FY2018-19,2019,BANK OF BAHRAIN & KUWAIT B.S.C.,4.26404212241907,75.5155364834514,25.0808777796517,100.596414263103,74.5708588118342,22.9765941233803,29.3874145509876,33.6247736288585,60.6687973040648,7.05277971311039,6.57235635965772,2.46357725707774,0.359008364483138,1.39742308224756,45.8595417162861,11.6387266548659,9.24568027886841,1.03841471776443,15.7997324085833,1.42516253931331,0.38,2.33422045947016,4.77929842719217,7.63979016509143,5.01658459973142,8.24724481371025,6.54594371301808,3.23066021397883,1.52935911328666,3587.0,9.0,25.96,25.38,0.58,2.88
FY2018-19,2019,BANK OF CEYLON,4.84125373978724,140.228376909705,27.7612143713796,167.989591281085,45.7585694316809,26.7101382535841,33.6858817025967,31.2017902894334,99.7972013613905,,8.98032264275602,6.35777188943848,1.57927862173406,1.53390387759054,42.9880302707985,15.8643633042498,6.24450721866736,-0.0453747441435271,-0.505268529300878,6.40314663358201,2.98,6.66709430570818,5.61762279829572,,5.62188070751215,9.76795862708692,10.6936686153035,4.14607791957477,5.07178790779135,1994.0,59.0,32.93,31.68,1.25,0.704469
FY2018-19,2019,BANK OF NOVA SCOTIA,7.34705098839274,69.6742581419983,86.507794118584,156.182052260582,48.9351994908069,9.60073195707413,64.6599627451027,0.550358379258136,34.4572973688088,0.237499738436411,5.42098749230799,1.90695821302994,0.536531558815694,1.41422472057767,43.9537982327636,12.6130974632957,10.4339654629107,0.877693161761973,16.1906509285874,1.02926505126797,0.53,2.261364222772,6.77830144319802,1.68780211157675,4.92094146112096,4.85222382236756,8.14811319776274,-0.0687176387534,3.22717173664178,4486.6,31.71,34.19,33.15,1.04,
FY2018-19,2019,BARCLAYS BANK PLC,6.99948188585317,121.922472218598,97.3445563562031,219.267028574801,31.5263216105337,15.0085569375231,32.1360989787618,10.2375834064702,20.7681028262571,45.3459747775828,4.48751928772691,2.63824875478573,0.677466463468623,1.24110415415398,45.890031640946,18.4295804459137,11.0270021346434,0.563637690685357,12.5601173955257,2.07461106410037,1.0,4.3007068750265,4.6420156896721,1.81439838656831,3.39922901457243,6.11774882634335,5.60152173514281,2.71851981177092,2.20229272057038,9268.96,114.8,16.3,15.59,0.71,0.35
FY2018-19,2019,BNP PARIBAS,6.98027917559566,70.8776721109844,55.4044316967997,126.282103807784,52.1752327868485,24.3875084079819,10.363129965729,30.8648375350938,49.9467420033401,27.1200620416236,5.43579493478915,2.17241126970484,0.578843568658995,1.19392451743768,33.5903311908134,8.99743035826443,6.66778559252936,0.615080948778688,11.3153817639838,1.55733032092615,1.15,6.37558968883973,5.54787827751308,2.4488437799512,5.02767058069209,6.93644790473292,7.96451306452436,1.90877732404083,2.93684248383227,7840.0,99.0,17.53,15.01,2.52,
FY2018-19,2019,CITIBANK N.A,6.43710738224018,48.1650137594352,75.5026066413896,123.667620400825,68.511671008866,60.315963830197,36.8147054655047,41.0749668529267,37.2266756541626,24.3418195059418,6.50899342726299,4.46159447665899,2.18363702667045,2.42440111679625,31.3670033036227,17.0057240247025,8.74835278490915,0.240764090125806,3.69894504912791,4.22083038653318,2.57,17.940735517431,2.64359639981177,2.27680856815816,2.59744667867177,10.218360608448,5.77490207592133,7.62091392977623,3.17745539724956,3761.0,88.0,16.49,15.6,0.89,0.51
FY2018-19,2019,COOPERATIEVE RABOBANK U.A.,5.25816545057537,92.7578646171819,28.0491761858136,120.807040802995,64.6156777981273,3.79534414635089,15.2724977017125,37.2810782242727,83.9918758325334,,6.62228511426848,2.45322221728296,0.630715946937639,1.91224901291231,43.2776714885253,13.6085249056837,11.4101299429996,1.28153306597467,19.3518255988928,1.17168915130829,1.85,10.5983719125439,6.41223264328029,1.88277669507915,5.22244617127451,7.54159585530082,6.88733463961309,2.31914968402631,1.66488846833858,13027.67,161.95,26.07,24.98,1.09,
FY2018-19,2019,CREDIT AGRICOLE CORPORATE AND INVESTMENT BANK,8.65399609754496,185.99701263806,85.1114552486867,271.108467886746,17.51486390425,21.0178939297962,25.5768768172222,4.66113693498026,45.7184585037762,,4.29737291434551,1.83910180062764,0.0663655089627514,1.35202269010736,36.236983950134,12.858122508152,11.2273513600053,1.28565718114461,29.9172821807673,0.553444619483028,1.17,9.80836668355919,6.66759692511669,4.91897670293609,5.83223412807771,7.78166069055649,7.60168439042866,1.94942656247878,1.76945026235095,7888.0,163.0,12.74,10.26,2.48,
FY2018-19,2019,CREDIT SUISSE AG,6.78534499395638,37.0929410859935,141.21465790814,178.307598994133,40.9730495971186,4.51413538569586,8.11587592311658,41.5139933481621,63.8987265118222,34.265093162111,5.68006233996516,3.58088739297898,-0.288225478128448,0.781828256454622,57.2025672811375,15.5232675162344,8.29449862600356,1.07005373458307,18.8387674384157,2.51083365839591,0.22,0.582797956737318,4.05775326858543,1.80370603851445,3.1994576840327,5.8827714673272,6.92599738880132,2.6833137832945,3.72653970476862,13122.0,45.0,42.02,41.71,0.31,8.43
FY2018-19,2019,"CTBC BANK CO., LTD.",5.35186974251036,97.66504532019,34.8781832608961,132.543228581086,62.025493849946,21.6132117762973,34.908195302488,14.1765682080319,48.6684557228238,,7.39408532159127,4.38603398176793,1.14274807652339,3.96452413458971,68.1717165100872,38.7616335445117,31.6590945139373,2.82177605806632,38.1626115379888,1.56425792370161,0.54,2.02285736514916,3.63154023071722,7.17720205760724,4.28114838012742,9.9963186849905,6.15163977644205,5.71517030486308,1.87049139631463,2618.0,10.0,35.36,34.79,0.57,
FY2018-19,2019,DBS BANK INDIA LIMITED,6.4324119869334,53.5297066680103,62.0259732887037,115.555679956714,58.403949395225,18.2430163531084,41.1901829332084,16.6319354980939,52.8408793701487,17.2290617020246,0.537437274011823,0.133596722387475,0.170973094652699,0.283129317493027,39.5621028502082,16.30521465659,15.8117267533571,0.112156222840328,20.868709385025,0.0214404995471468,0.04,0.390226353108137,0.513875006299218,0.520425363244019,0.515394709538875,0.631043797944233,0.646512021003758,0.115649088405358,0.131117311464883,3028.6,1.31,19.69,14.62,5.07,0.33
FY2018-19,2019,DEUTSCHE BANK AG,5.28774253501202,86.9081815157527,46.4264623837067,133.334643899459,52.2547865547795,47.5008907447494,29.8975017832922,45.0094324951693,53.8623300188194,10.8164267318241,6.14599407386304,3.39342860561465,1.31532484791318,2.01617338778086,31.3909699735218,13.2717769179631,8.48236604556991,0.700848539867683,11.4033390114737,2.69258006574697,1.27,8.60718522390424,3.78263433379858,4.33724104297697,3.89954069869246,8.50887831453527,6.75730346407087,4.60933761584281,2.85776276537841,6162.34,71.81,16.03,15.37,0.66,1.44
FY2018-19,2019,DOHA BANK Q.P.S.C.,4.89027808357154,99.7445242328279,32.6335595567048,132.378083789533,63.8868663712284,32.0467158061241,26.2387930715091,20.462310126938,96.0344530444422,,6.09995330447274,1.94511803708874,2.55148522042652,3.33932006502924,34.5460907254196,15.3933897565166,13.3342511301099,0.78783484460272,12.915424188986,1.15728319248602,1.09,4.79397936528667,5.46191500427059,5.83718752698846,5.51693522616628,7.54462816346062,6.70412533958199,2.02769293729434,1.18719011341571,2202.02,18.59,30.47,29.81,0.66,
FY2018-19,2019,EMIRATES NBD BANK (P.J.S.C.),4.83559568952504,176.153659026518,130.460508773605,306.614167800123,29.0055113541066,18.0045412206303,27.7987293365369,9.39643204357075,11.3363333391437,23.417981867471,6.67949725210556,4.1187137298775,0.552638895949071,4.17644635966635,40.7759926731775,25.2772651589838,23.5475027952125,3.62380746371728,54.2526978744538,0.494906266160221,0.43,1.00897967069843,3.31349305864369,6.26450690324231,5.02937666868212,7.50038330676875,7.80504932107044,2.47100663808663,2.77567265238832,2704.39,14.39,63.07,62.39,0.68,
FY2018-19,2019,FIRST ABU DHABI BANK PJSC,4.82639504368766,81.0632033583945,1169.85951206437,1250.92271542276,5.95047836764137,100.0,,,,39.5168440924437,5.16145375603389,4.48817584756385,3.04812051396779,2.39114243135059,43.9039550112842,34.2579013614476,12.7875826783363,-0.656978082617204,-12.7285472983106,5.14515393018106,3.3,3.61954974615739,,4.15969055653884,3.32020298757629,12.1964,5.98481809341368,8.87619701242371,2.66461510583739,859.08,159.02,118.29,117.19,1.1,
FY2018-19,2019,FIRSTRAND BANK LTD,5.47448055326631,76.9459646271111,220.522731847373,297.468696474484,28.6061269231001,3.35484164992461,27.093222721084,73.7897240279331,49.1102296505552,35.5780322331872,6.49295937838651,2.40006022301304,1.67116405103655,3.59068048873235,59.7628522032959,27.9282986962963,26.2844271295558,1.9195164376958,29.5630439963232,0.480543785317239,0.08,0.450413938088229,5.54397905274863,5.84534314427736,5.72091438677261,9.20560581424305,7.43663792950692,3.48469142747044,1.71572354273431,2389.31,3.65,29.18,28.54,0.64,5.18
FY2018-19,2019,HONGKONG AND SHANGHAI BANKING CORPN.LTD.,4.14554373492082,65.2030453390606,69.1686867337231,134.371732072784,58.1464892022802,40.6317972485309,11.4817009564084,45.7842797592313,57.4131046131403,22.7744916173748,6.21619500505497,3.41061883900835,1.28624321424113,1.88475284212919,33.1580804433746,13.3241796569627,8.3299301545014,0.59850962788806,9.62823121541965,2.81210921112029,1.67,11.4783976916237,3.97403307727564,2.32938154430164,3.61587403734653,8.13407490354557,7.33077904890232,4.51820086619904,3.71490501155579,4272.1,65.35,17.89,16.88,1.01,0.19
FY2018-19,2019,INDUSTRIAL AND COMMERCIAL BANK OF CHINA,10.491700432825,92.56919068592,140.908444767144,233.477635453064,37.6552328736221,15.2980547185291,18.1681595741636,23.8600069674523,100.0,21.0150502154363,7.32179368588042,2.38260204261418,0.85927583951154,1.49237215274749,61.1030861225313,14.1782849503438,11.1462864229636,0.63309631323595,8.6467379497026,1.74950572937823,1.06,5.93282872564602,6.34894741922523,6.20714750691525,6.28152848060747,6.27032522471716,9.14918876393527,-0.01120325589031,2.8676602833278,4819.14,67.72,31.75,31.12,0.63,
FY2018-19,2019,INDUSTRIAL BANK OF KOREA,11.2982861419078,174.508315325306,47.0324487934848,221.540764118791,20.0859203534843,84.1191340601617,16.4776738108469,13.5523285352713,13.0481461781838,,6.47713893680929,5.92301700527757,1.87544509769028,3.01638649509476,42.363688688504,35.7890930853053,15.298889291577,1.14094139740447,17.6148976968914,4.78207560787309,2.48,3.42966961673583,2.31625681563858,,2.3205446265573,8.05171034158916,5.05063804891821,5.73116571503186,2.73009342236091,1266.0,47.0,121.65,120.83,0.82,
FY2018-19,2019,JPMORGAN CHASE BANK NATIONAL ASSOCIATION,8.13884529985184,58.1342057801292,60.9653861750906,119.09959195522,44.1464632657949,53.1709572342101,21.8890232311462,24.3088729741763,24.4041472422219,0.762839922575065,4.79209739816231,3.24421713823267,2.28538519036565,0.802042055823285,45.3468415596778,15.4771388763818,5.13884330688002,-1.48334313454236,-30.9539437806752,4.72756027277503,2.61,12.0689449536763,2.40010981704483,3.69360863152298,2.77406824924619,6.24668411312397,7.18901354534443,3.47261586387778,4.41494529609824,11280.3,446.61,20.42,19.89,0.53,
FY2018-19,2019,JSC VTB BANK,14539.2857142857,,,,0.0488899036976348,100.0,,,,,0.016081038461107,0.016081038461107,0.0442540205712633,13.4189409701229,57.0625667704027,57.0625667704027,12691.1157024793,13.3746869495517,83170.5426356589,-13.3586059110906,-14.39,-13.6023137426387,,,,,,,,0.24,-71.44,232.1,231.46,0.64,
FY2018-19,2019,KEB HANA BANK,5.76477937052901,62.3044458904396,20.5903729407763,82.8948188312159,45.4994134499369,16.4439107655251,31.6317479705621,7.0249188942151,27.4333682417823,,5.47931854230381,3.13816109676902,1.09960459065512,1.27845192725099,44.1382243487507,15.5896927465041,8.57717849010914,0.178847336595867,3.26404342465312,2.95931376017316,0.1,0.143550672424086,5.69655974153592,,5.69695667630639,6.49584243195514,6.76409477692596,0.79888575564875,1.06713810061957,4554.0,3.8,65.36,64.8,0.56,6.7
FY2018-19,2019,KRUNG THAI BANK PUBLIC COMPANY LIMITED,4.14515221438127,0.84693801714314,20.7660177235439,21.612955740687,86.4101498179955,45.0740456961658,28.655001305824,,100.0,,6.45487569960203,3.57780997586591,0.133809666801101,1.03165674228525,28.6725460562814,7.56774770134965,4.48954894830489,0.897847075484145,13.9095951226373,2.67996290038176,1.46,10.5286324837084,3.41865389301094,,3.41865389301094,8.17085364329459,6.77763246496176,4.75219975028365,3.35897857195082,3797.96,62.79,72.13,70.88,1.25,
FY2018-19,2019,MASHREQ BANK PSC,1.48953284760558,186.643222413558,98.2490569544347,284.892279367992,28.948892653135,99.9693927628694,75.7576351632458,,89.4997932258357,22.438103953083,4.58149019227348,4.04930590107197,5.75320424024324,4.11420642438923,39.3839965295579,34.8730663128121,15.6786340029767,-1.63899781585401,-35.7743386337076,5.68830371692598,3.73,6.97243504504452,0.0063863911809744,2.72987323918374,1.12332460245268,3.10864822538932,8.63607352681794,1.98532362293664,7.51274892436526,1598.25,109.77,77.2,76.33,0.87,
FY2018-19,2019,MIZUHO BANK LTD,10.1333536344784,163.393756080278,51.8106049570419,215.20436103732,40.3028803066436,24.5729871304893,32.4647334826325,12.7615682545701,13.0346488974683,7.61652241720599,6.32875073806592,3.47084867460364,0.876138540164669,1.72984404329323,42.6504027593582,16.0816539190547,10.2400664754493,0.853705503128561,13.4893210123402,2.61714317147508,1.25,4.19996513500589,5.21582841035794,2.98094678996082,4.30804181327682,7.28555644570285,6.73134910896874,2.97751463242603,2.42330729569192,5419.0,59.0,24.44,23.93,0.51,
FY2018-19,2019,"MUFG BANK, LTD.",5.29955841138669,75.6725672890203,65.2047685790446,140.877335868065,52.1503987603473,17.381604432346,25.1497467423465,4.25044372018751,8.10828386495684,2.90720234532293,5.52009148340904,2.03673739075762,1.42561944326619,1.04544674512738,54.5378124703726,12.5897297266627,8.20886143051897,-0.380172698138813,-6.88707242047427,2.41691008889643,1.62,7.66288437186617,5.28276194937495,3.88433907666146,4.83345184091574,7.59999489692326,6.64186095617775,2.76654305600752,1.80840911526201,6785.0,93.0,21.27,20.62,0.65,
FY2018-19,2019,NATIONAL AUSTRALIA BANK,,,,,,,,,,,6.9020440532253,6.81647630976682,0.0557876967206735,4.22471098838018,44.7150680673268,43.8273836016214,27.1504466045288,4.16892329165951,60.4012848876469,2.64755301810731,1.35,1.41461352728458,2.86220152794217,,6.50109068855217,8.75622857142857,54.4341723405438,2.2551378828764,47.9330816519916,,82.77,591.83,591.83,,
FY2018-19,2019,PT BANK MAYBANK INDONESIA TBK,4.27522005273269,232.65281644351,183.663806980664,416.316623424174,17.8724158018982,100.0,54.3042919460325,3.44093724024967,17.9126994679047,,5.44400218486869,4.83275915818472,1.53136828344185,6.630827682995,58.7855737854032,53.8239718504869,55.8819078911815,5.09945939955315,93.6711490257447,-0.26670024136843,-0.35,-0.388240708307559,0.0015099288607802,175.401763973811,3.42928928164691,7.80223817686918,6.70298589183777,4.37294889522227,3.27369661019086,719.0,-4.0,122.29,121.91,0.38,
FY2018-19,2019,QATAR NATIONAL BANK (Q.P.S.C),5.90744749984741,197.829263651476,55.9620569934978,253.791320644974,27.11210694585,2.88055205494699,16.3339382940109,24.5009074410163,35.5716878402904,,6.76459795381754,5.55833410689614,0.0611791120863689,5.0803369980798,46.7626965563558,37.7899382039084,34.8048661934688,5.01915788599343,74.1974308046041,0.539176220902714,0.03,0.0365384956660844,3.53269234751279,13.8772972972973,5.63709238458113,9.32114911080711,5.4884308874265,3.68405672622598,-0.14866149715463,1726.26,0.48,103.83,103.46,0.37,
FY2018-19,2019,SBERBANK,661.564369621724,192.981599129963,76.4478119239283,269.429411053891,9.33694665335797,98.9844426904299,95.9232613908873,86.6773248068212,100.0,,4.40184560055482,4.3887853948203,11.3598153190167,5.79771555234694,70.1061246965184,69.9485553030492,25.787597610546,-5.56209976666975,-126.358356730384,9.95088516149005,4.29,8.37392019881509,0.138816588582336,,0.0692261097810724,13.5219575922018,5.21575788847127,13.4527314824207,5.1465317786902,633.08,126.13,116.99,116.3,0.69,
FY2018-19,2019,SBM BANK (INDIA) LIMITED,3.05048970783364,58.408976408709,40.8870018963185,99.2959783050274,61.5717800643098,13.7406776874385,7.72059917235678,76.8499976253143,96.0379281675829,9.4689769099109,1.91008199414746,0.781906977822856,0.210944558304332,3.52914277281353,14.2129267025937,10.7700289789049,23.6486655459383,3.3181982145092,173.720197597603,-2.53629123668634,-9.62,-10.3898312562745,1.44238696855116,5.13847334100499,1.65003192135069,2.3720521378646,2.10901659749222,0.72202021651391,0.45898467614153,1899.33,-174.0,48.84,47.17,1.67,8.81
FY2018-19,2019,SHINHAN BANK,3.35948082944318,104.837829531059,25.6244592657238,130.462288796783,71.3412179211658,10.5245636533335,35.0059073974662,21.8332377176245,88.7977952348993,,6.73822017840032,2.11884754889088,0.745386039115985,1.22899160886232,55.709428100993,11.706934944548,9.14885386545127,0.483605569746336,7.17705205443651,1.63524197914455,0.86,5.96315959275135,5.90859918688685,3.47412721501787,5.54810548597178,7.06797544207477,6.90218043720952,1.51986995610299,1.35407495123774,4512.15,25.27,23.5,22.96,0.54,1.26
FY2018-19,2019,SOCIETE GENERALE,7.37714138787906,64.6581142703544,96.8801320162559,161.53824628661,32.5988093552092,6.97993352044719,26.0588896563432,6.48835594291264,25.5172724717519,2.93681198219396,4.93417232622345,1.96979332885159,1.7110321762251,2.05218119105975,42.5163829255901,17.3926591278611,13.1299678316356,0.341149014834643,6.91400689476433,1.62864431401694,0.09,0.397595067464788,5.5456255012555,6.11537177809698,5.6765428365711,7.97520985162375,7.14352964340561,2.29866701505265,1.46698680683451,3805.45,5.51,16.59,15.86,0.73,3.04
FY2018-19,2019,SONALI BANK,5.08929688429699,25.6746214583073,9.47058578227203,35.1452072405793,77.7493531305949,78.6009900516792,51.2355998542158,7.28683030408671,94.3203606572963,,3.55811477655365,2.09332487195226,9.39074588461312,6.60429865900981,63.9625093529713,52.3513295729251,32.6227554531943,-2.78644722560331,-78.3124604064129,4.87977209755556,2.3,15.9931821871111,1.53485683197834,,1.95160603801219,8.9634834142495,15.3139948781548,7.01187737623731,13.3623888401426,385.02,8.96,18.78,18.61,0.17,3.98
FY2018-19,2019,STANDARD CHARTERED BANK,3.93531115229666,63.6023009239798,51.3079093954204,114.9102103194,61.365202258176,35.960800036085,33.9527096256971,56.1192957586713,59.7277495340526,21.077734458125,6.76301753323477,3.59481083802402,1.18606695573503,2.24972864681513,44.9737129353018,18.6747615017413,12.7283400352059,1.0636616910801,15.7276198953066,2.53114914694391,1.38,8.07628844176988,4.61695742927235,4.37381396492577,4.58777286744905,10.1561071696511,7.05878763646967,5.56833430220205,2.47101476902062,2596.33,33.18,15.46,14.67,0.79,0.39
FY2018-19,2019,SUMITOMO MITSUI BANKING CORPORATION,12.600123087717,74.62946587424,47.2529380112303,121.88240388547,64.3167186923177,9.3312540325269,19.2361365428087,39.7581433881169,22.6637415401501,46.7668077070638,7.54245506591944,2.71503224525125,0.538548508352565,1.04998145483849,48.6459232266801,8.6904549776113,6.32066509710861,0.511432946485923,6.78072248380811,2.20359929876532,1.12,4.15697091782843,7.29229450695339,7.8061994688349,7.31951840814367,10.7678871931541,5.97301076141912,3.44836878501043,-1.34650764672455,9050.0,95.0,30.33,29.78,0.55,
FY2018-19,2019,THE ROYAL BANK OF SCOTLAND N.V.,306.709689274128,,13043.0713959854,13043.0713959854,0.664276672513629,93.1524989862125,,,,37.9015168109239,4.85083702396993,3.07816545194489,0.740137201115205,1.4450069403243,59.403112492362,26.6769689696734,15.3529432210933,0.704869739209096,14.5308889110488,2.37329571273579,1.96,3.54591167672848,2.80352787428949,5.44947135911451,5.3690309059863,,4.99586246574389,,-0.37316844024241,73.41,218.58,313.3,312.76,0.54,
FY2018-19,2019,UNITED OVERSEAS BANK LTD,1.53773211680159,95.2241087066738,49.7999281466118,145.024036853286,38.6350686824731,0.557540525813658,42.127866955012,,20.3060115947326,,7.69385609384866,5.00999004978376,1.28336749145264,2.12613099191052,63.9019234834073,28.2461421378434,15.1342849679294,0.842763500457882,10.9537206074296,4.16722654932588,-0.95,-1.77642437594273,6.64788720769843,17.1992397184452,8.2300947707579,19.2021695499962,6.09155360352788,10.9720747792383,-2.13854116723002,2186.24,-53.23,150.79,150.27,0.52,
FY2018-19,2019,WESTPAC BANKING CORPORATION,8.16034846706565,92.9693556747573,239.889165217868,332.858520892625,22.1782544856421,1.61842611630657,,1.78793234349585,,,6.02598605089242,3.16246196908066,0.759720036088251,1.91289504850956,45.1868635639104,18.0967635399422,12.738206821973,1.15317501242131,19.1367023202871,2.00928695665935,1.14,2.69934304632332,15.1176381207883,1.84026569823546,7.26416781721204,6.19235320314687,7.07002290297382,-1.07181461406517,-0.19414491423822,2056.01,74.3,75.87,75.34,0.53,
FY2018-19,2019,WOORI BANK,4.24277404879029,68.5728624353061,27.5812892036064,96.1541516389125,81.4322137733053,7.43033189536794,17.1328943158715,19.164914271204,22.2680328134703,8.66927812610294,7.33033529517671,2.20670976834154,0.574202873266569,1.5668153755647,43.911616989584,10.2835370148041,8.70403750340017,0.992612502298132,13.5411609746046,1.21409726604341,0.4,2.44292465844251,6.32375061023381,3.37638510325165,6.29574640918573,8.32435396027832,7.19744901497264,2.02860755109259,0.90170260578691,7298.0,19.0,31.95,31.42,0.53,
FY2018-19,2019,AU SMALL FINANCE BANK LIMITED,4.17631658925413,117.486453655689,36.8731875213426,154.359641177031,59.5363907566907,18.484247670771,70.9433931356077,90.4266261820311,96.8882283321384,32.1695099904825,11.4628167401557,5.2184920733517,1.79537805987384,4.20793129619097,55.5243428481698,22.3533197807666,17.6225061929796,2.41255323631713,21.0467748984039,2.80593883703457,1.48,14.0265113241673,6.57608249096096,8.70510677326771,7.36972888488272,13.1421527272468,6.53845907159386,5.77242384236408,-0.83126981328886,234.0,3.0,19.31,15.96,3.35,1.29
FY2018-19,2019,CAPITAL SMALL FINANCE BANK LIMITED,5.85899055915891,70.8716239762787,23.5211075959204,94.3927315721992,84.8665709958085,38.3893252124612,69.8013882251302,40.2592097952275,98.8903579325839,0.347793948779458,9.02618681699464,3.5224699311996,0.816018545148567,3.44504816893609,49.3934700714762,19.0152364696596,17.2891011075271,2.62902962378753,29.1266918920573,0.89344030741207,0.51,8.02392202609807,5.86785864753295,6.86350633710243,5.94929351838343,10.8709093625934,7.4241806927063,4.92161584420997,1.47488717432287,472.19,2.6,16.4,10.51,5.89,0.93
FY2018-19,2019,EQUITAS SMALL FINANCE BANK LIMITED,4.47113900736719,128.737026529799,26.0300060078366,154.767032537635,57.1395858558642,25.2507181763498,66.1785504266083,97.5937982602767,70.6742175046159,4.27391622953575,14.5286690970013,7.92314379110659,1.94614187412959,6.93769936865609,54.6667010416104,28.0037543802669,23.0206670029463,4.99155749452651,34.3566052829763,2.93158629658009,1.43,9.79816736861333,6.97708920217356,9.84673157327492,8.08217579510901,18.8963280332484,8.31959064037506,10.8141522381394,0.23741484526605,132.0,1.5,22.44,20.92,1.52,1.44
FY2018-19,2019,ESAF SMALL FINANCE BANK LIMITED,5.71554855976414,105.356633327683,35.4585821727186,140.815215500401,61.1611723320643,13.5516096541118,92.5630107110321,99.7217218165782,3.28964880923,42.0931270353178,14.6157285693579,8.12302697330084,1.54638866348018,6.42345798661175,17.0060181625614,8.45742439829768,6.75885724704569,4.87706932313157,33.3686363973427,3.24595765016927,1.52,10.1023508125292,6.1595203826576,11.3004744297547,7.61345248937027,20.1089912624722,6.3371488706287,12.4955387731019,-1.27630361874157,385.0,4.0,27.59,23.3,4.29,0.77
FY2018-19,2019,SURYODAY SMALL FINANCE BANK LIMITED,3.03144446316024,168.165019606819,41.6958825553907,209.86090216221,42.3618345845704,11.2490752625225,13.9430571270061,99.5525797700374,15.6790804601819,29.8683594807709,17.8940469335101,11.4368913814156,2.25899397311198,6.53269355232805,65.4542269695794,32.9174267583454,21.2172648523869,4.27369957921607,23.8833596172855,7.16319180219954,3.0,12.1935614048699,7.07779251516425,11.7670108465522,9.14178553469898,23.1889014323788,6.91240040982384,14.0471158976798,-2.22938512487514,109.0,3.0,35.03,33.67,1.36,0.44
FY2018-19,2019,UJJIVAN SMALL FINANCE BANK LIMITED,6.05010748239894,142.99802906475,20.6875052104219,163.685534275172,53.6990649694914,10.6253511783711,58.3526682497359,87.9691208156692,14.2065909232173,0.006550409132004,15.7792726701774,9.53170002002163,1.77437547928065,8.64386831103385,51.7063420992334,30.0134025388054,25.4615341577778,6.8694928317532,43.5349142849687,2.66220718826843,1.88,11.4936349507361,6.40392464885674,9.18121171951138,7.56562766725966,19.3249566067427,6.74842252065356,11.759328939483,-0.8172051466061,113.44,1.53,18.94,18.39,0.55,0.26
FY2018-19,2019,UTKARSH SMALL FINANCE BANK LIMITED,4.15608885266175,123.125536100024,22.7412070628406,145.866743162864,60.7706516313621,10.0078396118233,90.1290232830663,97.2887634739233,9.41755660232419,8.10657903420188,16.3723820784618,9.26824584036368,1.0786699217134,6.06304841980347,57.1834852065728,26.3310835708914,19.867354679654,4.98437849809007,30.4438198070586,4.28386734227361,1.86,15.8511156910903,7.81580262222811,9.22111280393792,8.30724285113545,20.7559191554448,8.06843118731788,12.4486763043094,-0.23881166381757,115.0,1.56,24.14,20.34,3.8,0.12
FY2017-18,2018,ALLAHABAD BANK,4.34962523644438,71.1882112629444,31.7007542408844,102.888965503829,84.5238354513555,46.0756334348799,40.9475833671476,51.7409641876526,82.088198079462,7.65812405670852,6.68031417402932,1.93256506568357,1.09956024117327,1.62801765991478,54.1335968276533,13.8227220087241,11.3280044029903,0.528457418741505,7.9106671479009,1.40410764694207,-1.96,-38.0574597906527,5.22777654580484,4.24761605636234,5.14947821121774,7.28404622498208,6.67046999576104,2.13456801376434,1.5209917845433,1586.0,-19.5,8.69,6.69,2.0,8.04
FY2017-18,2018,ANDHRA BANK,4.76331321323735,71.6411698588749,31.1290186555086,102.770188514384,85.9186936791809,31.0455227645158,44.8873542175222,43.8439103305373,93.0872552332763,8.7965534622111,7.72648528097951,2.7230417569654,1.0196479366131,1.43821140763231,55.5263191322464,12.3972156918095,9.13073053120158,0.418563471019213,5.41725578704721,2.30447828594618,-1.46,-30.76435303339,5.34543591502593,6.30469103204212,5.40585597975705,9.14219785033075,7.21219555385845,3.7363418705737,1.8063395741014,1870.0,-17.0,11.0,7.44,3.56,8.48
FY2017-18,2018,BANK OF BARODA,3.83884166946261,72.2849851057615,27.5968949734212,99.8818800791827,82.127084719203,35.8148590695635,26.4345811252172,44.7053829423115,81.7768854829788,13.7297187615465,6.16994939923518,2.19408396638164,0.941023310473612,1.43805893766919,45.2836354239995,12.0283425099542,9.15775370122363,0.497035627195582,8.05574884061763,1.69704833918605,-0.34,-5.81091894149015,4.36012774666393,4.5476398788098,4.37371302229487,7.17161514049636,7.1172271949264,2.79790211820149,2.74351417263153,1766.0,-4.0,12.13,10.46,1.67,5.49
FY2017-18,2018,BANK OF INDIA,6.01854303352796,65.5423475010846,26.3242698751065,91.8666173761911,85.4455197432973,34.1097397279957,29.7584215744289,45.2770732359779,80.4326196358111,13.6682278331048,6.16099990734681,1.70021416456574,0.927879424022291,1.47281931282947,53.8751249317423,13.3727006999804,11.1933524004908,0.544939888807175,8.84499102422238,1.15527427575857,-0.91,-18.2297923731197,4.58577567187428,7.8080791541791,4.8195703715644,7.14695916096658,6.90995376531814,2.32738878940218,2.09038339375374,1829.0,-12.3,12.94,9.73,3.21,8.28
FY2017-18,2018,BANK OF MAHARASHTRA,11.3749666258763,61.7330197887157,31.3875589066281,93.1205786953438,88.903147800449,47.7369957084188,40.657207800096,52.9213454354656,93.5457469498377,12.640398717379,7.03077079729604,2.14775986553276,0.954247923643081,1.71352100753603,59.8310175844227,15.5417583779721,12.839256752689,0.759273083892948,10.7992865332057,1.38848678163981,-0.73,-13.226530275955,5.13115116692868,9.40145168912912,5.31065861474032,7.80167480051076,7.206668509717,2.49101618577044,1.89600989497668,1807.0,-11.81,11.01,9.01,2.0,11.24
FY2017-18,2018,CANARA BANK,4.21136112126247,72.7369387111933,27.4507231233107,100.187661834504,85.067868479569,31.8299997840033,41.3622496090589,52.95122191897,83.2948786171718,11.412380784433,6.8730251469465,2.02653596815269,1.15675113461986,1.59245105348535,56.9590112525766,14.0868581167966,11.2960105355458,0.435699918865495,6.33927433044625,1.59083604928719,-0.75,-12.1870826548745,5.32057024298052,4.98671835017638,5.29676688823961,8.04089238915148,7.07536831702764,2.74412550091187,1.77860142878803,1480.54,-7.0,13.22,10.3,2.92,7.48
FY2017-18,2018,CENTRAL BANK OF INDIA,12.2100285999175,53.0941472686273,34.8093915231709,87.9035387917982,90.3789128351518,42.4624410589859,50.053370440828,54.1709054204792,93.8258162885867,20.7679459019548,7.28760620720752,1.975967336203,0.795100997072317,1.94242102497979,62.1782848003024,16.6494913779452,14.9425687014045,1.14732002790747,15.7434416087516,0.828647308295523,-1.61,-28.9609386977475,5.48517780240653,17.2907706987091,5.77693255931905,9.78489374428639,7.33065459797963,4.00796118496734,1.55372203866058,1270.64,-13.86,9.04,7.01,2.03,11.1
FY2017-18,2018,CORPORATION BANK,6.07702363382838,65.3892021754731,38.3762329673857,103.765435142859,82.6152018753232,29.5244986208371,45.5690018536102,63.309254294918,88.4856820722423,17.3062524907691,7.50489341330209,2.05977257169474,0.98474570203429,1.36271123475928,49.7618833020894,9.9607447242924,7.98751001276815,0.377965532724991,5.03625450636066,1.68180703896975,-1.67,-34.4169964856349,5.76375829116721,8.0372252024115,5.91429766084755,8.81635553326133,7.68380392802981,2.90205787241378,1.76950626718226,1663.0,-22.0,9.23,7.27,1.96,11.74
FY2017-18,2018,DENA BANK,5.55425185220518,61.7934857307795,35.4372033707928,97.2306891015723,87.812610757985,40.1159409920852,39.6527195779425,59.6188079182264,92.5547618949159,21.0856627431885,7.13464085048773,1.97756270367631,0.929365754036198,1.9714634261319,64.3186162481803,17.7879020912191,15.7244166295157,1.0420976720957,14.6061686065735,0.935465031580607,-1.59,-22.7754610391845,5.41234303250895,11.6183893003248,5.64631323591629,8.44394089337932,6.93473314993238,2.79762765746303,1.28841991401609,1325.0,-14.13,11.09,8.81,2.28,11.95
FY2017-18,2018,INDIAN BANK,5.0417146065267,75.1671972569175,34.2773630095376,109.444560266455,82.4223111782317,36.9502805559584,39.5968605610021,45.5657928322605,83.9009283377704,15.30885535474,7.2677288218872,2.6599713787759,1.02169765953343,1.55787634618492,57.252563943863,14.4660578579002,10.7597811895061,0.536178686651489,7.37752742007592,2.12379269212441,0.53,7.07092195498552,5.21788074591169,4.03902518351071,5.12763640956009,8.34222115736715,7.35972446449381,3.21458474780706,2.23208805493372,1856.0,6.0,12.55,11.33,1.22,3.81
FY2017-18,2018,INDIAN OVERSEAS BANK,5.34029132591606,61.1021114604341,31.6586095701342,92.7607210305684,87.443454273163,36.7463837966347,45.2000795276191,56.6004388797654,82.729865296727,17.2710218615781,7.23648874426859,2.20851613574489,1.51329729612594,2.25591790589817,53.6111905809879,16.6040997662867,13.8223316810061,0.742620609772229,10.2621676895497,1.46589552597267,-2.33,-46.6308889499712,5.36876267488381,7.53228860572197,5.48958494627597,8.76420280621272,6.8382587553884,3.27461785993675,1.34867380911243,1310.0,-22.43,9.26,7.17,2.09,15.33
FY2017-18,2018,ORIENTAL BANK OF COMMERCE,5.91033166482421,65.7682475404631,33.7128530518663,99.4811005923294,88.8585203209361,31.6847883706444,40.0339755537831,54.5288766471622,93.8220995745986,19.3315975671979,7.14990774119856,1.85060750979233,1.14815438382704,1.47610278915519,48.9317989038667,10.6603791126795,8.70424488900239,0.327948405328152,4.58675016795639,1.52265910446418,-2.31,-45.3274362790745,5.64756556331527,6.91305140205285,5.71571595039527,8.24845063166526,7.44512834114455,2.53273468126999,1.72941239074928,1618.13,-26.72,10.5,7.61,2.89,10.48
FY2017-18,2018,PUNJAB AND SIND BANK,6.15022144390964,65.4398462616203,32.4220978408953,97.8619441025156,89.4223311823166,23.6521513111891,36.1337719030981,61.3837046917089,91.9321809777572,27.1288611026462,7.55575292355331,2.12468463460071,0.552464922649649,1.58903261571297,67.178047329052,15.2060646585334,13.1654218338205,1.03656769306332,13.7189199216939,1.08811694153739,-0.69,-12.0695888430245,5.78036806346793,9.07080058420014,5.89306677134916,8.37687459988815,8.04472009868739,2.48380782853899,2.15165332733823,1818.0,-8.0,11.25,9.85,1.4,6.93
FY2017-18,2018,PUNJAB NATIONAL BANK,4.48269359971583,67.5361308477335,31.1893199197315,98.725450767465,83.8601392301365,40.9898122219515,36.0324203539847,30.9670555535486,85.2713420063472,24.0198280728727,6.45902799355428,2.00818154765185,1.19514252818771,1.81798286391707,67.8713861417434,19.6829441125014,16.1204949126096,0.622840335729359,9.64294219425766,1.38534121192249,-1.6,-29.5360314373203,4.81917873313005,5.1525070391965,4.84398265234241,7.46180114027965,7.20715742425286,2.61781848793724,2.36317477191045,1474.0,-17.0,9.2,7.12,2.08,11.24
FY2017-18,2018,STATE BANK OF INDIA,5.55721006398492,71.4942631196914,39.2037004647768,110.697963584468,78.3368325038513,44.4861656824145,23.172440264043,57.937140439762,81.3817773612348,20.0370907188975,7.15823398628521,2.43003208218415,1.44790542021479,1.94598887578382,55.3499698342336,16.138349820178,12.5155334447682,0.498083455569027,6.9581890802023,1.93194862661512,-0.19,-3.21414761865682,5.71344977316134,2.91832141836485,5.363559793172,8.06416647370341,7.69989352712177,2.70060668053141,2.33633373394977,1670.0,-2.4333,12.6,10.36,2.24,5.73
FY2017-18,2018,SYNDICATE BANK,4.28342649316695,77.2369218605702,29.4579431532336,106.694865013804,84.1960977504918,29.4782409721193,34.7530801456522,74.1705219214981,81.6737439527169,9.11442418483349,6.99010779562979,2.10320662500139,0.900697849371246,1.76360190664091,65.6060821996099,17.3976329775611,14.663016282472,0.862904057269667,12.3446459267646,1.24030256773172,-1.05,-22.1303177543166,5.14638061101205,6.37155543981855,5.24577728434963,7.663070306606,7.13153490180405,2.41729302225637,1.88575761745442,1439.0,-9.92,12.24,9.41,2.83,6.28
FY2017-18,2018,UCO BANK,4.46802929572667,59.0984035015692,39.0225064619571,98.1209099635263,84.1675913150751,35.4829034437106,37.3125286030929,52.2328938556123,96.0811838939137,26.8717414933908,6.26743603297702,1.39684919626528,0.501123609690577,1.30152552076467,63.260634827757,13.3398949856066,12.1643798732414,0.800401911074089,12.7708030343295,0.596447285191191,-1.88,-32.0192346829577,5.26967244054188,7.28208194786444,5.37887830043796,7.02623787051046,7.14321686419758,1.6473595700725,1.76433856375962,1274.0,-18.48,10.94,8.94,2.0,13.1
FY2017-18,2018,UNION BANK OF INDIA,5.14476992582578,70.6877420466593,30.2946687319715,100.982410778631,83.8158237118494,34.0858434902957,38.2866769566792,51.0384129385111,92.3245576289832,21.3367881726322,6.96703290049231,1.97953756644772,1.06157866621442,1.41582076877932,47.4117875460033,10.4830985093772,8.36092180258749,0.354242102564903,5.08454757748986,1.62529546388282,-1.07,-21.3859853089047,5.49621074986737,4.34300457620609,5.38118672035446,7.91790680391196,7.44370238595278,2.5367200835575,2.06251566559832,1783.0,-14.0,11.46,9.03,2.43,8.42
FY2017-18,2018,UNITED BANK OF INDIA,4.80345919840112,48.3197633509847,38.9725629677806,87.2923263187654,89.3454777077108,48.4415747729361,45.6745455949078,65.0160646469881,93.7287926546204,27.2924260264723,5.83735317841886,1.04469010769402,1.5497223225367,1.87778978198778,63.8222372083071,17.9665080526914,16.2235711382477,0.328067459451078,5.62014066005067,0.716622648242944,-1.04,-18.1949006395015,5.14615699790158,8.70093208018046,5.22559744137038,7.86785535297939,5.10336548854076,2.64225791160901,-0.12223195282962,1322.0,6.91,12.62,9.87,2.75,16.49
FY2017-18,2018,VIJAYA BANK,2.73619742219905,73.8554658569455,25.1206563819789,98.9761222389244,88.5468237738128,25.350277819026,37.4250572624902,64.9173455606943,86.592332546045,11.6967303733778,7.57252763518428,2.58809744989362,0.96273282584794,1.68756730857684,57.2893545543572,14.4903594409715,11.3270874763333,0.724834482728897,9.57189617058767,1.86326296716473,0.44,7.74306466384283,5.24655469087378,7.31520495489966,5.36961429338775,8.56857593609997,7.34801654923847,3.19896164271222,1.97840225585072,1810.0,5.0,13.9,11.71,2.19,4.32
FY2017-18,2018,IDBI BANK LIMITED,5.30940211358954,69.2690796216102,36.9481179481595,106.21719756977,70.82,37.1481840058111,36.680814392551,69.0999561173145,95.9272309677709,10.11,6.46641868346643,1.58394225390592,1.96826641797885,1.33242538987802,37.538395573188,8.04793266412681,5.92993226841748,-0.635841028100826,-9.85297029198817,2.21978328200674,-2.46,-37.6389472913302,5.1050176695068,7.03185415544738,5.46719595434736,8.65693867146054,6.3934222673829,3.18974271711318,0.92622631303554,2277.0,-47.0,10.41,7.73,2.68,16.69
FY2017-18,2018,AXIS BANK LIMITED,7.8217108526003,96.9198152753117,33.9215994119085,130.84141468722,65.6159862804678,53.7564777318916,22.4287590138585,65.6665127363741,71.2275180057336,34.1323445973063,7.08236535820565,2.88022433480885,1.69664446583613,2.16435172612498,30.8280975419911,10.4803144766276,7.60027012903365,0.467707260288849,6.603828475849,2.41251707452,0.04,0.4625222456288,4.41785401912286,6.31429067169313,4.8459243674232,8.40079890574419,7.06358794027044,3.55487453832099,2.21766357284724,1484.0,0.47,16.57,13.04,3.53,3.64
FY2017-18,2018,BANDHAN BANK LIMITED,8.37658909219567,87.729293186007,24.7185931917757,112.447886377783,76.4363779745035,34.3202112972989,94.2827354247634,96.1317025543884,92.937374418349,7.14982166891385,12.884090047251,8.13519159182173,1.89462394691398,3.51006832836781,52.5853891822027,22.3488378068625,12.4894702730036,1.61544438145382,12.5382885056636,6.5197472103679,4.03,19.4607701202397,5.89017406318924,13.4686107050376,6.06064703783531,16.4271913070206,7.05655265164947,10.3665442691853,0.99590561381416,232.0,5.0,31.48,30.3,1.18,0.58
FY2017-18,2018,CITY UNION BANK LIMITED,5.6671206070987,84.7810137332784,23.98318815456,108.764201887838,82.260610498341,24.2192995994006,53.124746681533,33.6331797015435,98.7672737568678,3.1060008190523,9.04802849799214,3.80358471151534,1.41500970455661,2.00683035387876,41.8583640308398,11.5845345072938,8.02851273928574,0.591820649322149,6.54087958999555,3.21176406219319,1.6,15.3100935977617,6.12087338428102,3.97148889102006,6.04618381249717,10.9910749178766,7.01195424865598,4.94489110537943,0.96577043615881,1148.0,11.0,16.22,15.79,0.43,1.7
FY2017-18,2018,CSB BANK LIMITED,4.61446588341061,63.559861850354,28.0038731848292,91.5637350351832,92.5683782437631,27.0284486336489,38.771930136457,37.335464671778,96.7611464418344,17.5937738487295,8.08147747406681,2.39804289292582,0.781597709489874,2.71644779301591,65.8190997128461,21.2853156971975,20.17292468476,1.93485008352603,23.9417865079115,0.463192809399785,-0.59,-10.323011324627,6.06210922429863,35.2662679425837,6.14435281264131,10.4582805343142,6.80887698779207,4.31392772167289,0.66452417515076,851.23,-3.45,9.91,9.45,0.46,4.46
FY2017-18,2018,DCB BANK LIMITED,4.73360392595737,84.7119782764785,25.9049149895587,110.616893266037,79.434814507762,24.3277114075897,46.15517932605,77.4485726987881,96.4071052984221,21.0632557154998,8.89276984914189,3.6685268155161,1.14348422204571,2.87729353685288,48.8301229257276,17.3422159951599,13.9991072467242,1.73380931480717,19.4968423136968,1.93471750070893,0.94,9.78880929597466,5.95015240434894,8.08533835471578,6.09720999724035,10.7332531863432,6.99169626841512,4.63604318910285,0.89448627117477,723.0,5.0,16.47,12.72,3.75,0.72
FY2017-18,2018,DHANLAXMI BANK LIMITED,5.52074535363721,55.9586436192571,39.9701168340449,95.928760453302,88.8755585864621,30.8021946032091,44.2883973984818,63.04867786945,97.1235661591583,30.3986135547291,8.23178730124403,2.80913627383036,0.83241625506578,2.45404413187085,54.1495400176836,16.8706999873247,14.6604563874117,1.62162787680507,19.6995842757016,1.18750839702528,-0.2,-3.54351488128096,5.76936446402977,9.94941884992224,5.86809776974185,11.0254129959258,6.83357990945804,5.15731522618395,0.96548213971619,919.0,-1.0,13.87,10.6,3.27,3.19
FY2017-18,2018,FEDERAL BANK LTD,4.58312745419477,82.1103950735924,27.4849462088826,109.595341282475,80.969767112623,33.6511121809488,28.2142562177317,47.9086491471799,85.0791128523527,20.5155094860934,7.70091955124489,2.82900822015955,0.91524666837944,1.93524562519149,50.6943897026579,14.4121982971699,11.3862817166147,1.01999895681205,13.2451579324337,1.8090092633475,0.75,8.30957043428513,5.458345746522,5.14204536246066,5.43406714537029,9.12167416097023,6.50230560257837,3.68760701559994,1.06823845720808,1709.0,7.0,14.7,14.18,0.52,1.69
FY2017-18,2018,HDFC BANK LTD.,13.2700772246138,83.4631840675323,30.7060417110384,114.169225778571,74.1371551092869,43.497154632174,26.2582408534157,71.1660294533686,74.4925132965836,22.2276566052773,8.32476561667147,4.15970471504238,1.57905440504389,2.35404938931076,29.993958982295,10.8308124382268,7.12929563243963,0.774994984266871,9.30951116166969,3.3847097307755,1.93,17.8657185761688,4.5756927597912,7.48237271409144,4.92732789487676,10.3325454704031,7.1047347213205,5.40521757552634,2.17740682644374,1508.0,20.0,14.82,13.25,1.57,0.4
FY2017-18,2018,ICICI BANK LIMITED,5.90086356730682,91.340094506155,36.1859450692641,127.526039575419,63.805974094417,51.6823709153272,18.1442278671894,69.0617202665379,75.2054437325213,31.4338519698098,6.65857514703226,2.78935389043198,2.1102165007847,1.90237771789241,37.6590138798002,12.4127939587192,8.17007311384444,-0.207838782892286,-3.12137023766895,2.99719267332426,0.87,6.60857362255647,4.45831631314345,5.15187370737071,4.62420366684544,8.3688432791657,6.34740595477036,3.74463961232026,1.72320228792492,1078.0,8.0,18.42,15.92,2.5,5.43
FY2017-18,2018,IDFC BANK LIMITED,6.32981198832052,108.229945089757,126.97887270796,235.208817797718,38.0952690370368,11.8461073314923,12.3032197206994,82.8311371380091,52.9147942330197,36.6052480429486,7.48283115656847,1.50670221947014,0.936729901041758,1.38477914302614,40.9038624906306,7.69508531144117,6.72752596704984,0.448049241984378,5.98769680365002,1.05865297748576,0.72,5.74120690903526,5.96574906712863,8.35869065386732,7.27910256595973,9.30019619555672,7.23773618644933,2.02109362959699,-0.0413663795104,1894.0,18.0,18.0,17.68,0.32,1.69
FY2017-18,2018,INDUSIND BANK LTD,7.2292704379359,95.5911678292487,33.0236020020323,128.614769831281,68.4211529712441,44.0052903928269,31.2612380054907,67.2941585021446,79.7202747507628,19.3917085707379,8.6344473566529,3.74615060829758,2.37342244798185,2.79380403303323,31.8466164981079,11.5818847139356,8.08269058318761,0.420381585051379,4.86865652991065,3.3257690232462,1.9,16.2111430204346,5.78405937633674,5.72034574154481,5.77264148220704,10.6186755458381,7.0855573716508,4.84603406363106,1.31291588944376,1154.37,14.26,15.03,14.58,0.45,0.51
FY2017-18,2018,JAMMU & KASHMIR BANK LTD,5.41001156504811,71.1351525833125,23.598120213188,94.7332727965005,89.2057352680089,50.88916033934,31.319849458323,64.8728423209322,72.1005928645736,8.91414810070001,7.71247278409964,3.34384374432776,0.576922607987249,2.3111855864005,64.8557837806237,22.4398072487194,18.0825917426468,1.73426297841325,22.4864712908768,1.60958076591451,0.25,3.42498349511801,4.73844138533827,9.52107408643725,4.82784248511425,9.32782364818983,7.1274650556412,4.49998116307558,2.29962257052695,1199.0,2.0,11.42,9.24,2.18,4.9
FY2017-18,2018,KARNATAKA BANK LTD,5.63980837993052,75.1563304297025,24.5651879073253,99.7215183370278,89.3392090758983,27.9840216404039,40.4425197308086,57.0018970746834,93.5593029783762,15.2167115469763,8.07031980406694,2.76411169782274,1.4200255211216,1.99211717229896,39.1979459600769,10.69929035576,8.22803581853483,0.572091651177357,7.08883495408767,2.19202004664538,0.49,6.17106085519037,5.80785422186315,11.2669565098713,5.8820778381872,9.69953358168302,6.51373320475241,3.81745574349582,0.63165536656521,1345.0,4.0,12.04,11.29,0.75,2.96
FY2017-18,2018,KARUR VYSYA BANK LTD,5.20314639822352,78.7485917626575,27.7784892471238,106.527081009781,84.9848718131331,29.1385589742759,40.7961854105776,19.6881957873654,99.8454576437399,11.3293948544383,8.85389548546513,3.56991254640924,1.39796554356173,2.20696364872916,44.9826440408063,13.2526722835888,9.68361353521061,0.808998105167423,9.13719962580882,2.76091444124182,0.53,6.11815494952258,5.98552534387005,4.49163146895818,5.93225094977558,10.3159934529931,7.32487173927986,4.38374250321752,1.39262078950428,1292.0,4.35,14.43,13.92,0.51,4.16
FY2017-18,2018,KOTAK MAHINDRA BANK LTD.,4.6243544134092,88.0995864050188,33.5139382229001,121.613524627919,72.7138490824986,50.7544183833727,34.9309402851413,66.5822382441821,76.9304509096081,20.0338632981662,8.23671897764532,3.97548432068528,1.69009836791366,2.68004560375165,45.9128898240747,17.7270811589344,12.3955779828662,0.989947235837993,12.0187084022745,2.98553708484729,1.73,12.5474437822615,5.10613499657937,5.53217999519737,5.15585362462252,9.63240792262817,7.1746228249293,4.47655429800565,2.01876920030678,904.0,12.0,18.22,17.56,0.66,0.98
FY2017-18,2018,LAKSHMI VILAS BANK LTD,5.0981559968918,77.3599571550239,32.3263748414419,109.686331996466,82.3896131476769,21.0634662839512,36.7330953482873,38.4664825097205,98.4610392893657,10.6112537938874,8.03875531983785,2.08949245167225,0.916584415218783,2.06684000549648,50.1430572265989,12.9286859596511,11.5727241779709,1.15025559027769,14.3088767416408,0.939236861394562,-1.57,-26.2036196155475,6.22582338043476,9.09199040068425,6.46392372808856,9.42063103878274,7.13772304885673,2.95670731069418,0.67379932076817,1130.0,-11.0,9.81,8.05,1.76,5.66
FY2017-18,2018,NAINITAL BANK LTD,5.26059453731931,45.8809432700469,23.2513744646525,69.1323177346994,90.3530878038,33.3570162319237,51.3424853602884,41.877315965089,97.453866789951,8.51821944328625,7.80667073081711,2.60366530319832,0.448639918445845,1.81701013391917,62.5499045063004,16.189965587302,13.7673571828301,1.36837021547332,17.5282173753228,1.235295087725,0.63,8.07381458131782,5.77454039268723,133000.0,5.80079296503722,9.87923895303563,7.11234828819377,4.07844598799841,1.31155532315655,1170.0,6.0,14.95,14.51,0.44,1.16
FY2017-18,2018,RBL BANK LTD,5.89795055578865,91.7215560156219,35.1861114514378,126.90766746706,70.9809661305478,24.3227822995441,28.0411839728386,72.5836665390686,68.341520375542,26.7068565155601,8.15660535787017,3.19615668729007,1.93292614974863,2.72047200376009,36.6285466087715,12.9733061715475,9.87626982604092,0.787545854011464,9.65531393831105,2.40861083327861,1.22,11.5265764353779,5.96498690826408,4.6436600473952,5.72701670120726,9.84237283123068,6.90076686510049,4.11535613002342,1.17375016389323,1506.0,12.0,15.33,13.61,1.72,0.78
FY2017-18,2018,SOUTH INDIAN BANK LTD,4.52347102438258,75.750651776896,25.4937964477231,101.244448224619,87.1123318065054,23.7981893544958,41.4075720080991,46.4494108226866,94.0029926972321,12.2186955803379,7.88902951599104,2.50388239907349,1.06656715187132,1.68406815483296,53.9507157802833,12.8524424399825,10.1452405401488,0.61750100296164,7.82733797243332,1.88638139611185,0.43,6.63700475869009,5.81699446445426,6.97478839384584,5.8651954054925,9.44837175134331,6.71820871814455,3.58317634585081,0.85301331265205,1632.0,4.0,12.7,10.41,2.29,2.6
FY2017-18,2018,TAMILNAD MERCANTILE BANK LTD,5.24781135676167,73.2961484217187,31.9585140428529,105.254662464572,85.5178614913971,25.3192515401702,60.849088267001,32.357698628136,99.3190701467561,15.7279945157351,8.6790523531138,3.23008640210801,1.3513832352707,1.89537216574602,51.0164993608579,13.1659587760286,9.64018481852823,0.543988930475321,6.26783787379912,2.68609747163269,0.59,6.69548865624443,6.28173688581111,4.3562962962963,6.26657139292441,10.1790339336898,8.07573237638585,3.91246254076539,1.80916098346144,1309.04,5.16,14.83,14.31,0.52,2.16
FY2017-18,2018,YES BANK LTD.,5.69186725921546,101.392717444803,34.0737122055619,135.466429650365,64.2473907393275,36.4535473077166,21.936012900159,80.8857409451181,72.8955946980632,28.5280093095947,7.68425003839912,2.93345145860568,1.98057964970569,1.97638871726615,41.9914131036189,12.3367094471012,8.58694439098058,-0.0041909324395488,-0.0545392513076256,2.93764239104523,1.78,17.6714370370556,5.46163322734648,5.54527165295202,5.48240051670581,9.21881828432671,6.92815261294878,3.7364177676209,1.44575209624297,2130.2,23.0,18.4,13.2,5.2,0.64
FY2017-18,2018,AB BANK LIMITED,2.56754840264025,43.2215799482953,28.413900455705,71.6354804040004,55.0291649016969,91.3606562699168,37.2527702774824,4.51566101212478,81.1524275260622,,3.0392064082124,2.25980785990149,11.5876468755441,6.63727161323599,10.0317586343787,8.97754725024869,4.55214156613846,-4.95037526230814,-162.883812331123,7.21018312220963,4.17,9.8460740422121,1.34281839557034,,1.40058420807372,5.20823584873481,6.44213913117838,3.80765164066109,5.04155492310466,270.13,28.83,36.62,36.33,0.29,
FY2017-18,2018,ABU DHABI COMMERCIAL BANK PJSC,4.66670000534539,87.4559215502124,43.0292074823194,130.485129032532,67.9262173725958,12.4477322526777,24.199378556225,54.4894360517669,67.032343218524,30.1765904754659,5.25595838289077,1.61135963336314,0.567954974452965,1.27005451550695,54.8031298189503,14.1623342964321,11.9512359164315,0.702099541053988,13.358164009431,0.909260092309149,0.6,4.17569960384937,4.41345456993405,3.01533669256378,4.22976081574779,5.439592748085,6.26304471889681,1.20983193233721,2.03328390314902,3789.0,18.64,19.02,18.43,0.59,
FY2017-18,2018,AMERICAN EXPRESS BANKING CORP.,8.85216096375692,316.541604871536,115.724387944147,432.265992815684,20.8480184901978,,,0.000184382254228,6.2993137939797,,5.24659771333346,3.43003879175473,17.8673208297138,17.6973600892862,10.8466609745859,9.83694074607861,8.30483436532643,-0.169960740427654,-3.23944677511148,3.59999953218238,1.27,6.17203436957285,5.35873274039101,3.32523696602539,4.40813962834514,5.98328252421857,5.97031887194609,1.57514289587343,1.56217924360095,872.34,12.63,17.94,12.59,5.35,0.76
FY2017-18,2018,AUSTRALIA AND NEW ZEALAND BANKING GROUP LIMITED,13.6146621621869,71.4420370079809,56.7352359969234,128.177273004904,51.0866650834629,7.03475318076767,26.3100683821994,9.78456643031649,33.072090812855,,4.90176498204479,2.20727098784763,1.7874976676229,2.43131217626333,51.5068427828907,24.4311255350635,18.7209294323559,0.643814508640434,13.1343406099381,1.5634564792072,0.89,4.32973757424727,4.94590167916935,35.1286304951547,5.55288891534252,7.19667309906296,8.69798004055802,1.64378418372044,3.1450911252155,5996.9,74.62,25.48,25.2,0.28,
FY2017-18,2018,"BANK OF AMERICA , NATIONAL ASSOCIATION",5.87166536490486,80.4605570733121,78.5128569485435,158.973414021856,50.0618837716152,45.3856023901266,31.7801463839983,3.05512747024512,6.88389003581477,21.335611264809,5.42512176109864,3.30905120165079,1.85392495759056,1.85535016114047,49.6067878164517,23.1750721578752,12.644232868104,0.0014252035499057,0.0262704435525342,3.30762599810088,2.12,9.6537445127816,3.45708944084813,2.50994697438969,3.27918067877311,6.64294541943488,6.2585685732319,3.36376474066177,2.97938789445879,7414.09,160.86,19.42,19.02,0.4,
FY2017-18,2018,BANK OF BAHRAIN & KUWAIT B.S.C.,5.34661558429989,90.6584524388532,26.2385299129306,116.896982351784,75.798719520908,35.0346265301376,32.1323691203732,34.2723762738928,57.721076311512,3.55142650343622,6.07572526437064,2.25665409101177,0.990885272156292,1.59622019265153,47.3691485440472,13.9626081597938,10.6998384903039,0.605334920495236,9.96317137716958,1.65131917051654,0.57,2.88290196900986,4.84293623250972,6.1213756279825,4.89376254283825,6.78410190653097,6.53809263149879,1.89033936369272,1.64433008866054,3155.0,11.0,27.75,27.07,0.68,0.78
FY2017-18,2018,BANK OF CEYLON,4.30831362173403,158.973136759735,30.2426342357615,189.215770995496,47.5663528646776,39.4225704170646,39.0054014418302,49.5892897570956,99.8788210336152,,8.60318244587182,6.18714153595002,1.7247901022748,1.58678879556079,44.7405189620758,17.7358917116455,6.87392940537367,-0.138001306714012,-1.60407276705182,6.32514284266403,2.27,5.13951460343631,5.19811389346904,2.1606914212548,5.1797048885026,9.45040858587157,8.60627478021031,4.27070369736897,3.42656989170771,2012.0,40.0,32.96,31.71,1.25,
FY2017-18,2018,BANK OF NOVA SCOTIA,9.15958014808998,125.17739225672,82.2554632783791,207.432855535099,42.0483196333924,6.04948708058385,44.1097831855823,0.506472406919015,51.6054710378433,0.268415109287517,3.89078041298494,1.6355594369566,1.16179973652817,1.22411859170862,51.9977226399077,18.294097994988,12.5977969921275,0.0623188551804527,1.60170579075787,1.57324058177615,0.81,3.29276884168579,4.083239758848,1.46212771806,3.08123353369808,3.52998313977981,5.63642983532752,0.44874960608173,2.55519630162944,5251.81,42.57,24.5,23.74,0.76,
FY2017-18,2018,BARCLAYS BANK PLC,7.90416389499073,138.42257992712,123.793798949133,262.216378876253,29.0552867386155,12.6372228523807,28.4556176991975,9.88970643599006,14.9206707998432,49.1413878049403,4.60123415688845,2.87846608968919,1.09369440926584,1.54855022856402,51.5679198694226,24.4108053330632,14.0222152346137,0.454855819298185,9.88551774999814,2.42361027039101,1.24,4.68974903073031,4.56772843878087,1.39577946799175,3.56747647357667,6.46432600241664,5.60586332924099,2.89684952883997,2.03838685566432,7801.9,120.8,17.63,17.15,0.48,
FY2017-18,2018,BNP PARIBAS,15.127271360512,78.0786455723341,54.1421472665011,132.220792838835,55.6804007861114,14.4663103932859,25.5341473816672,18.8896374044638,37.9940298750786,25.8499523399129,4.93536809982964,2.03093308830088,0.819151723626894,1.15027012937745,35.6841247097983,10.1231486187642,7.13289449092656,0.331118405750557,6.70909239296632,1.69981468255032,1.1,6.82818660118748,4.78173916704594,2.23962810326879,4.32830880213982,5.89833140590334,7.68625391129932,1.57002260376352,3.3579451091595,10454.0,96.0,15.38,13.07,2.31,
FY2017-18,2018,CITIBANK N.A,12.871230958041,49.0035199582309,68.9958166687469,117.999336626978,69.3546876794806,58.1746036143891,32.5412790172766,69.3714008579337,36.0819292756637,17.631383799422,6.70835422145647,4.73155892109286,2.19873531079462,2.55524942588279,32.2630605524452,18.1905016242276,9.25556733828208,0.356514115088171,5.31447957753739,4.37504480600469,2.23,15.3738737436346,2.63891533836699,1.88879587610697,2.56809620791617,10.2562859586044,6.2745366263053,7.68818975068823,3.70644041838913,3236.0,67.0,17.0,16.32,0.68,0.55
FY2017-18,2018,COOPERATIEVE RABOBANK U.A.,8.02924334564305,127.809226979196,27.2623974149802,155.071624394176,50.9720308819042,2.37701897935083,39.0907758391108,26.0551358228666,37.5525346786234,,5.90325832710881,2.88293541753094,0.737901575534279,2.08493959857132,45.7275064029982,18.6746692635983,14.3557887840633,1.34703802303704,22.818551186405,1.5358973944939,-6.35,-23.3035111676911,5.36910967067469,0.774919304411918,4.21884336275047,6.85966755097509,6.575643466435,2.64082418822462,2.35680010368453,8465.0,-364.6,27.29,26.48,0.81,
FY2017-18,2018,CREDIT AGRICOLE CORPORATE AND INVESTMENT BANK,7.87362890042887,143.871263601827,66.3588600871256,210.230123688953,29.6323260498588,14.0798177629129,32.109947771511,4.30662604568032,53.2032496686189,,3.88718115558019,1.88518318558005,0.0214962251661859,1.19906278726524,41.936047340925,15.7085283987091,12.8646979306065,1.17756656209905,30.293585890861,0.707616623481004,-2.36,-16.0047743928168,4.83447407012167,6.06397200446478,5.37646959244289,6.01514731018752,8.4190566543888,0.63867771774463,3.04258706194591,7235.0,-296.0,14.8,11.47,3.33,1.47
FY2017-18,2018,CREDIT SUISSE AG,5.72431410027713,37.3186731863314,172.615259205402,209.933932391733,40.2967903415054,23.9392338397537,26.7148991558483,34.2635723581412,2.26684840745965,53.8686779273979,5.50297793915966,3.61227384962994,-0.156744755031108,0.964360698089033,64.9461084043283,21.9369713466997,11.7150659692322,1.12110545312014,20.3727048429953,2.4911683965098,1.63,4.52916204824147,3.45067409534093,1.96599392190307,2.91313647636108,5.94140451970304,5.77976224826728,3.02826804334196,2.8666257719062,11877.0,263.0,36.81,36.5,0.31,
FY2017-18,2018,"CTBC BANK CO., LTD.",12.565445026178,117.424790908162,39.5369531949669,156.961744103129,49.7051390266624,63.9769203075706,44.1256354355274,9.62952327158897,55.4217602685853,,7.18647655177384,4.66898362600034,0.890242108772861,4.75475917159035,60.2855234390983,39.416007812777,35.4900495527196,3.86451706281749,53.7748510688956,0.804466563182848,0.2,0.618126235321256,3.48437614827639,6.40071304199174,3.98794617736503,8.62705448661409,7.45022831897104,4.63910830924906,3.46228214160601,1512.0,3.0,46.21,45.74,0.47,0.04
FY2017-18,2018,DBS BANK INDIA LIMITED,7.30564779935244,61.1431997537114,60.9057909096451,122.048990663357,62.3685219365693,12.6828834468112,36.7518816725526,17.4473712698711,52.1123966216125,18.7551802392601,5.43878195573238,1.41780921673425,0.649139044584305,2.07632380093549,40.872730852252,13.9184675244096,13.9399022873895,1.42718475635119,26.2408893749999,-0.0093755396169413,-1.16,-11.5909907324562,5.39492384121623,4.4664496207326,5.20577225729067,5.82009360044244,7.10315220557863,0.61432134315177,1.89737994828796,3641.91,-44.85,16.14,11.34,4.8,1.09
FY2017-18,2018,DEUTSCHE BANK AG,6.6773283080098,82.8732091572609,40.1642328704655,123.037442027726,60.3876818486965,52.5552527370482,34.6113141605052,33.1768237423326,45.2060973439443,9.1729045991366,6.13775003456705,3.44339453621896,1.26232606206771,2.16532324467673,36.9200297662766,16.4504286958928,10.803104941506,0.902997182609021,14.7121856954658,2.54039735360993,1.14,7.72733880651423,3.38226178195421,6.10957446035998,3.90393244370384,8.41895413456321,5.87992927875297,4.51502169085937,1.97599683504913,4805.06,50.81,15.22,14.63,0.59,0.78
FY2017-18,2018,DOHA BANK Q.P.S.C.,4.76456685026731,87.7865241107115,24.1191637796938,111.905687890405,64.7720851006164,40.4614770939108,26.9461736224,50.9681690321657,77.024643102072,,5.23744181790537,1.84505248003087,0.993611540680519,3.41651199051929,36.2654116736747,18.1969465921833,19.8844732493748,2.42290044983877,46.2611430174851,-0.5778479698079,-1.11,-3.78970635558133,4.9125457820034,1.52419770849863,4.73476785880194,7.57040466021631,6.34500557046112,2.83563680141437,1.61023771165918,2044.1,-16.84,30.64,30.33,0.31,
FY2017-18,2018,EMIRATES NBD BANK (P.J.S.C.),19.0498554399148,633.056583696512,324.807298833776,957.863882530289,8.64180665461713,65.8394830211689,32.5296810759633,1.19320908395263,1.19320908395263,19.5715655068372,3.04761805651803,2.90539821413958,0.0527139600700267,4.27094710581722,38.6304131133016,37.3854995787628,53.2163814069018,4.21823314574719,138.410820106723,-1.31283493160761,-2.21,-2.69595894270591,0.747815177659473,0.276412621158001,0.387372177231081,1.34588796804275,2.82680617515137,0.958515790811669,2.43943399792029,1594.33,-40.88,125.89,125.42,0.47,
FY2017-18,2018,FIRST ABU DHABI BANK PJSC,,,,,,,,,,8.75119988544093,5.70982479105816,5.48812149203225,2.26068966367119,4.58298586713115,45.7960308411273,43.6828595685118,26.3323733126228,2.32229620345997,40.6719345766404,3.16582528857228,1.77,1.78270404107059,,9.10117647058824,9.10117647058824,38.8331814038286,5.9140142481306,29.7320049332404,-3.18716222245764,,81.49,350.07,350.0,0.07,
FY2017-18,2018,FIRSTRAND BANK LTD,6.60422044666742,49.5963443337472,193.349307662971,242.945651996718,30.7514167379734,8.15831944419252,32.0857097885264,67.133393207659,32.8691529943335,62.407251029957,6.74837911603839,3.26688439810498,3.03293881842476,5.21118446584754,46.4588558461722,27.8516741234797,24.7518452532451,2.17824564742278,32.2780568484349,1.0886387506822,1.67,8.10289350919246,4.26991352872347,8.51155650514926,6.11751308024486,15.5059720435342,7.70455945453734,9.38845896328934,1.58704637429248,1471.71,59.97,28.92,28.43,0.49,
FY2017-18,2018,HONGKONG AND SHANGHAI BANKING CORPN.LTD.,4.65767535647335,55.8216577161824,61.2228292557768,117.044486971959,63.8049401782341,42.3909341488593,10.2172867980998,47.1320797983393,54.3895345277111,27.3856527730667,6.3795784104189,3.79454755675189,1.23794408350414,1.92298308520852,32.9760877236414,14.0666066628738,8.32455157953294,0.685039001704385,10.7379979934976,3.1095085550475,1.76,10.9851988299375,3.77394508347703,1.19825204577273,3.41795298389501,8.38843233683569,7.13265948135692,4.97047935294068,3.71470649746191,3538.44,58.22,18.48,17.82,0.66,0.28
FY2017-18,2018,INDUSTRIAL AND COMMERCIAL BANK OF CHINA,5.30694186912012,65.8894222989859,135.473625116414,201.3630474154,45.6519505043276,6.12013173807723,43.6444413014306,22.6383633215133,83.7178491188868,33.9748084728953,6.98567635250042,2.73705552278622,0.736922687941332,1.73537910830696,62.067137439458,17.9996682387117,13.9473787336097,0.998456420365631,14.29290980548,1.73859910242059,0.69,3.13192486919462,4.57836756053984,6.96640593837772,5.70131674019192,6.43270484677244,8.9782900887652,0.73138810658052,3.27697334857328,4342.05,36.16,38.94,38.61,0.33,
FY2017-18,2018,INDUSTRIAL BANK OF KOREA,16.4985190046634,155.612096623639,20.8155386146198,176.427635238258,29.8886014915452,72.0079371342019,11.4812735147811,2.90649496496128,0.827052418327492,,6.34949540983418,5.66939730718752,2.00092543227817,4.07528359008159,45.2668600269486,38.7929515993293,22.0917358933587,2.07435815780342,32.6696536324859,3.5950391493841,1.78,2.53682558523827,2.67107192750426,1.68981381949521,2.64355216620059,6.69573322665215,8.37286453601674,4.05218106045156,5.72931236981615,1107.0,24.0,99.16,98.46,0.7,
FY2017-18,2018,JPMORGAN CHASE BANK NATIONAL ASSOCIATION,7.04068571305573,80.726985446891,103.670360460226,184.397345907117,34.3306180543921,56.9201671924849,24.1541811964143,18.0871927050831,32.9666664713786,0.687109985340596,3.5209787061734,2.19119238390761,2.59895934306969,0.718310212375929,56.5698162962334,19.8402155711488,6.63972027671757,-1.88064913069376,-53.4126811785705,4.07184151460136,2.63,12.1028800260293,2.90469032538573,2.17219907063787,2.70917409428135,5.61473678290293,5.30065356038051,2.90556268862158,2.59147946609916,9111.52,363.28,17.19,16.86,0.33,
FY2017-18,2018,JSC VTB BANK,14571.7032967033,,,,0.0423332604518959,100.0,,,,,2.48246286148883,2.48246286148883,0.0564625281899558,12.8146334255334,59.6952571820131,59.6952571820131,301.297880252882,12.7581708973435,513.931994523049,-10.2757080358547,-26.22,-23.6268850067288,,,,11.9807909555235,,11.9807909555235,,104.46,-118.65,247.25,246.57,0.68,
FY2017-18,2018,KEB HANA BANK,11.788973439801,63.4828535052774,21.2402504062942,84.7231039115716,34.8876614150239,37.1126300288073,30.2817099264635,15.2120181053821,45.9943838417894,,5.498186578178,4.11245352103532,0.860833207473878,1.38450552964765,42.1951347659328,21.0882187860029,9.18685573828157,0.523672322173775,9.52445528589738,3.58878119886155,1.96,3.20810163681325,4.74158771643254,,4.74164994321806,8.12650014933293,5.56487214059486,3.38485020611487,0.8232221973768,3878.56,89.39,92.11,91.69,0.42,
FY2017-18,2018,KRUNG THAI BANK PUBLIC COMPANY LIMITED,4.20545122341352,0.641763699800918,19.5229368512305,20.1647005510314,81.7538193252984,41.5433571043925,,,100.0,,5.87764018074073,2.95778788969169,0.116417919953127,0.802910023425816,28.3908836127122,6.12322869443732,3.80298699872856,0.686492103472689,11.6797231943888,2.271295786219,1.33,7.70656240793007,3.57454069817153,,3.57454069817153,6.33826799415052,6.90941050512153,2.76372729597899,3.33486980695,4032.22,60.03,40.92,39.8,1.12,
FY2017-18,2018,MASHREQ BANK PSC,1.23899455023476,246.716153707756,93.3266202749839,340.042773982739,27.0115830890599,99.9704586740646,95.2453149229912,,93.3331514129568,23.6052006589442,4.04166893289915,3.63162480626797,6.31973353646673,4.32096090494784,36.727281034404,33.5440660991487,15.3161838818528,-1.99877263151889,-49.4541404727363,5.63039743778686,3.58,8.72130608452593,0.0012304718141632,1.40154046532737,0.705620160964291,2.06489823182588,8.29469654631497,1.35927807086159,7.58907638535068,1359.78,87.94,37.27,36.39,0.88,
FY2017-18,2018,MIZUHO BANK LTD,15.3657074653324,170.531317548624,55.2283498363104,225.759667384935,38.2604412465378,35.3118216364909,27.9337075383629,15.1697779342733,15.0985675610722,,6.1526812652273,3.52883038883315,1.18788675258039,1.87181687807455,45.2587323810691,18.8439323762163,11.5408043281704,0.68393012549416,11.1159687299175,2.84490026333899,1.41,4.37922556682095,5.36128637097937,1.582307911682,4.08712204591557,6.33638587179713,7.55097713039853,2.24926382588156,3.46385508448296,3973.0,55.0,28.8,28.39,0.41,
FY2017-18,2018,"MUFG BANK, LTD.",8.02689638095987,81.6889962903504,88.3205455245403,170.009541814891,44.7875285500245,25.7310130790614,28.1744267352458,7.18658640736321,4.44932915141554,7.43403548835189,5.75211375052758,2.39689061613018,1.43403453778851,1.15800316085751,51.664136850603,13.2559791736732,8.32535474855788,-0.276031376930998,-4.79878161146727,2.67292199306118,1.42,6.69838665973105,5.77643751574624,2.00103288993599,4.59815671247856,6.84316896060378,7.39323563051978,2.24501224812522,2.79507891804122,4838.0,78.0,23.82,23.53,0.29,0.6
FY2017-18,2018,NATIONAL AUSTRALIA BANK,20.6834655528275,855.921509552084,343.29837912921,1199.21988868129,2.61594470100327,2.18039890833325,,,,,6.94085456815176,6.51292572113642,0.296374840577588,4.21526405447482,46.7490027615833,42.4404919425603,27.2285677010264,3.91888921389723,56.4611918520686,2.59403650723919,1.19,1.31843174077867,18.8307621701987,22.3166666666667,20.1015253099378,6.9959591408261,8.88698436121444,-13.1055661691117,-11.2145409487234,1028.66,52.06,169.7,169.53,0.17,
FY2017-18,2018,PT BANK MAYBANK INDONESIA TBK,7.4677688071527,209.434054105481,226.334549493439,435.768603598919,17.0774413064383,99.9997787458874,47.415793960766,10.9088853838621,31.8949224415975,,5.73192176058966,4.65399027521786,1.13305799488792,6.63007447549085,56.5755714300923,48.6637210686568,54.6396734492438,5.49701648060293,95.9018058899226,-0.843026205385069,-0.78,-0.98585657964361,0.337622771917061,7.59271967470015,4.66707210483531,7.61639643801999,7.20972372877793,2.94932433318468,2.54265162394262,636.0,-10.0,126.64,126.35,0.29,
FY2017-18,2018,QATAR NATIONAL BANK (Q.P.S.C),47.2106059257941,1601.56597562061,786.73547468636,2388.30145030697,1.67091519291421,100.0,50.0,50.0,50.0,,5.0238067132166,4.81762954536061,0.0475450376985466,5.71233259998805,41.2600917168541,39.8227554296221,46.4750580454513,5.6647875622895,112.758867640879,-0.847158016928888,-0.69,-0.756219750576149,2.83121274134709,,12.3391760832814,1.40655555555556,3.67898196360149,-10.9326205277258,-8.66019411967991,415.74,-10.37,207.95,207.71,0.24,
FY2017-18,2018,SBERBANK,154.523770356967,318.617371278171,76.0060248396118,394.623396117783,9.48062198549259,97.7982604046718,91.8844788641497,79.945143594708,100.0,,4.20917374616509,4.07169306756486,2.46348778417574,3.90271356415278,63.4167258971211,61.2587666538051,37.0912439103159,1.43922577997704,34.1925961428486,2.63246728758782,-3.8,-5.64355331901328,1.01404105959758,0.187566541684025,0.407473680169512,7.12943020683163,7.31580010907227,6.72195652666212,6.90832642890276,904.81,-83.81,92.47,91.73,0.74,
FY2017-18,2018,SBM BANK (INDIA) LIMITED,4.43561833903994,84.3012225003763,38.6562821242753,122.957504624652,67.1671514203451,10.9871936233093,13.0692523059327,62.6814861031137,94.857664603755,22.5949116560771,7.45506598784467,2.59000877220759,0.804487419781432,1.59873300458599,49.2381840249072,12.1784134701979,9.53062544686936,0.794245584804559,10.6537700149074,1.79576318740303,-5.54,-24.4070395555535,6.13276865175673,18.6743383199079,6.77276715089546,9.42980286242272,7.89338607383864,2.65703571152726,1.12061892294318,3312.0,-156.0,24.72,24.0,0.72,1.05
FY2017-18,2018,SHINHAN BANK,3.19784082824733,103.248263431635,27.4854808473109,130.733744278946,70.4802600890536,11.8658978416772,43.1622435309848,11.7353104796761,79.7532877338418,,7.274395369786,2.24841735188021,0.662318471346717,1.31716368529605,55.6050533864475,11.5464797203895,9.22812117277045,0.654845213949338,9.00205694990432,1.59357213793087,0.77,5.52610597678963,6.87269117554966,2.00862305152201,6.15988298355949,6.4559044195727,7.32328420182583,0.29602143601321,1.16340121826634,4246.41,23.32,27.91,27.34,0.57,
FY2017-18,2018,SOCIETE GENERALE,7.75443867534206,100.924378503082,49.8536377513754,150.778016254458,50.3161794175563,9.90481018173971,28.1790356055164,5.15610650100657,46.8210131063632,4.79938620299361,5.45445489548526,2.77179718797187,1.84487906706541,2.53157070758261,43.7467081678214,21.2395538005565,15.1723274368614,0.6866916405172,12.589555760844,2.08510554745467,0.37,1.67091594050309,4.439104044308,3.46173196323953,4.1995040659098,6.51947843005649,7.5000362460673,2.31997436414669,3.3005321801575,5359.93,17.21,18.49,12.83,5.66,1.93
FY2017-18,2018,SONALI BANK,5.49366845022691,41.8510361932659,12.4476825298403,54.2987187231063,71.787797390637,74.1750811154646,55.4295001564605,5.93049320194905,99.0452713792156,,4.10244609527294,2.12308658613298,10.7284152392198,6.86277930820499,65.3396363836249,50.7130134283307,30.2350277887294,-3.86563593101478,-94.2275862068965,5.98872251714775,2.95,21.2776104266147,2.24187889833554,,2.67025448716114,11.9596016112477,10.3885717597288,9.28934712408656,7.71831727256766,279.34,9.28,20.41,20.15,0.26,0.42
FY2017-18,2018,STANDARD CHARTERED BANK,4.50818402830533,76.7465325835131,46.9507393368825,123.697271920396,60.0350161065216,40.8255557840972,29.486498107311,57.2154048501285,63.5114116233071,11.4994516155239,6.76560167244053,3.94025636307908,1.29909836461509,2.34170501836664,45.6807765142467,20.7025085535273,13.2640895649916,1.04260665375155,15.4104055223732,2.89764970932754,1.31,7.2295859858553,4.29128315327955,3.794694895979,4.22212030272187,9.79714438285784,7.04461463555755,5.57502408013597,2.82249433283568,1901.71,24.92,15.82,15.22,0.6,0.58
FY2017-18,2018,SUMITOMO MITSUI BANKING CORPORATION,13.4304459804628,75.9724885126049,52.5750832939218,128.547571806527,60.4527059326678,4.64455653266918,20.0083230028361,11.2678081917091,23.0253968524756,58.0399301147693,5.62357094956321,2.44405564407708,0.296839901182482,0.975923085939661,49.4095244960235,11.6040453687067,8.14468739359483,0.679083184757178,12.0756578132961,1.7649724593199,1.05,3.41999294546199,4.79028656068613,4.06417594376233,4.72658615043906,7.78655363266032,6.360598251939,3.05996748222126,1.63401210149994,8309.0,79.0,37.57,37.24,0.33,
FY2017-18,2018,THE ROYAL BANK OF SCOTLAND N.V.,169.176621093196,,5949.35184630849,5949.35184630849,1.34576708709123,85.6936693943528,,,,37.5947587425196,4.11658136143654,2.63709591025235,0.0490339867765694,3.82485711746577,65.7327060731821,47.3985617294483,60.3555987909792,3.7758231306892,91.7223005977846,-1.13872722043685,-3.59,-6.72164024372421,5.80521425329439,3.93108211594965,4.2534125394509,,4.51043029775424,,0.25701775830334,107.58,-306.94,295.68,295.19,0.49,
FY2017-18,2018,UNITED OVERSEAS BANK LTD,15.2853763191608,137.46140987746,216.789872018078,354.251281895538,14.5472356816079,1.6896291195595,91.0985664011687,,3.53586476962998,,5.36859642818902,4.06359086007277,0.433961904042359,1.70884720350738,61.1448114556866,34.6689596282922,18.0070813738559,1.27488529946502,23.747087651643,2.78870556060775,0.01,0.0178408852804119,4.41514315905454,2.67341936345341,3.31477932390465,7.19035225080144,5.56328544111191,3.87557292689679,2.24850611720726,1664.18,0.63,183.02,182.76,0.26,
FY2017-18,2018,WESTPAC BANKING CORPORATION,9.15852085924836,325.001368617301,343.202800190998,668.204168808299,11.5722159681932,0.678682112780148,23.7217109749778,9.50424678990409,,,4.63225379821177,2.75759847955754,0.694995763817854,1.57923241545262,43.9131489936143,20.0785531244979,13.0177998135486,0.884236651634761,19.0886918151184,1.87336182792278,1.06,2.65600416332882,6.00634907976517,1.79806886262298,4.27980681795293,4.78700237225394,6.30423330021231,0.50719555430101,2.02442648225938,3798.31,85.39,56.24,55.61,0.63,
FY2017-18,2018,WOORI BANK,2.98206601717263,80.2037360103554,20.6771928844258,100.880928894781,79.5583999578683,21.1119114132682,12.4239282839435,17.2908674129766,19.4056489818588,11.4386249206416,5.30295241012022,2.48205373438402,0.504961707261835,1.99484998744929,41.0809635842881,17.017158789245,14.1101190606898,1.48988828018745,28.0954488172312,0.992165454196565,0.38,1.28849840298658,3.81027766442302,,3.81138048245739,5.82715303443509,5.95802398494925,2.0157725519777,2.14664350249186,8414.0,14.0,41.39,40.77,0.62,
FY2017-18,2018,AU SMALL FINANCE BANK LIMITED,6.21107873312641,168.012043891756,38.5014699584302,206.513513850186,42.0719743513922,26.9266556000084,69.6207760339973,88.6475648860629,97.1308680134879,26.6070507439468,9.383588535532,4.99374900860987,2.06055744516048,3.99627400589824,56.4557010464395,26.9030999513277,19.7142234079573,1.93571656073776,20.6287451054355,3.05803244787211,2.04,12.8021135702984,1.9656887991375,8.78377515967785,5.31241951643805,9.33561071481968,4.21081871782103,4.02319119838163,-1.10160079861702,110.0,3.0,19.31,18.42,0.89,1.27
FY2017-18,2018,CAPITAL SMALL FINANCE BANK LIMITED,5.41306147650253,64.805407434433,30.5464301250298,95.3518375594628,85.0436418054366,39.992790789049,62.0590008797206,35.2936199389474,98.5176023421539,0.459383546328429,8.92541050716072,3.44225173811597,0.752919700053991,3.11836693317347,48.501855650069,17.5836924858253,15.6273426942988,2.36544723311948,26.5023914723219,1.07680450499649,0.63,8.97601371965967,5.82666933882438,8.36572794201946,5.9810200313657,11.103321863405,7.85415057915642,5.1223018320393,1.87313054779072,482.63,3.4,19.66,13.47,6.19,0.84
FY2017-18,2018,EQUITAS SMALL FINANCE BANK LIMITED,6.8894214991447,137.521951168677,68.8233456240784,206.345296792756,42.1036082434608,29.2263932691892,70.1262718069227,98.2914810952756,64.7730584193795,26.358495675801,13.6793780573163,7.6304938400665,2.13887730858542,7.81290329351102,58.4954646509711,32.969731217727,28.8918972323707,5.67402598492559,41.4786839076422,1.9564678551409,0.3,1.56972198157169,6.48934508151391,8.79866033544867,7.80456172589716,20.0207068239698,6.30700096409868,12.2161450980726,-1.49756076179848,89.0,0.2,29.63,27.09,2.54,1.46
FY2017-18,2018,SURYODAY SMALL FINANCE BANK LIMITED,4.11209840964884,210.1274415626,41.539065001601,251.666506564201,34.6438512987839,11.0287250506991,13.7493117229581,99.4457211009994,5.16526522285953,7.87849822511206,13.2600598067724,7.567683820593,1.75846017713513,6.07239895635814,66.3927463380029,34.2686745425901,26.8444057073954,4.31393877922301,32.5333282208856,3.25374504136999,0.58,1.87586589185518,3.25908581492155,13.7535029068067,8.39298044559712,16.3842445003871,7.18816767070208,7.99126405478998,-1.20481277489504,77.0,,37.94,34.79,3.15,2.25
FY2017-18,2018,UJJIVAN SMALL FINANCE BANK LIMITED,6.61718882993091,194.46461400019,32.669932814624,227.134546814814,39.8231532909343,3.67616064540882,15.524461304373,83.9719885934585,5.53356055143122,0.0081137291681018,15.495073669063,9.08893912664559,1.17679223947702,6.8917731497863,55.2083891765249,28.6122977370941,22.8219022547936,5.71498091030928,36.8825668878207,3.37395821633632,0.08,0.416689309744862,2.93983799783137,12.8725266653603,7.95849912654643,17.8944584394065,7.48842028857451,9.93595931286007,-0.47007883797192,79.37,0.06,23.04,22.32,0.72,0.69
FY2017-18,2018,UTKARSH SMALL FINANCE BANK LIMITED,9.36994442871372,141.381354601838,30.1419256629436,171.523280264782,48.4969133620557,5.31153030803876,91.8986751409364,100.0,9.45682500017893,14.3458147511386,11.454576611494,5.91200887870141,0.965790446217703,5.20706322396372,53.7357590557038,26.0293116960326,22.5279569831233,4.24127277774602,37.0268838526092,1.67073610095539,-1.93,-15.3001615565368,2.61050032754951,10.8147686687912,6.29546963110475,14.9585297647569,6.01542145105726,8.66306013365215,-0.28004818004749,77.0,-0.13,17.4,12.95,4.45,1.09
FY2016-17,2017,STATE BANK OF BIKANER AND JAIPUR,8.26532821331544,62.3313227209243,33.5763893523583,95.9077120732826,89.4365258087522,45.6341281506584,44.3696334164456,45.1876900023688,88.5080802411857,7.18256257174036,8.07967625141053,2.54091810855242,1.24954401215347,2.07616253086577,59.9034955709565,16.3323294228729,13.3311669634426,0.826618518712302,10.2308371398915,1.71429958984012,-1.22,-20.8988736793361,6.15837738172406,5.51642352759431,6.13815032564696,9.73788579223488,8.05591350306357,3.59973546658792,1.91776317741661,1352.0,-11.0,9.0,7.13,1.87,10.53
FY2016-17,2017,STATE BANK OF HYDERABAD,5.16469895304669,55.93809905048,30.7463687881045,86.6844678385845,86.9532686708269,43.3814238893074,44.6692624369005,58.2767743565603,91.3662144600474,5.6377965990689,8.040066645665,2.3178057266949,1.16595434003948,1.70830410942195,57.4360672284575,13.2046848793465,10.6580540960934,0.54234976938247,6.74558798184704,1.77545595731243,-1.55,-28.6222752865799,6.27538901782853,8.58236071958823,6.38928579089769,10.1148856547884,7.48013561720965,3.72559986389071,1.09084982631196,1292.0,-16.45,11.72,9.22,2.5,12.84
FY2016-17,2017,STATE BANK OF INDIA,6.25981319938307,76.8346893012147,37.4612597348238,114.295949036039,75.5645549466693,44.5717994550489,21.7212269422908,56.7803737694752,81.9941430546619,24.9025465496024,6.9325697306546,2.44331836563041,1.40062566743597,1.83556827887463,56.9995729585248,16.542227908901,12.5554007837188,0.434942611438657,6.27390171808035,2.00837575419176,0.41,6.30507991426255,5.59393373825209,2.51459293432447,5.14698030775125,7.87602727784524,7.18601929066257,2.72904697009399,2.03903898291132,1624.0,5.11,13.11,10.35,2.76,3.71
FY2016-17,2017,STATE BANK OF MYSORE,5.95091594442789,43.9311508675642,30.4069596970383,74.3381105646026,88.1774877249903,39.9056417514845,39.3831536666145,56.3304595696844,88.6124692129385,5.12201587481181,7.94320600492462,2.17838651002797,1.15997232303883,2.27587378150207,69.026802186519,19.5376547664543,17.2573010939108,1.11590145846324,14.0485020503234,1.06248505156472,-2.29,-44.3728676706129,6.32148343942747,7.08753292453143,6.3555819631202,11.3333980528169,6.9973109369025,4.9778160896967,0.6417289737823,1245.0,-19.87,12.41,8.09,4.32,16.89
FY2016-17,2017,STATE BANK OF PATIALA,5.20162524727321,69.4669738437409,32.4482610961279,101.915234939869,82.0608294309098,35.8273606069982,41.73966455207,49.5704266918609,97.4204071635131,6.4404091747372,7.6571762034206,1.77782477520753,1.16350168192384,1.79801272190831,64.4899956921089,15.1033389094082,13.1456827011993,0.634511039984472,8.28648868888539,1.14331373522306,-2.8,-43.7450275485702,6.73375680970578,8.22714673595449,6.81420771909152,9.23749617207092,7.50381979585877,2.4232884529794,0.68961207676725,1228.0,-25.0,11.18,7.78,3.4,15.48
FY2016-17,2017,STATE BANK OF TRAVANCORE,5.98042416544683,42.3908260662724,35.5544917211629,77.9453177874353,91.0832213422825,35.933406321214,46.8866111820932,55.293948071485,91.1900778199264,14.3094739351308,7.93388625921152,2.02763717222325,1.23251245064911,2.00959075825554,66.1594259801385,16.7958641938748,14.5044280997896,0.777078307606435,9.79442208040504,1.25055886461682,-1.75,-41.251128996051,6.26893896423761,11.214938747376,6.40239286603252,10.9057994065172,7.7008696132094,4.50340654048468,1.29847674717688,1237.0,-16.0,12.19,9.94,2.25,10.22
FY2016-17,2017,ALLAHABAD BANK,4.25312766929391,74.6780295336059,27.3126317365896,101.990661270195,85.1636932353436,45.3748582882205,43.3679863137283,50.4527166366964,87.9766998639738,14.0086155870751,7.40690069175006,2.21741978413795,1.10905217049105,1.70472017659231,56.2402622452635,13.9064568345713,11.2581541181891,0.595668006101266,8.04206821302103,1.62175177803669,-0.13,-2.21093913327217,5.84289439572288,3.67980933378168,5.67726143255197,8.31545162240689,7.33829957830545,2.63819018985492,1.66103814575348,1503.0,-1.3,11.45,8.49,2.96,8.92
FY2016-17,2017,ANDHRA BANK,4.77002231296162,70.0191679243452,30.5449798324069,100.564147756752,87.6027743001522,29.3260047901731,44.5644831656637,46.530845237055,94.3817324163956,6.41015588848328,8.52237018002324,2.61505641317507,1.09123963277618,1.63191236276004,60.7410153002895,13.1477703534925,10.3108005967921,0.540672729983859,6.34415917829076,2.07438368319122,0.08,1.55924796533136,6.32456410392407,8.65271021333651,6.43590548375729,10.1614116348771,7.4498029606953,3.72550615111981,1.01389747693801,1752.0,1.0,12.38,9.17,3.21,7.57
FY2016-17,2017,BANK OF BARODA,3.78613150850187,63.6986933086732,21.5449374411108,85.2436307497839,86.587487850619,32.159505579626,27.1556807056524,46.3930080695297,84.271995723304,14.3828690041185,6.17747426922445,1.97817264825669,0.989284757521132,1.36086212173294,49.8878141278374,12.210150586258,9.47296209196755,0.371577364211804,6.01503702027485,1.60659528404488,0.2,3.43626717481121,4.55612985015777,5.93919896578352,4.6276185457142,7.17675960738795,8.4743201860845,2.54914106167375,3.8467016403703,1749.0,3.0,12.24,9.93,2.31,4.72
FY2016-17,2017,BANK OF INDIA,5.06408170349195,67.8629529003262,23.6702382921237,91.5331911924499,86.2244958838998,31.8905871156773,26.0487324933368,44.7298437865025,81.2875572623698,12.8148869515675,6.35659523505884,1.91326562454003,1.0956484940105,1.43433591086953,60.8700565045672,14.8542151001025,11.7156806882995,0.338687416859031,5.32812621119955,1.574578207681,-0.24,-5.04482628582629,4.63940931076319,6.71331233883304,4.80352024843094,7.49316830932612,7.3456077284664,2.68964806089518,2.54208748003546,1940.0,-3.2,12.14,8.9,3.24,6.9
FY2016-17,2017,BANK OF MAHARASHTRA,10.9848309683437,68.689881733079,27.7521734779352,96.4420552110142,87.276778604867,44.8883961252833,36.5216013577328,55.0154483792956,90.0053954641636,14.2155022797403,7.53210350272174,1.98243759435711,0.941718780326027,1.7832418280601,63.2873026255499,15.3904248196642,13.3182596303386,0.841523047734078,11.1724838543442,1.14091454662303,-0.86,-16.979480249115,5.80888682685676,9.34858683580621,6.01695886974578,8.34158485895909,7.56330826076593,2.32462598921331,1.54634939102015,1854.0,-10.58,11.18,9.01,2.17,11.76
FY2016-17,2017,BHARATIYA MAHILA BANK LTD.,4.7800490789624,59.0630519653875,72.6212664913871,131.684318456775,47.3884599819542,32.2620543988391,34.7784798156309,71.6463117332631,99.6811505786173,0.949761776343252,7.64074465323524,4.44528034960666,0.908190475144505,4.447692620239,48.1889765515538,28.0420456520944,25.070930141195,3.5395021450945,46.3240470102061,0.905778204512157,0.21,0.416597328641018,6.84400196418204,,6.84709069717747,10.4350309311271,15.6367945592592,3.58794023394963,8.78970386208173,309.0,1.0,139.25,138.89,0.36,8.85
FY2016-17,2017,CANARA BANK,4.02251023319978,69.0542816719055,30.3398747598452,99.3941564317507,84.8772474879837,30.2354322487069,39.9752341080966,54.3756921796373,84.2453341329729,9.71622972777929,7.28347825260851,1.73725448285668,1.32943774209023,1.49800780281384,57.7411857587599,12.2790890559609,10.0426785613124,0.168570060723603,2.31441702545389,1.56868442213307,0.2,3.4368016119411,6.06319002342022,5.89299055797375,6.05234228490945,8.87494391213862,7.32207466096306,2.82260162722917,1.26973237605361,1442.79,2.0,12.86,9.77,3.09,6.33
FY2016-17,2017,CENTRAL BANK OF INDIA,25.3097559757887,46.9876324028702,31.042743599251,78.0303760021211,88.983042409025,39.2048926850746,49.65639323741,51.5572665405258,93.3643051418091,19.5712785672742,7.72034492547583,2.05801885500412,0.90023097192203,1.99134323957244,66.2520559963596,17.2375599822413,15.3041496747275,1.09111226765041,14.1329471439796,0.966906587353712,-0.8,-13.958727838873,6.15802825885644,8.18805120103073,6.22259536671837,10.1959837320199,8.14738075163866,3.97338836530153,1.92478538492029,1181.33,-6.49,10.94,8.62,2.32,10.2
FY2016-17,2017,CORPORATION BANK,7.93283691886244,63.6366684931237,29.0501845861003,92.686853079224,88.9744163890558,26.4664759178184,41.9662632262025,52.8526573915317,89.2775805835468,15.9031107287485,8.06681861323051,1.84400494654313,1.2802812236201,1.28503771825654,46.5655925491792,7.97012883321849,6.40182985558254,0.0047564946364435,0.0589636988817661,1.83924845190669,0.23,4.66160004944965,6.62713267320367,9.33180116600363,6.74605725460968,9.46076584103453,8.11568460355631,2.71470858642485,1.36962734894663,1958.0,3.0,11.32,8.9,2.42,8.33
FY2016-17,2017,DENA BANK,5.27533457116998,63.6939208657486,34.8747240450121,98.5686449107607,87.9659652027662,38.2495640526281,38.9280725385745,52.058198072921,90.7250353336695,13.1484591789205,7.74353691578714,1.83164640522925,0.951734609458005,1.72607271763771,65.3912746310902,14.7775122424809,12.9806291597199,0.774338108179703,9.99979875605707,1.05730829704955,-0.67,-11.6496551536033,6.23497055754961,9.88812218687732,6.40554015569605,8.99761542244448,7.75335376500759,2.59207526674843,1.34781360931154,1369.0,-6.18,11.39,9.05,2.34,10.66
FY2016-17,2017,IDBI BANK LIMITED,4.97021365079248,71.0610263547341,34.6075343196771,105.668560674411,74.2075265838342,31.4552744990995,31.7358849084821,69.1647700633653,96.5131965550398,9.75756368278461,7.53905136949897,1.56027130828787,1.08721780745365,1.39456351617894,42.8646247249582,8.10723671679055,6.92969817541049,0.307345708725286,4.0767159376142,1.25292559956259,-1.37,-20.5154404281163,6.41573076503337,7.72148645937965,6.66644103003134,9.49565323880709,7.07218612702698,2.82921220877575,0.40574509699564,2345.0,-28.0,10.7,7.81,2.89,13.21
FY2016-17,2017,INDIAN BANK,3.0621457842836,69.9686504986397,37.0127961025763,106.981446601216,83.6304131654207,37.081827331166,42.1029624896403,51.4507083133012,81.3212999897681,16.1773880847324,7.60279250543975,2.4392149879374,1.04818367767882,1.59107523604184,59.3283591315867,13.9749423772724,10.9115874337358,0.542891558363015,7.14068624093817,1.89632342957439,0.67,8.41174176839642,5.85201820400095,4.17178389064849,5.7800457077285,8.92805771058362,7.33407042761584,3.14801200285512,1.55402471988734,1488.0,7.0,13.64,12.2,1.44,4.39
FY2016-17,2017,INDIAN OVERSEAS BANK,5.4413846745286,66.4601460165348,33.9042447890613,100.364390805596,85.5058361126505,36.0876345159952,40.89282252323,39.2822069359627,83.7588563264402,19.2632211672569,7.56075084211689,1.98985345309235,1.29317784260159,1.88342494931085,61.9841078166681,15.6610366206348,13.1853801041089,0.590247106709259,7.80672606510598,1.39960634638309,-1.21,-23.2349297312824,5.97716058052611,6.94571341667533,6.06465088381461,9.3276636039875,6.90712858879017,3.26301272017289,0.84247770497556,1228.0,-11.4,10.49,8.21,2.28,13.99
FY2016-17,2017,ORIENTAL BANK OF COMMERCE,4.92984541567518,71.9004481925088,27.0034788512518,98.9039270437606,86.6732361454169,30.4961364241838,36.8386445832045,48.4817788681995,92.9053857487901,15.9418078477621,7.47609652201923,1.99235664599811,1.12229575906158,1.42234145762976,59.8975868546334,12.3362029607442,9.90822681849258,0.300045698568182,4.01340054511686,1.69231094742993,-0.46,-7.52908720019501,5.97188548086254,5.8699251558691,5.96632207488501,8.35579802577751,8.00600167884602,2.3894759508925,2.03967960396101,1789.98,-5.08,11.64,8.88,2.76,8.96
FY2016-17,2017,PUNJAB AND SIND BANK,5.10248885864563,68.1954914667667,32.672959081736,100.868450548503,88.5110917686929,27.5420557337668,36.5295626072497,66.3254382008994,91.4995932752245,23.8537486690834,8.20467091948306,2.16773584040297,0.580347465148145,1.50137360596417,66.2057696719485,13.1859279449794,11.3146712728455,0.921026140816023,11.2256317145996,1.24670969958695,0.2,3.32022457082127,6.5857423805931,6.62589438224345,6.58701727168168,9.29483335056583,8.11457852261621,2.70781607888415,1.52756125093453,1534.0,2.0,11.05,9.14,1.91,7.51
FY2016-17,2017,PUNJAB NATIONAL BANK,4.05498356693582,67.4747369381801,30.0344592562294,97.5091961944095,86.3081564124874,41.8230942604539,31.7354533743738,33.511295770633,88.5907766680727,21.6116100773725,6.81347219946142,2.16083370633494,1.29008241216908,1.35176792371325,57.7939763782134,13.0111185067031,9.64071289650891,0.0616855115441757,0.9053461985073,2.09914819479077,0.19,3.29521521782345,5.09615399262463,4.67407165529881,5.06288496503518,7.9245182658676,7.30018398628705,2.86163330083242,2.23729902125187,1417.0,2.0,11.66,8.91,2.75,7.81
FY2016-17,2017,SYNDICATE BANK,5.03105022140057,76.6305998214502,25.1248014458626,101.755401267313,87.1227329210546,29.1159179398406,33.686800765437,77.5625555366277,84.5503176134403,10.4167191244029,7.57899233097734,2.0677259589811,1.13909770514998,1.81211321436089,68.9791597952421,17.0683556009211,14.3377788555159,0.673015509210917,8.88001306532697,1.39471044977019,0.12,2.70678759853604,5.89942629441743,6.15020012308942,5.91849219564064,8.40627138572341,7.95166229147617,2.48777919008277,2.03317009583553,1351.0,1.1,12.03,9.26,2.77,5.21
FY2016-17,2017,UCO BANK,4.36707710275126,59.4802116100427,36.7733828890854,96.2535944991281,87.0081985688004,31.402607196733,35.1513246251351,54.2106331373915,96.0316673219101,19.0981872468526,6.85637838837261,1.60294123047713,0.888026946966728,1.26209620670047,65.2903904889386,12.6471233526086,10.640294587121,0.374069259733744,5.45578494279297,1.22887197074339,-0.75,-14.6440052965601,5.76432432062792,5.51393040367826,5.74891822377925,8.03753368693679,7.25876954181567,2.28861546315754,1.50985131803642,1348.0,-7.5,10.93,8.27,2.66,8.94
FY2016-17,2017,UNION BANK OF INDIA,4.39491644545428,76.2083882988723,29.8348643056202,106.043252604492,83.0340894456285,34.0027878679451,36.380859432687,49.3560368824458,91.0140845855117,21.9332789262303,7.61837346622959,2.07682102691989,1.15805852956514,1.50171267263032,53.3439824458024,11.3736077194694,9.12755143386455,0.343654143065186,4.51085976013807,1.73316688385471,0.13,2.36929335293214,6.12260271948077,4.8696937685167,6.0082390980186,8.28539128884291,8.63648425776313,2.27715219082431,2.62824515974453,1643.0,2.0,11.79,9.02,2.77,6.57
FY2016-17,2017,UNITED BANK OF INDIA,5.22648357205133,52.1031080449655,41.780213907202,93.8833219521675,89.993938340066,47.3338871362964,40.932398748834,66.9437618484688,91.9719737079568,27.6717428913536,6.97111979014598,1.42538749122193,1.61681387813322,1.89397755828871,63.408441892134,16.1423184848163,13.9840583996754,0.277163680155487,3.97588462828126,1.14822381106644,0.16,3.33469444271701,5.8580403980829,13.6410041212347,6.0289701523063,8.99595721654557,6.26046306548089,2.96698706423927,0.23149291317459,1304.0,10.38,11.14,8.94,2.2,10.02
FY2016-17,2017,VIJAYA BANK,4.33827269572115,71.0830015703529,33.3989168632012,104.481918433554,85.8797770664987,28.1165305895845,38.4132974678666,61.5482637934356,90.0469787651019,9.85751025469558,8.24499346626951,2.33536707900932,1.09977752036525,1.82260255952416,63.8718868414403,15.0555635690612,12.4575620531894,0.722825039158905,8.76683580303613,1.61254203985042,0.49,9.51413576682671,6.22106519114186,7.80590597901164,6.34205923242294,9.51835909777129,7.78766506616974,3.17629986534835,1.4456058337468,1417.0,5.0,12.73,9.96,2.77,4.36
FY2016-17,2017,AXIS BANK LIMITED,7.44679503596926,90.030995910935,31.081072244017,121.112068154952,68.8946070190799,51.4143197413929,25.1625597293942,70.2529942090566,77.85531901489,29.6562686273175,7.80558999562202,3.17064666637244,2.04879112593754,2.13791749764364,31.9007722133712,10.0697800894567,6.92090332837836,0.0891263717061041,1.14182748204931,3.08152029466633,0.65,6.75546747931693,5.08570437299644,6.37552193921616,5.36514797321359,9.30681510696401,7.39314601557379,3.94166713375042,2.0279980423602,1400.0,6.68,14.95,11.87,3.08,2.27
FY2016-17,2017,BANDHAN BANK LIMITED,25.8821066024654,72.492685425446,23.7486264757466,96.2413119011925,76.8242771889583,29.4349192684094,97.5802665536692,97.95426031018,88.3101134652985,0.0036254955871193,15.6371541011406,9.61541932822109,1.64589750884363,4.08862590164962,53.3822632961678,21.5877663939713,12.6285629023584,2.44272839280599,15.6213104827548,7.1726909354151,4.46,28.5813829094052,7.3112889434745,10.4951494711789,7.64105236632364,21.3236621818144,9.23066774511951,13.6826098154908,1.58961537879587,170.0,5.0,26.36,24.77,1.59,0.36
FY2016-17,2017,CITY UNION BANK LIMITED,4.92827099334878,79.1370249118647,23.3480923051184,102.485117216983,85.3843941511239,23.3729839411807,36.1625880281107,34.6783042125727,98.5607329063195,4.84761721422368,9.46343564732828,3.5744208572547,1.44300736605345,2.05434990201594,43.2725197971653,11.1913402256122,8.15086061479594,0.611342535962493,6.4600485357037,2.96307832129221,1.5,15.184359163668,6.78087305841673,5.55168655581606,6.7557394842791,11.5403737161875,7.77179558308026,4.7846342319084,1.01605609880116,1153.0,11.0,15.83,15.35,0.48,1.71
FY2016-17,2017,CSB BANK LIMITED,5.07247788516432,54.4472378994118,38.6379111999552,93.085149099367,91.9148454722597,24.7766285360991,45.424639378141,30.7692396752884,95.5171552205537,12.2433483741658,8.38454870794336,1.96768408917764,1.76439047742156,2.78015140288928,66.2576894805131,20.028931984866,18.1503115741478,1.01576092546772,12.1146761841267,0.951923163709923,0.01,0.164310501290781,6.84257459749393,44.3703349282297,6.94916448999087,11.0305872442396,7.02338242210693,4.08142275424873,0.07421793211606,859.28,0.06,12.15,11.54,0.61,5.51
FY2016-17,2017,DCB BANK LIMITED,4.44964847033612,82.002484041416,30.1616488064411,112.164132847857,80.2167000730829,24.3098771782863,41.14973337508,77.6462046390318,96.2601457582227,17.9928160878545,9.61960212224924,3.69321679701636,1.15301316671364,2.90851397907852,49.0706015306615,16.1544037569361,13.2486426633974,1.75550081236488,18.249203969721,1.93771598465148,0.93,9.99111395942984,6.88650948356948,8.32963341676351,6.98197370851781,11.4683690685298,7.75320152151529,4.48639536001199,0.77122781299748,685.0,4.0,13.76,11.87,1.89,0.79
FY2016-17,2017,DHANLAXMI BANK LIMITED,5.09112624860675,57.0792761851301,37.1371402402047,94.2164164253347,91.5719297062664,29.4416631095881,42.1411305399881,64.3555245592017,99.1305963300532,25.4315905324298,8.78408696185252,2.67460880660018,0.895454357393482,2.81129801811169,55.9174938645149,17.6218679433365,16.2405153812938,1.91584366071821,21.8103904143746,0.758765145881966,0.1,2.12963012348372,6.45258317616211,13.4916391278691,6.57386289954751,11.4856825507975,6.93734174863878,4.91181965124999,0.36347884909127,885.0,1.0,10.26,9.01,1.25,2.58
FY2016-17,2017,FEDERAL BANK LTD,4.68600677829692,75.0899506669677,28.8703375039246,103.960288170892,84.9427447282832,32.819317069359,27.456504521095,45.7163958764934,86.944044462364,23.5163049405501,8.28159367113792,2.91340400166964,1.03246369333201,2.10875308980539,52.6695860157999,14.8546211767947,11.9246798579181,1.07628939647338,12.9961628064939,1.83711460519626,0.84,9.75469952063566,6.11141586916845,4.01645316123257,5.98860658090198,9.96097783729952,6.7529284121765,3.97237125639754,0.76432183127452,1449.0,7.0,12.39,11.81,0.58,1.28
FY2016-17,2017,HDFC BANK LTD.,5.88790251331815,86.1612855379309,33.3204044376095,119.48168997554,74.5091120422801,48.0319208696961,29.3053329932347,70.727968230907,76.0306756145332,24.2673820267329,8.63821407172242,4.13043443341673,1.53262135127322,2.45580193292459,32.9064169726071,11.6048963569007,7.94542818225541,0.923180581651375,10.6871695235413,3.20725385176536,1.88,17.9469974646385,5.26550859346863,6.0821908389982,5.36176121152423,10.2153051579002,7.77204685516284,4.85354394637597,2.41028564363861,1236.0,16.0,14.55,12.79,1.76,0.33
FY2016-17,2017,ICICI BANK LIMITED,6.46936282782654,94.7336891171049,32.957891931721,127.691581048826,63.4937154771213,50.3678077176838,22.952464947273,73.4835878454779,79.165507040153,31.6384633040389,7.25718825065457,2.91290005793417,2.61368962967902,1.97724496653985,38.8592532502211,12.1543715672747,7.78393409623466,-0.636444663139168,-8.76985192001549,3.54934472107334,1.35,10.3339801922332,5.01866188743263,5.92330708129421,5.25501942379903,8.80568483925623,7.06829690369118,3.5506654154572,1.81327747989215,989.0,12.0,17.39,14.36,3.03,5.43
FY2016-17,2017,IDFC BANK LIMITED,7.55141722920042,122.864622080329,125.525801256094,248.390423336424,35.8490969758047,5.2088425212388,14.4771109742269,92.5456135065455,59.1557125324831,50.7532828879908,8.73468091028878,2.06506947359834,1.037095696948,1.30720199110955,44.9203289896352,7.36132843372043,6.0091369109953,0.27010629416155,3.09234300526521,1.79496317943679,1.04,7.20392896495607,5.42735653987383,9.6837392733174,8.36114742710814,10.701069724285,8.20142057812099,2.33992229717686,-0.15972684898715,2132.0,32.0,18.9,18.54,0.36,1.14
FY2016-17,2017,INDUSIND BANK LTD,6.12199653967047,89.3406982183456,28.9969926956201,118.337690913966,70.8499001517583,36.8533023029126,30.7931269845131,67.2434045564896,87.3615890984911,14.3037889819727,8.96027124276139,3.77091637794213,2.59465202386754,2.97505465904547,31.8000730826804,11.5877278456056,8.18758838977696,0.380402635177933,4.24543660422382,3.39051374276419,1.86,14.9594987063866,6.31342561115338,5.95070102558656,6.24896982320506,11.3936647878241,6.97290211392154,5.14469496461904,0.72393229071648,916.29,11.33,15.31,14.72,0.59,0.39
FY2016-17,2017,JAMMU & KASHMIR BANK LTD,4.95558905407969,68.7468763840192,29.3817008741011,98.1285772581203,88.3495076584512,51.6954998756339,29.7496059753791,65.9028470685837,74.6353714402313,23.3230089798222,8.23949031124244,3.09567863147357,0.607389110556685,2.10795136659044,65.6279107619295,19.0768015022964,15.6372024056536,1.50056225603375,18.2118334915243,1.59511637543982,-2.04,-26.9790007502518,5.75126723588355,5.38557356241547,5.74242220463755,9.56780681566758,8.56107947219172,3.82538461103003,2.81865726755417,1220.0,-16.0,10.8,8.7,2.1,4.87
FY2016-17,2017,KARNATAKA BANK LTD,5.16324381465847,65.0690569779147,35.6400915471083,100.709148525023,88.5920508660722,29.0361679848875,42.4373281193636,57.760714455938,96.4198198769014,31.3473452271377,8.6036943122491,2.47326461545882,1.3428665308612,2.16388391336187,46.0858330944186,12.0232242900523,10.0260174787921,0.821017382500676,9.54261451771702,1.65224723295815,0.74,10.240070555905,6.71763950910669,9.91522962455953,6.77285752386087,10.7135248973876,6.96978610665386,3.94066737352673,0.19692858279299,1137.0,6.0,13.3,12.21,1.09,2.64
FY2016-17,2017,KARUR VYSYA BANK LTD,5.19643205002553,76.1785216481357,27.6676667347389,103.846188382875,86.8821848806132,27.7256600485031,44.887804227614,20.8238897720297,99.2114288406617,13.2050937719956,9.30912006361913,3.43350121238608,1.29514042199811,2.12753692507996,47.3142317978245,12.5778852799037,9.49267281468563,0.832396503081851,8.94173130643068,2.60110470930423,1.0,12.6132751726702,6.6391675524392,4.51546362867936,6.54921929642571,11.0053050447717,7.54969538217833,4.45608574834599,1.00047608575262,1285.0,8.19,12.54,11.85,0.69,2.53
FY2016-17,2017,KOTAK MAHINDRA BANK LTD.,4.75933611209704,86.4420425503421,28.6320095876446,115.074052137987,73.3612428375819,43.9983078027957,35.79523088707,64.901257629356,77.3518062424667,19.7821612193549,8.70047627295065,3.99466822233483,1.70930837059058,2.76195097882623,49.2752801626443,18.2244643594667,13.0738447467876,1.05264260823565,12.09867799431,2.94202561409918,1.73,13.2278815679993,5.56357516265734,6.35488791802487,5.66202907281564,10.5218766019789,7.64220779579716,4.85984752916326,1.98017872298152,835.0,11.0,16.77,15.9,0.87,1.26
FY2016-17,2017,LAKSHMI VILAS BANK LTD,4.76152249539482,77.6638525129492,28.3167944232374,105.980646936187,86.6891638422838,19.1283483824452,34.5362366686573,32.6043119702491,98.2539776350634,8.56508668560785,8.90760718350933,2.44903839040755,1.57323389516202,2.0382190586444,51.3856958124458,12.3264587011086,9.99302477353354,0.464985163482378,5.22009057991697,1.98405322692518,0.83,13.1321187389803,6.92394146467631,10.0830085685502,7.058780932978,10.3277543767535,7.60134990971226,3.2689734437755,0.54256897673426,1146.0,6.0,10.38,8.75,1.63,1.76
FY2016-17,2017,NAINITAL BANK LTD,4.15676685965244,46.8160514766471,30.7099109236623,77.5259624003093,89.0008454111645,33.8224279059911,46.2488912018484,37.6158413147994,96.774362872379,18.1007916334083,8.12026325847988,2.68665442036531,0.76089081373743,1.85471497764501,64.2471076300364,16.3494482138868,13.4171833776158,1.09382416390758,13.470304214156,1.59283025645774,0.73,8.69329205501499,6.0447745751287,11893.0675909879,6.15755164487329,10.6270766930759,6.63058293878589,4.46952504820261,0.4730312939126,1271.0,7.0,12.78,12.47,0.31,1.25
FY2016-17,2017,RBL BANK LTD,8.52295828037508,85.1421310283689,38.9778911015599,124.120022129929,71.0595871708167,21.9807687914228,31.7347900066047,73.605930442937,68.3747864077095,27.2998839331092,8.45476694102273,2.78094719335408,1.72016924705363,2.40536663745422,42.232563968969,12.5736423870811,9.98382677860455,0.685197390400597,8.10427295252815,2.09574980295348,1.08,12.1790361218893,6.65391201990183,5.73585160982909,6.43443892212663,10.4163388172653,7.03114231758224,3.98189989513867,0.59670339545561,1216.0,9.0,13.72,11.39,2.33,0.64
FY2016-17,2017,SOUTH INDIAN BANK LTD,4.65531527181481,70.1621774213213,29.3865884182433,99.5487658395646,88.9726467151837,23.815695132455,40.6481958012433,48.5833967430174,93.7679396448382,12.2789055870241,8.48713203438691,2.43192376808335,1.03865332674469,1.70756881267277,57.5077256609591,12.6499058039864,10.3086932051899,0.668915485928078,7.88152562276473,1.76300828215527,0.57,9.02924607541518,6.48803667683261,9.58694345319602,6.60013466287772,10.1684179506643,7.2188836186677,3.56828328778658,0.61874895578998,1484.0,5.0,12.37,10.88,1.49,1.45
FY2016-17,2017,TAMILNAD MERCANTILE BANK LTD,4.52997150572414,68.2578988954369,35.7391213731393,103.997020268576,87.0371805561378,23.2323922571407,58.3173004714655,34.5858257287236,99.4114544947205,18.2013460742751,9.35897231747104,3.18559472074716,1.19170673255338,1.95311660637208,53.5512139121561,12.8704657345807,9.91327332461823,0.761409873818694,8.13561412503932,2.42418484692846,0.86,10.2717883418911,7.07259223209151,10.7332822927793,7.09198634407742,11.2952357807937,7.84259221779803,4.20324943671628,0.75060587372061,1234.95,7.22,14.02,13.27,0.75,1.74
FY2016-17,2017,YES BANK LTD.,4.86587949718306,92.5730430709371,35.0181617936264,127.591204864564,66.4344421908053,36.3045076251518,22.0566952701681,77.2262758429018,74.2243086265556,29.0841662591209,8.6372002062524,3.04862023984779,2.18590687322009,2.16475860442845,43.8485442025234,12.2426632716846,8.77026464369971,-0.0211482687916467,-0.244850973540449,3.06976850863944,1.81,18.582786063805,6.44482537935869,6.89750113589997,6.54273724986327,10.5954162823601,7.68045325304325,4.05267903249683,1.13771600317998,1595.5,20.0,17.0,13.3,3.7,0.81
FY2016-17,2017,AB BANK LIMITED,1.91681507936566,46.7371324540263,30.4890397007941,77.2261721548204,56.190493062485,93.0351490640285,39.3882062070448,3.7793538812463,70.0814354987238,,3.00320308220813,2.27520778772117,11.4552867037703,7.27542218953606,7.38790534228904,6.71589737368836,3.71754804665751,-4.17986451423426,-139.180215250744,6.45507230195543,3.48,8.47644373318363,1.15452293261508,,1.2541072430338,4.64684118196885,6.83120007644873,3.39273393893505,5.57709283341493,286.73,25.29,32.95,32.68,0.27,
FY2016-17,2017,ABU DHABI COMMERCIAL BANK PJSC,4.07741626070506,81.4406851521492,24.1395755593974,105.580260711547,81.6489663465198,13.9081906608519,20.1983084920126,39.9665001135098,66.4623605761745,,6.4279106001114,1.45471844652261,0.860681069779581,1.30551522434778,56.243356282101,11.6945341572567,10.0741763594773,0.444834154568196,6.9203537858863,1.00988429195442,0.54,4.20743584061955,5.18088454844113,17.3895705274352,5.87778586371403,5.69540171070024,8.81923141144761,-0.18238415301379,2.94144554773358,4782.5,20.31,25.52,24.64,0.88,0.06
FY2016-17,2017,AMERICAN EXPRESS BANKING CORP.,9.69566584536356,249.368615361881,113.895387898143,363.264003260023,23.3288330573915,,,0.0003198691970677,5.8894456857614,,5.07615823671973,3.02850131376346,20.1268854411343,19.6947113134455,11.4519671624511,10.3734416041174,8.9490456041116,-0.43217412768876,-8.51380330428854,3.46067544145222,0.96,4.51454606343196,6.18961531066933,2.82194614715749,4.57940852933919,5.76776238044135,6.68082696695782,1.18835385110216,2.10141843761863,742.24,8.01,20.73,13.02,7.71,0.56
FY2016-17,2017,AUSTRALIA AND NEW ZEALAND BANKING GROUP LIMITED,8.04362157009588,68.1736091927506,56.110932243222,124.284541435973,44.5794379453767,7.35379249843898,13.7373475484566,12.3475123465477,32.225134298497,,4.06292879591635,1.33497184600343,2.26435893293833,2.46469630710679,52.1335395969802,24.745219093414,20.3078077096301,0.20033737416846,4.93086106677083,1.13463447183497,0.67,2.86052665951412,5.87165256555344,3.12696231244867,5.3852284374212,5.86945918721746,6.4079875788708,0.48423074979626,1.0227591414496,6435.09,50.12,19.45,19.12,0.33,
FY2016-17,2017,"BANK OF AMERICA , NATIONAL ASSOCIATION",6.05719564434498,71.2596915779702,39.7627624199543,111.022453997924,54.9757670406527,41.2955158927043,29.117595943427,4.05842054255445,2.86096313252166,0.309901251444151,5.20051238666134,3.1742994792008,2.72409224348532,1.81524172835766,55.7199467368806,26.3299145785978,12.7634345357593,-0.908850515127663,-17.4761724913636,4.08314999432846,2.32,10.4025852293375,3.16545091120897,3.16379459809303,3.1649811517225,7.40076459922586,5.779709151278,4.23578344750336,2.6147279995555,7172.79,158.73,19.24,18.76,0.48,
FY2016-17,2017,BANK OF BAHRAIN & KUWAIT B.S.C.,5.34521717400756,78.524672117763,25.9283475696272,104.45301968739,73.9177325429728,27.3614966222595,30.9054148332121,33.7896053843409,65.8759043966955,3.96033073080535,6.8901274117935,2.9471481952812,1.30718674403335,1.69503187144339,49.8978413999725,15.0014659726127,10.3178223844282,0.387845127410032,5.62899790134761,2.55930306787116,0.99,4.41177375753142,4.99023498483334,19.7864,5.25755433418369,9.60024622683764,6.35806492595079,4.34269189265395,1.1005105917671,2457.0,17.0,24.65,24.13,0.52,
FY2016-17,2017,BANK OF CEYLON,3.90559024556645,154.01432297625,38.1838565955163,192.198179571767,45.0703512347061,33.2199552380992,41.6625869321094,49.6884658419863,99.2914429565324,,9.0300545406051,6.67346824704417,1.91965623800746,1.63032856284874,41.8453750575242,17.1114038389161,6.23045773160086,-0.289327675158722,-3.20405235491894,6.96279592220289,1.92,4.05171696506933,5.48523748170761,1.48047375160051,5.45626045522688,10.7913234793628,8.76698545351421,5.33506302413592,3.31072499828733,1953.0,34.0,33.22,31.97,1.25,
FY2016-17,2017,BANK OF NOVA SCOTIA,6.6532972063066,98.3782450231903,82.4091438432811,180.787388866471,47.9348363612517,6.88079235730685,49.3651419765541,0.69099860657629,63.7106813977959,0.202259919295924,4.72643855316125,1.60938006836891,1.15528939430163,0.994474115760595,49.9985344401511,12.0933610790312,8.45368041004734,-0.160815278541039,-3.40246205958775,1.77019534690995,,-0.659358900313037,5.72813602751105,1.88223024482596,4.06328792633579,4.10411544767088,6.87054256424738,0.04082752133509,2.80725463791159,6221.53,,23.38,22.59,0.79,0.76
FY2016-17,2017,BARCLAYS BANK PLC,7.75443365749383,104.333424663268,75.2797381198321,179.6131627831,37.1416214944954,9.24529672043625,20.8217986887802,13.5962322373102,9.56954825625806,52.4395893165183,5.28647395864652,2.77098726595012,1.83385970777646,1.34374819611297,60.770626180522,21.1597432287739,11.4686225579307,-0.490111511663483,-9.27104749777231,3.2610987776136,1.8,8.17731142515194,4.16712828285429,7.39003268448032,4.79747007076409,7.40082040628875,5.93035351726893,2.60335033552466,1.13288344650484,9497.57,186.32,17.8,17.29,0.51,0.43
FY2016-17,2017,BNP PARIBAS,13.7373106137826,76.7738186191343,41.7192793833764,118.493098002511,54.5628169288841,12.0324820730391,31.4387808429114,12.3670509393986,46.2502494270606,28.5525449023375,5.90791032554575,2.10588233895334,0.777648590848761,1.16540180489608,38.5622714001975,9.04704094010278,6.72203195763904,0.387753214047316,6.56328875492024,1.71812912490602,1.01,7.77991523821787,6.04423295182065,3.73764399198915,5.7202222101001,7.08449498165274,9.81706901155889,1.36427277155264,4.09684680145879,10033.0,90.0,13.77,11.83,1.94,
FY2016-17,2017,CITIBANK N.A,10.1859689631612,52.7374189534851,55.5866107883975,108.324029741883,70.0980290411692,58.2373484375014,36.7751780449941,70.6146462470004,37.901143556729,11.2336740768259,6.9094854660216,4.52926545614614,2.46803275808226,2.50947968764922,33.087615394343,16.9811448312229,8.85444280251328,0.0414469295669629,0.599855514144782,4.48781852657917,2.45,17.1536457310695,3.24050304175096,2.15005549471554,3.1128664735426,10.2888114864156,6.36917661277669,7.175945012873,3.25631013923409,3029.0,69.0,17.63,16.71,0.92,0.46
FY2016-17,2017,COMMONWEALTH BANK OF AUSTRALIA,806.967721911856,,,,0.333630860543957,100.0,,,,,5.31797434896837,3.47565809542635,-0.154053764643881,9.50562119271088,50.3221755209714,42.1524651824206,92.6318540892193,9.65967495735476,181.641999819511,-6.18401686192841,-6.75,-10.5356709273844,9.2823409912225,1.69476651173642,4.35143153177885,6.87192077998741,9.46926533672704,2.52048924820856,5.11783380494819,9.21,-274.6,144.63,144.63,,
FY2016-17,2017,COOPERATIEVE RABOBANK U.A.,5.88447830032784,88.0979520361603,34.9798477743746,123.077799810535,57.5074691668694,4.97416219984033,28.1207329726583,40.2730252359467,67.7013106637544,,6.90068771695053,3.44752301054266,1.19294814158328,2.89245734595993,41.0420594435652,18.7077650309426,14.6673767396757,1.69950920437665,24.6281135168898,1.74801380616601,-4.15,-11.0683895479083,6.32094674024177,1.73059769163291,5.9318544708595,8.58163764382322,7.16539225883711,2.64978317296372,1.23353778797761,5638.02,-214.27,35.3,34.83,0.47,9.66
FY2016-17,2017,CREDIT AGRICOLE CORPORATE AND INVESTMENT BANK,7.63607423272179,238.261378150752,85.6310472934276,323.89242544418,14.5187219256071,14.2305173684427,38.4281103557268,0.297550349297497,65.4304587344534,,3.28286755483385,1.57872289622778,0.477730977402044,0.984566112011295,41.3072507742968,15.1261042047251,10.8146931782544,0.506835134609251,15.4387932544815,1.07188776161853,-1.28,-7.81331369548756,4.02526893110668,5.56134775453996,4.90164294306906,5.92483199893533,8.35724042921425,1.02318905586627,3.45559748614519,6948.0,-167.0,16.83,13.0,3.83,4.64
FY2016-17,2017,CREDIT SUISSE AG,5.73751463320988,37.6197990643297,172.917579434066,210.537378498395,42.8321666795836,16.6480256603864,34.279747974732,12.7290999317084,0.922768822906488,49.750936172674,6.08972985147133,2.44602221587168,2.85592069337675,0.837647027878478,58.6771896265457,10.9678383403804,5.4943766524889,-2.01827366549827,-33.1422528539692,4.46429588136995,2.99,12.7248114525686,4.19114484521492,7.9080107454243,5.14238556984096,9.12818993850167,6.29930098238918,3.98580436866071,1.15691541254822,9813.0,585.0,34.57,34.2,0.37,
FY2016-17,2017,"CTBC BANK CO., LTD.",7.60928171415257,138.310095029181,24.779723337225,163.089818366406,54.5133688298256,52.9258294483283,23.9315661837995,6.73455166577988,48.1759907044847,,7.26584900380175,4.77965717632418,0.960308495798248,4.09966402426755,53.7937788420184,33.4863721302964,26.8091657446081,3.1393555284693,43.2070020561489,1.64030164785488,-1.88,-5.36742145504345,4.05478949705625,3.898703888335,4.03022402471997,8.1677725872453,8.39116181835439,4.13754856252533,4.36093779363442,2194.0,-31.0,43.06,42.43,0.63,1.0
FY2016-17,2017,DBS BANK INDIA LIMITED,7.36635346408435,80.90939185828,37.9687370350135,118.878128893294,60.5965838017249,9.38662764086703,28.7565151011489,12.6306249658798,60.2396267008101,20.8262823712029,5.83324482249617,1.63948080896619,1.40895314138133,1.86679376792336,42.1056816556486,12.9695362940803,10.8534210885953,0.457840626542028,7.84881554733216,1.18164018242416,0.03,0.283359699750385,5.66585422339416,4.90894331790876,5.47233808307069,6.63861640520836,8.55936379709609,1.16627832213767,3.0870257140254,4202.45,1.17,16.49,11.62,4.87,2.12
FY2016-17,2017,DEUTSCHE BANK AG,9.56124299552652,90.2751244406365,36.2070234051438,126.48214784578,51.1011847546875,54.0544392415498,35.0876757381422,31.4423543928033,39.6259681448273,8.94904151562577,6.87694176769458,3.69695616326174,1.54257502973141,1.90448236374981,37.3207554363107,13.9791854280633,8.4419001993087,0.361907334018393,5.26262030774355,3.33504882924335,1.39,8.4804559016588,4.68286647901377,4.09778645455313,4.57581510268074,9.20534356745275,5.97198169872684,4.62952846477201,1.3961665960461,4102.86,55.08,15.38,14.73,0.65,0.93
FY2016-17,2017,DOHA BANK Q.P.S.C.,4.58668828411654,50.6929240268975,24.9556848784897,75.6486089053872,70.9811033124176,15.7736331859742,32.9774966513949,76.7397282364735,79.437578750889,11.8115903057208,8.58318425950602,2.57829368049316,0.580262891229033,3.79910858904615,33.8275857240868,13.1083927352593,14.0247080991528,3.21884569781711,37.5017662501209,-0.640552017323948,-1.0,-3.05313900904334,9.84868439108245,2.49089738583475,9.27583074873424,9.67369504572217,11.42306350163,0.39786429698793,2.14723275289576,1937.17,-15.15,38.52,38.29,0.23,0.56
FY2016-17,2017,FIRST ABU DHABI BANK PJSC,,,,,,,,,100.0,,5.37925758383614,5.36297642898055,5.49270844881747,8.81842666925126,48.6172136185014,48.5276187615656,39.4342046204347,3.32571822043379,61.8248553560082,2.03725820854675,1.27,1.17635880763771,,,,8.56882406563355,4.62757873544261,8.56882406563355,4.62757873544261,0.84,19.76,408.76,408.76,,
FY2016-17,2017,FIRSTRAND BANK LTD,5.86318406296605,49.4756376015332,143.723934632075,193.199572233608,33.4352965521756,6.25767433132116,51.0187354589245,84.7014369040207,55.4810843136612,45.5079679069962,7.93267432883686,3.18096582801769,3.03245722954966,7.52119380004934,50.1537560291583,30.7356898676687,34.4014220793534,4.48873657049968,56.5854134989788,-1.30777074248199,-2.94,-16.6821927804987,7.15765551832042,7.59412455032533,7.37354735065211,14.5375574426393,9.3079576760862,7.16401009198719,1.93441032543409,1013.2,-84.11,21.51,21.17,0.34,
FY2016-17,2017,HONGKONG AND SHANGHAI BANKING CORPN.LTD.,4.19433708460865,53.1681857780642,52.752331971831,105.920517749895,66.697851235721,41.360978009,20.9415946420685,46.6617066611963,51.1493947414582,22.5797683517973,6.4780951002083,3.54727223286486,1.67477056606967,2.08356077753902,41.4208774345992,17.2110715306079,10.5855927383852,0.408790211469348,6.3103459450017,3.13848202139551,1.76,12.1579313919585,3.94679094022032,3.8325575934803,3.93133078123658,9.31681362066532,7.29178793520734,5.38548283942874,3.36045715397076,3116.87,57.85,18.76,18.04,0.72,0.44
FY2016-17,2017,INDUSTRIAL AND COMMERCIAL BANK OF CHINA,7.94279142051419,109.53148800457,145.683787128713,255.215275133283,30.5951416432358,16.7232946007698,41.4078343919774,33.7685512307829,69.4879116661682,11.0362402493654,5.93926393934835,3.08444104121419,2.21801591398641,2.65240506731661,69.7379241078434,33.5873554623492,22.675846190586,0.434389153330203,7.31385501244222,2.65005188788399,0.68,1.83857529349484,6.15697415926183,2.15146029003293,4.28742886003479,6.79748133879097,6.53001336429773,2.51005247875618,2.24258450426294,2659.07,21.55,40.36,39.82,0.54,
FY2016-17,2017,INDUSTRIAL BANK OF KOREA,22.2848723740761,147.52603666605,35.0657942972457,182.591830963296,19.2882636569335,33.5912269615219,11.0760066595906,5.56149175775089,60.8063926389515,,6.64705890958244,6.15877894533576,1.54464117219375,4.43324999670847,41.72812618588,37.5881518031642,22.5827622385428,2.88860882451472,43.4569463548831,3.27017012082104,1.67,2.06935552592117,3.20573275727927,3.20090178229614,3.20518745341123,10.9571091602493,7.93252036775353,7.75192170683807,4.7273329143423,616.0,20.0,140.52,139.82,0.7,
FY2016-17,2017,JPMORGAN CHASE BANK NATIONAL ASSOCIATION,7.18364910066027,48.5617501222101,62.9268793946491,111.488629516859,37.6761392873616,32.9183192348337,15.8755812961836,20.5164225903191,54.4053427848854,1.0570017085705,4.79894912837328,2.66705302245355,2.65535978503223,0.756726038918805,60.1567924122309,15.7591436171424,6.10683186932367,-1.89863374611343,-39.5635314174922,4.56568676856698,2.54,13.1564813209639,3.70146983506177,5.63091101665602,4.01576926081897,8.81710371488298,7.09588695170411,4.80133445406401,3.08011769088514,9672.9,332.97,16.47,15.97,0.5,
FY2016-17,2017,JSC VTB BANK,1113.29576288875,4785.36839908161,,4785.36839908161,0.380729114929969,100.0,53.9449637322423,,100.0,,8.14913513699938,8.14913513699938,1.31031181837835,11.8090412104297,61.0545211060932,61.0545211060932,76.2196097960055,10.4987293920513,128.832437007752,-2.34959425505194,-0.44,-0.518514501764221,,,,14.8568208504437,,14.8568208504437,,149.77,-2.64,143.28,142.44,0.84,54.56
FY2016-17,2017,KEB HANA BANK,5.93920236268617,103.534661575201,28.1563895201947,131.691051095396,22.1537964851215,30.0033917467496,,3.69937538498018,,,4.80604385790044,3.24969371645511,1.82991273017633,2.04223376272934,37.812073366178,21.4587445849531,11.636768842936,0.212321032553003,4.41779223891138,3.03737268390211,1.63,2.92692746634705,6.77633584260841,,6.7763886231535,7.23668694508555,7.16338689678939,0.46029832193205,0.38699827363589,4554.22,83.39,163.43,162.84,0.59,
FY2016-17,2017,KRUNG THAI BANK PUBLIC COMPANY LIMITED,3.93380921549936,2.00959355888933,21.2052247263515,23.2148182852408,81.6097010077337,40.0820647299521,37.3165137614679,,100.0,,6.59739422443622,3.5394808857225,0.1352285271663,0.851886381135261,29.518416682547,6.43161772120364,3.73499869104537,0.716657853968961,10.862741100335,2.82282303175354,1.62,9.6676910543728,3.75215467675864,,3.75306550445053,9.16523943607458,7.32372667449426,5.41217393162405,3.57066117004373,3752.09,69.07,43.98,42.74,1.24,
FY2016-17,2017,MASHREQ BANK PSC,1.0990299302318,178.060309454501,108.954458188555,287.014767643056,32.0562338162526,99.9590919408629,100.0,,100.0,28.9667519337725,4.72696424499991,4.43991638611648,7.72476708685861,5.34403087113315,30.9121751474681,29.3364071436909,13.2668794305962,-2.38073621572546,-50.3650142529375,6.82065260184194,3.97,9.01756062086028,0.0013231222598046,2.61747753517321,0.595459091801316,2.1834748465232,8.67389250483214,1.58801575472188,8.07843341303082,1398.05,105.4,43.26,42.47,0.79,
FY2016-17,2017,MIZUHO BANK LTD,6.20138066724441,125.922078464198,53.1384083705962,179.060486834795,47.0609508225718,21.1452823161401,29.9046153004291,21.5234672776934,17.9106760423482,9.24910864798441,6.15881378422575,3.47986318029149,0.521174545978705,1.78257806404836,46.0922530430578,18.4158940380121,12.2998776548172,1.26140351806966,20.4812738664128,2.21845966222183,1.15,3.85453629448465,5.7652346887863,1.11471447505533,3.98138090613684,6.37821491819313,7.399402889027,2.39683401205629,3.41802198289016,3884.0,46.0,30.37,29.97,0.4,
FY2016-17,2017,"MUFG BANK, LTD.",6.93451704154945,81.930212717059,58.2943463326846,140.224559049744,56.6796155649326,19.7684067720572,28.5826941611175,8.54356857709171,5.16238770348886,3.62537464660135,6.58689059661304,2.90133774054018,2.00241393297325,1.28122827448714,51.297540192497,13.2326867600178,7.65182543940295,-0.721185658486118,-10.9488027455162,3.6225233990263,2.61,12.5009025730297,5.65152365236538,3.29893216580841,4.85700805351602,9.08624133064331,6.53453539413937,4.22923327712729,1.67752734062335,5075.0,131.0,23.02,22.64,0.38,0.01
FY2016-17,2017,NATIONAL AUSTRALIA BANK,538.296970980724,51310.7392501589,24578.0131328108,75888.7523829697,0.0617365237904003,9.74369836898962,,,,,6.72638688283836,6.63609178007871,0.626347491300642,4.37275667396874,50.9583035693712,49.9273307087725,30.3054959813078,3.7464091826681,55.6972004127009,2.88968259741061,2.05,2.11635512684986,5.39193475305845,1.38565128209229,1.42069550466497,6.99025324985788,9.43801242710292,5.56955774519291,8.01731692243795,1213.55,78.04,228.15,227.84,0.31,
FY2016-17,2017,PT BANK MAYBANK INDONESIA TBK,73.3039728899379,2159.46412795527,971.715080631337,3131.17920858661,2.51090922334276,40.4778544020886,50.3487173600307,10.2873758331725,25.2563325997914,,7.27865778944168,5.66012323193754,0.447598815696566,6.07492574533301,56.8020574671869,44.8521559496507,44.6617681667233,5.62732692963644,77.3127009460366,0.032796302301095,-6.16,-8.07410250486291,3.5620167701187,6.61879049755805,6.2535980500764,9.84703266370189,7.02153415712063,3.59343461362549,0.76793610704423,714.0,-72.0,95.1,94.72,0.38,
FY2016-17,2017,SBERBANK,204.564286928481,489.243607080607,250.163771384788,739.407378465395,8.53051160950542,19.2752957652855,45.1165484906959,55.3142886183394,100.0,,7.83254878350975,6.09386946863663,2.25000231897527,3.93130356004666,66.4030021797263,46.0407667228868,25.8913003478459,1.68130124107139,21.4655699893133,4.41256822756524,0.03,0.0615097515304009,9.38540686752066,1.86464331908093,3.83156587300081,11.8451209667,4.98958422823794,8.01355509369919,1.15801835523713,1658.92,1.03,95.74,95.13,0.61,34.0
FY2016-17,2017,SBM BANK (INDIA) LIMITED,2.15359762676846,59.997151662481,35.3342671830886,95.3314188455696,69.1863583689628,21.6824481255764,42.7052829455561,64.872625930679,89.1468810454798,54.763808035705,6.38228316869972,1.91260267866933,0.689824382800087,1.46711615418494,35.7703350843421,8.8396553878902,7.42059365764552,0.777291771384851,12.1788982224556,1.13531090728448,-2.04,-6.90576623576464,5.40663173985005,155.379650246429,6.76355350492932,6.64959126317024,8.14538226949815,-0.11396224175908,1.38182876456883,3296.0,-59.0,33.84,33.14,0.7,5.92
FY2016-17,2017,SHINHAN BANK,4.32685426880215,97.8316949228288,30.9698759750936,128.801570897922,68.5016773805038,12.5625729628985,35.3568616052608,6.56582699352962,82.655228959339,,7.79007363551719,2.88076692100289,0.660874406845268,1.31196054546026,57.3196355213995,12.0877462969733,8.89854012913989,0.651086138614991,8.35789453448169,2.22968078238789,1.15,6.5993616123733,6.7990586796053,2.07705351774463,6.23819025164461,8.29318888252679,7.28970141154682,2.05499863088218,1.05151115990221,3647.19,33.25,39.48,38.83,0.65,
FY2016-17,2017,SOCIETE GENERALE,6.76434858094201,104.695854505393,76.7872444737656,181.483098979158,45.373272251674,12.4533011198342,45.1257996268301,13.6877813561124,60.2991284446572,,6.20523324889008,2.42827535401648,1.08070440405453,2.48098816436116,40.8842640741394,16.2087327561529,13.9218011611123,1.40028376030663,22.5661744553614,1.02799159370986,0.01,0.0458050815904272,6.1871434872646,2.64603006775858,5.35633694684889,7.0198809633089,7.63418578427289,1.66354401646001,2.277848837424,3703.17,0.47,28.63,21.01,7.62,
FY2016-17,2017,SONALI BANK,6.20491969468318,26.2062794642022,9.64064448218884,35.8469239463911,76.386876951013,82.4478036687067,49.9492710316743,8.72538255201457,98.1070450723409,,3.16955083742839,1.2478153190222,9.17340684833808,7.14616005580243,66.6812897565256,52.5496974935177,38.6062385903643,-2.02724679253564,-63.9600655271536,3.27506211155784,1.14,9.05017319976412,2.04049840225975,,2.52548530877199,9.41155140673522,13.3878371763834,6.88606609796323,10.8623518676114,237.56,3.31,15.79,15.57,0.22,7.13
FY2016-17,2017,STANDARD CHARTERED BANK,4.83211386080641,85.6626108617345,45.4597731837768,131.122384045511,55.2565290004072,36.8918500031941,26.9416317882075,50.972749617022,63.5074192974852,16.2561155949986,6.99312653049281,3.90828740620077,1.90976979848883,2.24944850546354,47.2816338741262,19.9384825184054,11.9464044872455,0.339678706974705,4.85732247934556,3.56860869922607,1.7,9.55435550492044,4.19178012301878,8.65848958656029,4.76214618734113,10.0049479853102,7.00829668647782,5.24280179796907,2.24615049913669,1820.6,30.22,14.05,13.43,0.62,0.18
FY2016-17,2017,SUMITOMO MITSUI BANKING CORPORATION,44.8241213522755,61.8731948937054,32.6785188277688,94.5517137214742,62.2431670289759,3.97356026706136,17.1654231330678,10.9722226231335,23.846065100518,82.0935902046442,6.55720763610102,2.85849250571554,0.379623097215606,1.03260337692998,50.7721479445734,11.0809473808396,7.55784499249105,0.652980279714375,9.95820654083547,2.20551222600117,1.22,3.73386012909378,6.32058197718701,2.29294241537513,5.89314683573302,8.51973710970978,9.32155361445514,2.62659027397676,3.42840677872212,9183.0,93.0,41.8,41.43,0.37,
FY2016-17,2017,THE ROYAL BANK OF SCOTLAND N.V.,35.9799839396741,22.326325746197,676.209488340877,698.535814087074,9.98001334247498,18.0673903582361,,1.18132361736568,1.20806932882211,,0.26452544030204,0.215827969362608,-0.0071701797702231,0.382657725195754,19.6926309236635,17.4694484264588,29.2806812528202,0.389827904965977,147.368776523295,-0.173999935603369,-0.31,-0.644069700446124,0.0711168571680428,0.123861472444164,0.0849917740927202,0.0024529158969437,0.403943994395359,-0.0825388581957765,0.318952220302639,565.96,-15.29,132.564,132.56,0.004,98.79
FY2016-17,2017,UNITED OVERSEAS BANK LTD,9.3826436052506,473.034011525198,177.584212668627,650.618224193825,14.4638184734194,1.23620044505695,36.6414458399264,,43.5493391686798,,5.71707153649424,3.87594500406482,0.753001425188241,1.45500268002591,57.5526283392835,25.4053233592181,12.9425477845642,0.702001254837666,12.2790356978485,3.17394374922715,0.55,1.01435826170152,4.9142815226297,3.15198134594501,3.89234530842274,5.49999634943072,7.69980736215533,1.60765104100798,3.80746205373259,6028.1,35.81,122.92,121.98,0.94,3.85
FY2016-17,2017,WESTPAC BANKING CORPORATION,5.64549457483676,53.4818936371023,110.114592273554,163.596485910656,37.6748325340669,0.249437920868298,36.9071814213047,28.3359994864157,,,6.38598712043274,3.79177116741499,-0.121165419759938,1.34157669306584,43.266311820199,14.7480014199064,9.26523982744221,1.46274211282577,22.9054973841954,2.32902905458921,1.44,5.00935257447971,5.56425542819735,1.52015622999238,4.53907442322108,7.88715722100835,9.51913457740767,3.34808279778727,4.98006015418659,4521.27,130.68,53.76,53.23,0.53,
FY2016-17,2017,WOORI BANK,4.37591445726316,57.1228422644957,37.6134723790379,94.7363146435336,63.3096988124997,9.83533719606377,9.01757793086575,18.1366190602441,25.6347907595337,31.6841710168633,6.80923777066742,3.82408759140265,0.434304564165086,1.98446778298336,41.0694661603752,16.3998587172525,11.2515436083904,1.55016321881827,22.7655909666718,2.27392437258438,1.24,2.93215519347402,5.22169035610387,,5.22258992553581,8.66158497087092,6.08409609794438,3.43899504533511,0.86150617240857,3247.0,34.0,86.51,86.03,0.48,
FY2016-17,2017,CAPITAL SMALL FINANCE BANK LIMITED,6.39705446101071,57.4128359302338,32.9068464969059,90.3196824271397,87.4079326573829,39.5422521604769,71.5320283137604,31.9539985251205,98.4194152086016,0.511120055712086,8.22140112199226,2.72077445450379,0.731051426427958,2.59819380246601,53.493596181757,17.1613546178338,15.5249893053705,1.86714237603806,22.7107563337768,0.853632078465731,0.62,7.90675912247591,5.7794773917041,10.5083885399639,5.9998236881151,10.6053633965204,7.42749442559689,4.6055397084053,1.42767073748179,482.41,3.0,22.95,14.47,8.48,0.72
FY2016-17,2017,EQUITAS SMALL FINANCE BANK LIMITED,12.9043834633936,296.771282196484,98.3972478893076,395.168530085791,20.7811566083764,17.2641336103002,87.92058660424,98.9171712119294,52.2035348626424,3.73067801536687,10.6113262224372,5.7747523022945,2.52264762082355,5.50811316660866,62.4531584963512,33.2536945511494,26.191544822252,2.98546554578511,28.1347070404119,2.78928675650939,1.28,5.17584934994963,1.88555704009131,8.59886431515294,6.6738125387937,15.9551084791315,2.94314903156342,9.2812959403378,-3.73066350723028,57.0,1.0,35.51,32.3,3.21,1.51
FY2015-16,2016,STATE BANK OF BIKANER AND JAIPUR,10.3347723782888,77.5784078085574,26.31160578121,103.890013589767,85.2357263441861,38.7010039303676,39.3578850544165,49.9174014185611,89.0593961988512,8.42182402083309,9.02440363808126,3.10865588433225,0.994450424306742,1.93457703035515,54.7565182081888,13.4937987027341,10.5731355829867,0.940126606048411,10.4176036860902,2.16852927828384,0.83,13.3370150992359,6.62915522451503,6.10015954264901,6.59458780372086,10.5538148843818,8.44155914115826,3.95922708066094,1.8469713374374,1215.0,7.0,10.44,8.34,2.1,2.75
FY2015-16,2016,STATE BANK OF HYDERABAD,4.75115655845479,80.9667236711982,27.7075662348253,108.674289906024,83.3394580784663,35.5882467966778,37.6674255796496,55.5003016674515,92.3617229181036,7.87197400940522,8.89202503021525,2.87910915739446,0.906034703962685,1.72142315464409,58.1150324797474,12.9345975381068,10.2102421558593,0.815388450681408,9.1698847890183,2.06372070671305,0.65,10.6512742275095,6.76048474714428,6.40900321994906,6.73903297760172,10.2653831743,7.60975142136491,3.52635019669828,0.87071844376319,1471.0,6.15,11.62,9.27,2.35,3.37
FY2015-16,2016,STATE BANK OF INDIA,7.48989685440873,84.571644012329,33.2607800530494,117.832424065378,73.4098049152064,42.6153308997368,22.4466356620411,53.2825824858385,78.4259776300843,20.1682527126536,7.44482813433328,2.59640193142637,1.26406180715774,1.89674248074572,60.1062761727486,16.9018941887381,13.0907759935209,0.632680673587975,8.49825761148527,1.9637212578384,0.46,7.29753698180406,5.97820224798571,3.00419323628159,5.56846705372826,8.37029273405351,8.00142954430305,2.80182568032525,2.43296249057479,1411.0,4.7,13.12,9.92,3.2,3.81
FY2015-16,2016,STATE BANK OF MYSORE,5.19437854535392,76.4566892996416,28.5169946523445,104.973683951986,85.0476486510266,34.7282625159045,34.8923316003443,56.8371359489528,89.7325408238079,6.46441901774439,8.77566285028399,2.60439636323056,0.999745082502923,2.06327340401488,62.5088075696407,15.6624124579219,13.1935936650323,1.06352832151196,12.1190654159821,1.5408680417186,0.44,7.03445891864177,6.82252435865992,7.0428305669356,6.83752511542951,10.3055588969604,7.71174399509316,3.46803378153089,0.87421887966365,1183.0,3.4,12.43,9.28,3.15,4.18
FY2015-16,2016,STATE BANK OF PATIALA,4.80057704167735,76.8423507477296,29.3744226956622,106.216773443392,81.2333266993915,28.1623000000324,38.4115528097286,48.3212972867835,98.0998561070973,7.2149435685666,8.42053450936024,2.11420274749573,0.902971626173068,1.5454790362344,59.5023696324409,11.7119053474229,9.86320634495379,0.642507410061332,7.6302449606628,1.4716953374344,-0.82,-12.8528622100124,7.17733951441405,7.68207139440228,7.22051086656708,10.1295390702102,7.48314362103711,2.90902820364312,0.26263275447003,1288.0,-7.0,10.88,7.7,3.18,3.98
FY2015-16,2016,STATE BANK OF TRAVANCORE,5.26488922982648,64.7419397080304,35.6628332924497,100.40477300048,88.3081332723775,31.8445445987186,39.0333345143995,54.2382790378638,88.39043690534,22.4308323352096,8.7312878859148,2.32066851725353,1.04332298708275,1.72990172176123,56.3303298287193,11.9704787292704,9.96929042232002,0.686578734678483,7.86343027110655,1.63408978257505,0.31,5.99162661114236,6.97951076487677,10.3116357703706,7.09249654228537,10.3792459258678,8.06370274016005,3.28674938358243,0.97120619787468,1176.0,2.0,11.6,9.19,2.41,2.77
FY2015-16,2016,ALLAHABAD BANK,4.72036029868143,75.9413434886636,28.4856703193307,104.427013807994,83.6627094196858,35.904829017905,41.1459971982762,52.5412228584067,90.3515563616019,18.574165966941,8.08912483223389,2.52654385279575,0.81817825229403,1.57401772082131,57.9876193435667,12.789501591521,10.2470455500226,0.755839468527279,9.34389670332911,1.77070438426847,-0.33,-5.56643143083773,6.24097831691167,4.17642607535803,6.08134590729427,9.58573736308099,7.11540449387254,3.50439145578672,1.03405858657827,1485.0,-3.08,11.02,8.41,2.61,6.76
FY2015-16,2016,ANDHRA BANK,5.0435412157254,75.0350487854406,30.9027260033352,105.937774788776,87.1678682565857,26.0839934505022,41.2435373241881,45.6041327024181,95.4455314772768,7.78310767179811,9.15772789145428,2.7631891501774,0.812435250529536,1.51918562244452,59.2978693977834,11.3833217446486,9.03540587529249,0.70675037191498,7.71752972235066,2.05643877826242,0.28,5.12702521476328,6.92668140173148,7.26075711755017,6.95027335553533,10.4909929147864,7.7772056379132,3.54071955925107,0.82693228237787,1665.0,3.0,11.58,8.81,2.77,4.61
FY2015-16,2016,BANK OF BARODA,3.77543302446936,66.8545054055756,20.9830268756264,87.837532281202,85.5016361089311,26.3631510269541,24.0190670437038,43.2036816071506,88.217933434887,16.6216605239923,6.35637463563078,1.83787840448715,0.7211465249364,1.28727094808867,55.7878405790717,12.3694361515091,10.1467822991696,0.566124423152274,8.9064042886782,1.27175398133488,-0.78,-13.4830568444708,4.90100265580851,6.17235887662596,4.97033979960471,7.3404621837251,8.99696426185496,2.37012238412039,4.02662446225025,1680.0,-10.0,13.18,10.79,2.39,5.06
FY2015-16,2016,BANK OF INDIA,6.62013946404166,70.0167238175014,23.1672250339997,93.1839488515011,84.1109703094766,25.8719960662928,25.5743722481323,45.7373411103445,84.0934298684312,12.842132707113,6.80385354424188,1.90859697228051,0.594579873830549,1.52066628087843,57.3485481807725,13.5924333063377,11.7873607219072,0.926086407047883,13.6112043127623,0.982510565232628,0.94,-19.4978641716978,5.15402170511269,6.90007344183983,5.29409955938364,7.97959150084021,7.50259686559877,2.68549194145657,2.20849730621513,1796.0,-12.2,12.01,9.03,2.98,7.79
FY2015-16,2016,BANK OF MAHARASHTRA,6.03086379468583,77.3888852453766,26.0672853403798,103.456170585756,86.3519683357758,36.6694627036197,34.3041555161982,58.2110723457623,89.9662751586609,10.7805916370923,8.50423532834503,2.52703463490385,0.66408403991113,1.66319733542554,60.364054612305,13.1403278215807,10.9504622116762,0.999113295514415,11.7484201334872,1.52792133938943,0.07,1.19475545443162,6.45086766933725,7.39283104901199,6.51898838849342,9.63789356360708,7.92858809374909,3.11890517511366,1.40959970525567,1802.0,0.73,11.2,9.02,2.18,6.35
FY2015-16,2016,BHARATIYA MAHILA BANK LTD.,5.17600302698933,66.878585376068,51.2958301195999,118.174415495668,45.9355005106317,23.4153595568232,39.5141697534351,66.8789576957902,94.8866131284837,5.92249396827958,8.06826628972077,4.58636080815403,0.815849225923255,5.18817444436388,36.666250891837,21.9410786835675,21.4124755033504,4.37232521844063,54.1916325197535,0.214035589713401,0.12,0.230140063732509,8.01037422282221,,8.01143437281437,10.51650707011,8.73198893498702,2.50507269729563,0.72055456217265,329.0,1.0,130.7,130.41,0.29,0.11
FY2015-16,2016,CANARA BANK,4.30688086917484,67.6783106769855,29.660651070462,97.3389617474475,86.7677384958571,25.7491416812893,38.4805650264985,56.3272168011646,86.0493457175826,10.8393832172365,7.99703562271241,1.77360646878102,0.885631313134522,1.36098050071491,59.3422398535086,10.6486377960737,9.09227283795168,0.47534918758039,5.94406740205519,1.29825728120063,-0.52,-8.86452903562648,6.78459507596477,7.26522149571254,6.80969450751831,9.58449190629933,8.02318270422159,2.77479739878102,1.21348819670328,1444.62,-5.0,11.08,8.8,2.28,6.42
FY2015-16,2016,CENTRAL BANK OF INDIA,5.28562858775045,67.6259509724829,33.3857312868261,101.011682259309,87.1403365704284,35.4849352465649,42.0007849248563,57.5150077561424,91.174535491965,25.1327410754461,8.38601244855112,2.28880877473952,0.628041781550225,2.15805565319983,67.0321461053148,17.5232656078245,16.0481730147152,1.53001387164961,18.2448318677843,0.758794903089912,-0.48,-8.07256295976102,6.76688797123142,6.64502476405076,6.75918982539794,10.3003378648617,7.24924779475388,3.54114803946376,0.49005796935594,1194.78,-3.76,10.4,8.2,2.2,7.36
FY2015-16,2016,CORPORATION BANK,4.91649486983929,68.392875974898,30.8428982352734,99.2357742101714,87.3574406473541,22.1375072125502,39.7283706856659,51.2158612866391,86.3184665396513,14.2794895648526,8.42398068865466,1.8398168075495,0.753014961376924,1.24967340873692,47.6865687035713,7.60708126272057,6.49369784353709,0.496658447359998,5.8957690635366,1.34315836018951,-0.23,-4.63589986284803,7.11415238498015,6.65455708446156,7.08889108020689,10.149719598047,7.22018953005537,3.06082851784011,0.13129844984848,1879.0,-3.0,10.56,7.93,2.63,6.53
FY2015-16,2016,DENA BANK,4.55479260864053,70.1078613252216,29.9973857916242,100.105247116846,88.0017370080401,29.3672598026093,34.8153456153713,50.2015113027647,86.3104103497548,14.5658434603122,8.08448165525818,1.88086635821745,0.544343213903953,1.7225296574588,63.8436114885075,13.8746534235161,12.7447845906867,1.17818644355485,14.5734320862557,0.702679914662602,-1.02,-12.8287493472342,6.61336581193308,9.31833387064233,6.72139038878962,9.61792946764239,7.67223978306054,2.89653907885277,0.95084939427092,1462.0,-2.35,11.0,8.59,2.41,6.35
FY2015-16,2016,IDBI BANK LIMITED,5.20206080681792,81.2485270082286,34.9981913826392,116.246718390868,70.7850371983985,25.9686853489283,25.5563653186885,69.7479658911503,95.9860903866453,12.7687336682267,7.66683862043673,1.66470808328851,0.932478980500464,1.12902070434665,40.7036209601926,6.44429338961855,5.34405553307242,0.196541723846182,2.5635302055567,1.46816635944232,-1.09,-14.0848596766642,6.4586346234122,7.5242241932572,6.67309366536983,9.7622287717563,6.23523977783462,3.08913510638647,-0.43785388753521,2518.0,-21.0,11.67,8.89,2.78,6.78
FY2015-16,2016,INDIAN BANK,5.14592250635609,72.3832439065467,29.7776384404849,102.160882347032,87.5192716491003,31.2751765293561,36.0255504595193,47.6949801305939,84.8921415332905,25.5066550719164,8.19262781820485,2.24245137690335,0.898465602867926,1.61166706434317,62.7880927058913,13.3821205069204,11.1310594182706,0.713201461475241,8.70540536322711,1.52924991542811,0.36,4.53757129248804,6.64572925862245,8.13203357911225,6.67159772991599,9.35554403055195,8.40585062736439,2.68394630063596,1.7342528974484,1531.0,4.0,13.2,12.08,1.12,4.2
FY2015-16,2016,INDIAN OVERSEAS BANK,6.25060237827338,71.648314283581,35.271504712167,106.919818995748,81.8090975330245,28.7221971376465,37.0648541631072,52.766818486667,86.7165987399729,19.145433690591,8.39792795922678,1.92213772842273,0.902830033755746,1.79458356190465,67.4639021181532,14.6389525791348,13.0171766488849,0.8917535281489,10.6187327693033,1.03038420027383,-0.97,-18.5092340112804,6.90649938193786,8.30059090664832,7.02920535943788,10.0189266330156,8.18172184508838,2.98972127357772,1.1525164856505,1241.0,-9.05,9.67,7.75,1.92,11.89
FY2015-16,2016,ORIENTAL BANK OF COMMERCE,4.51518104100312,71.2634897708222,31.7039725159408,102.967462286763,87.1320670905618,25.2209251153506,37.5095724667809,54.6454023081333,91.3342414397047,20.6530285750255,8.57720144722062,2.28567995855947,0.75115929641803,1.47093960488722,58.739705543488,11.1308202671885,9.26235183628069,0.719780308469195,8.39178504665335,1.56589965009027,0.07,1.08687700722987,6.805444324403,8.91792347005434,6.88741178731777,10.0591504475109,7.57910525700141,3.17173866019313,0.69169346968364,1688.73,0.73,11.76,9.1,2.66,6.7
FY2015-16,2016,PUNJAB AND SIND BANK,4.18910741070441,70.0450399849419,30.2959433828335,100.340983367775,88.9536966298105,22.7168496446934,32.626750350593,66.3768231433152,88.9217863518422,23.6655183544805,8.72972636905857,2.17215047898947,0.47768600061183,1.382063672004,64.5796948144343,11.2414738042378,9.69363015021881,0.904377671392168,10.3597482115547,1.2677728075973,0.34,5.80945853914404,7.09395134309457,8.70322743227408,7.14548303325203,10.4163771597762,7.34345960935671,3.27089412652417,0.19797657610468,1620.0,4.0,10.91,9.29,1.62,4.62
FY2015-16,2016,PUNJAB NATIONAL BANK,4.78781552999783,74.5547344630758,28.540922254743,103.095656717819,82.8677011523231,37.1725736291831,33.8071230080679,35.9970016671283,92.9486599674335,20.7208653212183,7.46414610595447,2.40992965909955,0.944351638483515,1.56957040185287,64.4369490868462,15.2689587365186,12.0281090804019,0.625218763369351,8.37629320881845,1.7847108957302,-0.61,-10.2711293102407,5.65283195386118,4.38223060095221,5.53733985677334,8.68893082893751,7.82109787223744,3.15159097216417,2.2837580154641,1359.0,-6.0,11.28,8.41,2.87,8.61
FY2015-16,2016,SYNDICATE BANK,5.09620030529771,76.9359181005375,26.2180360326116,103.153954133149,84.9879909124732,25.9722743826298,31.0635185430767,78.9996646342234,88.3485672899214,12.5230428735582,7.59210532497454,1.95865677876398,0.821051064678905,1.71562718532725,53.2394839341778,12.4286521607467,10.8566989296191,0.894576120648343,11.7829782696191,1.06408065811564,-0.56,-12.9424831172638,6.1864481586735,4.68151237802571,6.04893425776359,8.57164703852715,7.66094078294521,2.52271278076356,1.61200652518162,1461.0,-5.51,11.16,7.75,3.41,4.48
FY2015-16,2016,UCO BANK,3.83836587372725,60.7891254715969,40.5440891115329,101.33321458313,84.5786101262101,29.4160722197905,35.7671023266469,53.5713503976368,95.6015089736321,16.0204974802953,7.56356778174008,1.97556190737887,0.650492020293378,1.15767980241899,64.6020388300645,11.0868604219268,9.10493438702974,0.507187782125614,6.7056684988011,1.46837412525326,-1.25,-22.3307215917974,6.03085336551039,7.30576280505801,6.10892712952892,8.99774380041645,7.64243550726732,2.88881667088753,1.5335083777384,1381.0,-11.29,9.63,7.63,2.0,9.09
FY2015-16,2016,UNION BANK OF INDIA,4.55319808622367,78.0094522418098,26.0295120521956,104.038964294005,84.6858115359065,32.351704021838,35.5515349029829,47.6310876571921,86.7728089167608,19.8853266264063,8.1898298981608,2.1144534140421,0.923739220782687,1.60298126893342,58.6982495695919,12.2542082051118,10.3244067555986,0.679242048150731,8.29372595764498,1.43521136589137,0.35,6.33780120986712,6.69429405039501,5.45334803826717,6.58092387905885,9.04691141949483,8.67754032542593,2.46598754043598,2.09661644636708,1551.0,4.0,10.56,8.14,2.42,5.25
FY2015-16,2016,UNITED BANK OF INDIA,5.21510312235717,58.4703213787096,38.4217293685965,96.8920507473061,89.9325521290331,41.9162443136234,37.0329941020861,67.5433975066579,93.8257177097586,18.9670880311797,7.87189835264139,1.80667302295121,1.16258979448807,2.35506004542407,71.7816367712371,20.076524396038,18.7116372285901,1.192470250936,15.1484457435337,0.614202772015205,-0.22,-4.83334836690036,6.37972700150501,13.5337800355288,6.59460872654071,9.83278521057957,6.90865101095645,3.23817648403886,0.31404228441574,1237.0,12.09,10.08,7.93,2.15,9.04
FY2015-16,2016,VIJAYA BANK,4.99706136498995,70.9394518325117,33.3563842209012,104.295836053413,86.2676632254643,23.2179464743821,38.2212515646618,62.4827279752081,88.2859158696611,15.9563118250887,8.39134682389471,1.91723976270644,0.606845026471427,1.44848421454753,59.7830277251088,10.9301072015273,9.62357475787248,0.841639188076104,10.0298462897458,1.07560057463034,0.28,5.53949441481216,6.89712909899363,7.27933259749857,6.92207190722477,10.072085675057,7.15544099169681,3.15001376783223,0.23336908447204,1457.0,3.0,12.58,9.45,3.13,4.8
FY2015-16,2016,AXIS BANK LIMITED,6.24669718151553,94.6381070441371,36.7418938156782,131.380000859815,66.3122678263342,47.3353066568362,24.087241242169,70.1072495726321,76.3725718999677,28.1037564891672,8.18325864136925,3.36070108034804,1.87101222135111,2.01662773709631,33.4230970151271,9.85525929805097,6.70381228242834,0.145615515745198,1.77943191247874,3.21508556460284,1.72,16.8101865379363,5.44972213829939,5.96250856166548,5.56089072282278,9.69274206467683,7.52995224039056,4.13185134185405,1.96906151756778,1484.0,18.0,15.29,12.51,2.78,0.74
FY2015-16,2016,BANDHAN BANK LIMITED,6.70281648105481,102.885311176266,31.0870370439765,133.972348220243,61.1887130817706,21.5539324539321,98.5753299037018,99.3197902599131,26.2865992512784,0.0053219321934748,8.00425429605446,4.72166223774454,0.758706754738947,3.11754359324779,52.77896796243,25.7089446829861,18.7768418090374,2.35883683850885,29.4697888305671,2.36282539923569,1.88,8.25451448141021,1.82835888523477,14.0088128131177,4.28341050557879,10.3138407663872,3.49115292636021,6.03043026080841,-0.79225757921858,1.0,103.0,29.01,26.72,2.29,0.08
FY2015-16,2016,CITY UNION BANK LIMITED,5.20127134078625,77.534481173968,25.1359393052202,102.670420479188,85.392291368434,20.3716656307645,48.7840698155032,33.8382117890558,98.0696038482596,6.14470499269943,9.86746023778814,3.28791772108349,1.37403299221265,1.86921717863502,38.2208189109934,8.45603542604426,6.35529549573212,0.495184186422367,5.0183550223595,2.79273353466112,1.5,15.4742658565709,7.50675595149431,9.64826694182517,7.54103242185769,12.1345447375496,8.52115530367633,4.59351231569191,0.98012288181864,1069.0,10.0,15.58,15.09,0.49,1.53
FY2015-16,2016,CSB BANK LIMITED,4.68496696612241,54.3872100442342,41.4636474144038,95.850857458638,92.2467331960481,20.0301018016194,49.3008700150686,33.505365376479,96.2047873394414,18.3664934807958,9.44162570999923,2.06047029551516,0.666510588713348,2.75083317803004,70.0365543926261,19.0149125947975,19.0597823183963,2.08432258931669,22.075886646399,-0.0238522938015298,-0.92,-16.8108294399364,7.85591924576592,54.0640039794745,7.99493751393765,12.1373448649584,7.57559396663892,4.14240735102075,-0.41934354729873,775.35,-5.23,10.55,9.76,0.79,4.4
FY2015-16,2016,DCB BANK LIMITED,4.71237819347249,86.569737993453,29.0321239619563,115.601861955409,78.0708097687734,23.381156506259,42.6078367996847,77.7773876407755,96.3644753673035,8.02739564741736,9.63645139914835,3.51481756948767,1.25079969088482,2.78536252113505,49.9237979074062,15.6119829993628,12.7723586471988,1.53456283025023,15.9245635834977,1.98025473923744,1.14,11.5077344886283,7.33315603244483,6.00134524859003,7.23000475826479,11.5802756816409,7.42031962920426,4.35027092337611,0.19031487093947,678.0,5.0,14.11,12.79,1.32,0.75
FY2015-16,2016,DHANLAXMI BANK LIMITED,5.10387336618625,61.2368351291353,33.4007110280514,94.6375461571867,91.0998415419436,25.0281946309686,46.3416310284994,64.7161195370126,98.3878623409439,18.9874669446311,8.98212035258976,2.27244181397238,0.572269336673647,2.84098038779288,55.9599047421272,16.6460757420113,16.6395758437395,2.26871105111924,25.2580789620027,0.0037307628531418,-1.61,-34.0072361832543,7.29499242034297,5.67335991344938,7.21737373349681,11.4109520796651,7.90455329023431,4.19357834616829,0.6871795567375,836.0,-10.0,7.51,6.12,1.39,2.78
FY2015-16,2016,FEDERAL BANK LTD,4.76753533877332,73.3723537712086,31.773338250174,105.145692021383,83.7075058180167,32.9064389957045,31.897664679259,41.7958681005044,87.3735510123913,20.725189728135,8.73367260105495,2.8266750065447,0.910986717624372,2.1327854993386,55.6441439984475,14.7612220451316,12.304947175599,1.22179878171423,13.9895189289171,1.60487622483047,0.57,6.00969760468151,6.74868182232991,4.82425538250169,6.65793927307,10.3667268393308,7.71184577503438,3.7087875662608,1.05390650196438,1203.0,4.0,13.93,13.36,0.57,1.64
FY2015-16,2016,HDFC BANK LTD.,5.50091103945852,85.0244124806246,35.8396058716229,120.864018352247,73.7617560436938,43.2467766544275,30.5193289287946,69.2653985131273,76.9022531084831,19.4934319237425,9.04701926467299,4.14505067249138,1.61522274435645,2.55084667518827,33.5824425637673,11.4941346169604,8.03430103030317,0.935623930831818,10.3417921799422,3.20942674165957,1.89,18.2589211392598,5.85192710584819,5.3027757589352,5.78851592360713,10.8007349656811,8.12715098418821,5.01221904207397,2.33863506058108,1139.0,15.0,15.53,13.22,2.31,0.28
FY2015-16,2016,ICICI BANK LIMITED,6.43199696811283,103.283670886138,38.0640747174388,141.347745603577,58.4748953963583,45.8206605243637,21.2365097362548,77.6913075601588,82.7082760011185,31.021738023474,7.71707542123152,3.10559863359641,2.24213902422447,1.85591627233327,39.4396203424998,11.3177956696897,7.34963922799035,-0.386222751891206,-5.00478135575317,3.49182138548762,1.49,11.4315997005458,5.5042506721498,5.74070387556675,5.57689395893061,9.46616809334059,6.67125931018487,3.88927413440998,1.09436535125426,943.0,14.0,16.64,13.09,3.55,2.98
FY2015-16,2016,IDFC BANK LIMITED,23.1272225741352,556.018710591606,361.703930503948,917.722641095554,9.87677620941308,5.41511433207455,4.89648079787744,97.2541337862691,69.6056487111917,28.2519499843819,4.3847794634318,1.0182311317647,0.484519836874145,0.613562769856502,50.2617994851362,7.74821810835057,6.33330732167863,0.129042932982357,2.94297430597251,0.889188198782346,1.1,3.42454804610981,0.76417999545519,4.79129164951972,4.28502701042914,5.14538937451992,4.15183153249288,0.86036236409078,-0.13319547793626,2878.0,22.0,22.04,21.5,0.54,2.39
FY2015-16,2016,INDUSIND BANK LTD,4.86131577955493,95.0742073636218,36.6174064162972,131.691613779919,65.0820876476835,35.1872485128311,31.7425065567017,72.840245036929,88.1071930936867,17.4611506717532,9.32271103855265,3.54679990016144,2.58904483696478,2.88364847323221,33.6616022724212,11.2093723414209,8.14894370014117,0.294603636267426,3.16006400980506,3.25219626389402,1.91,16.1355608359593,6.83136003257846,7.21878042451119,6.91442408353581,11.7609570725115,7.26128963118082,4.84653298897569,0.34686554764501,764.55,9.92,15.5,14.92,0.58,0.36
FY2015-16,2016,JAMMU & KASHMIR BANK LTD,4.50601715561697,72.3347836364493,29.3321001860767,101.666883822526,86.4481390011043,44.1277780672277,32.0691172554814,67.4951864531421,76.71290193767,31.4714403239896,8.76264226421511,3.47004939406079,0.645366335860112,1.97978730182441,68.3867349302698,18.6171770763384,14.3910571496605,1.3344209659643,15.2285226958747,2.13562842809648,0.57,6.63843243436749,5.89991313467119,6.40756222701617,5.91655185550528,10.6092238032553,7.63871464319006,4.69267194775002,1.72216278768478,1137.0,4.0,11.81,10.6,1.21,4.31
FY2015-16,2016,KARNATAKA BANK LTD,5.24008224137954,67.1492388732859,32.1989099256927,99.3481487989785,89.3591331615275,26.264965882777,42.7176660786541,59.8246019305202,96.778972754074,28.8591352176913,9.21608191493386,2.40522331487575,1.00216921220575,1.82984871654232,44.6957277081036,9.46524595555636,8.00395478286634,0.827679504336574,8.98081757493269,1.57754381053918,0.76,11.7319842336156,7.4365474135079,9.69942476137105,7.48450234881755,11.2849727021424,7.85718159672626,3.80047035332485,0.37267924790871,1083.0,5.0,12.03,10.56,1.47,2.35
FY2015-16,2016,KARUR VYSYA BANK LTD,5.05014495006532,78.0456081572333,28.8398344490833,106.885442606317,84.9014849146256,23.312238328424,43.4667943971381,21.2044718730752,98.7923854394733,7.32330544758885,9.70852155830845,3.17717594426552,1.26057031629617,2.11370383344392,46.1873402118816,11.2927472139344,8.90013131246122,0.853133517147751,8.78747100703143,2.32404242711777,1.03,12.8730171392241,7.24440186646309,7.91386923753873,7.28297981335091,11.5153163573189,8.17205470895897,4.23233654396799,0.88907489560806,1241.0,7.87,12.17,11.26,0.91,0.55
FY2015-16,2016,KOTAK MAHINDRA BANK LTD.,4.97928758367864,85.5905282111046,36.9728092425083,122.563337453613,72.1123340660251,38.0663935237465,34.84161298408,62.7149452369963,76.863273332168,20.4822534102185,10.9860739222011,4.62690223590019,1.75157928371717,3.66881381610108,51.4842284128119,18.8358916620875,14.828952041532,1.91723453238391,17.4514985604593,2.70966770351628,1.19,10.9680809288755,7.3664030025214,9.78143146368069,7.6907693267255,13.4941748171006,8.64874443578417,5.8034054903751,0.95797510905867,751.0,7.0,16.34,15.28,1.06,1.06
FY2015-16,2016,LAKSHMI VILAS BANK LTD,5.0588028297711,77.2433987602081,25.7379360194462,102.981334779654,88.700856809161,17.3627957401453,37.1437520117733,36.6895620024273,96.1049187224489,10.6330478027286,9.62343797740106,2.41796579705743,1.14108542245297,2.03355384832991,50.736115154575,11.1672617764784,9.58469022634986,0.892468425876934,9.27390427384412,1.52549737118049,0.69,10.8584394659974,7.73619909741991,15.1892824685435,7.91741706289313,11.3250550245393,8.2467017505286,3.40763796164617,0.32928468763547,1099.0,4.0,10.67,8.69,1.98,1.18
FY2015-16,2016,NAINITAL BANK LTD,5.59255167781277,50.5797909406091,26.012350500037,76.5921414406461,87.2820843249685,34.8791431063378,52.4979788417605,39.5035992178352,95.5398074728575,15.0932627889044,8.8891648630475,2.93206755151019,0.479776653265984,2.02775568648853,68.1169315405422,17.2983141094312,14.7428068621175,1.54797903322254,17.414223462741,1.38408851828765,0.8,9.20868082363288,6.74217531449592,76.0115606936416,6.74397483908423,11.6829846125518,7.35527717664446,4.93900977346757,0.61130233756023,1078.0,7.0,15.69,15.25,0.44,1.05
FY2015-16,2016,RBL BANK LTD,5.50234215848474,87.1879219330227,59.2888438929217,146.476765825944,62.1756282810329,18.636953491699,32.3246232538636,71.2342987212401,82.6705896811464,28.7754812544149,8.28273121820804,2.47248934723944,1.48053147515734,2.31593730044982,48.2084331428433,13.7392624696785,11.4354915993014,0.83540582529248,10.0861153559589,1.63708352194696,0.99,11.2070386207222,7.27220885631316,4.77756760482392,6.53165103380278,10.9465417082476,6.15294992393574,4.41489067444482,-0.37870110986704,1095.0,8.0,12.94,11.1,1.84,0.59
FY2015-16,2016,SOUTH INDIAN BANK LTD,4.44381362396432,73.7351209370907,26.4603998315873,100.195520768678,87.7839088699142,22.359674676338,40.1700579489027,49.1586408462547,94.4980580346161,5.30196973289615,9.06622676819197,2.46297948458627,0.844144960077259,1.8726351324755,60.3089673682696,13.3244759133122,11.3958077652113,1.02849017239825,11.3441920072704,1.43448931218802,0.55,8.96194327642015,7.11223611944059,9.07431623366341,7.19679330938994,11.1206224004573,6.99119372999697,3.92382909106736,-0.20559957939297,1255.0,4.0,11.82,9.83,1.99,2.89
FY2015-16,2016,TAMILNAD MERCANTILE BANK LTD,4.60280652569663,74.3449341949395,29.1901159295878,103.535050124527,86.112958609191,19.4004201342395,52.4415867866013,39.2044567030034,99.6711832549805,12.1706607129898,10.0042515073402,3.2115743251777,0.979776220273469,1.95941216687531,54.9410845269917,12.3001748714263,9.80079731707855,0.979635946601843,9.79219630657103,2.23193837857586,1.23,14.5287957595027,7.71679545100983,25.0178277358882,7.83140748686401,11.8250120129694,8.86306015421414,3.99360452610539,1.03165266735013,1219.78,9.48,12.75,12.16,0.59,0.89
FY2015-16,2016,YES BANK LTD.,5.17023669874252,87.907570211641,43.7152432030706,131.622813414712,67.6008875063053,28.0548751237128,26.9976230610578,74.7907681470937,74.5897684049801,27.9538071728445,8.9793785104571,3.03000013453036,1.79949760488323,1.974809186442,43.5698918488466,10.8581759326336,7.98248553510442,0.17531158155877,1.95237990418387,2.85468855297159,1.78,19.9433653059807,7.07597911199963,6.17940950858384,6.8769840433886,11.1780535826667,7.62099488710708,4.3010695392781,0.74401084371848,1732.91,20.96,16.5,10.7,5.8,0.29
FY2015-16,2016,AB BANK LIMITED,1.35858432604961,41.2856652455126,19.6377551122039,60.9234203577165,59.8411840667528,93.8440413451585,40.8955521531593,9.25739485094502,78.4849722733296,,3.38294116524694,2.66112236470405,11.6208926977543,6.13548077187184,9.07655610309546,8.12113206624104,3.71165369823808,-5.48541192588242,-162.149196747322,8.14653429058648,3.07,7.63573399894258,1.1124519410181,,1.23055300178295,5.15303438244669,8.0941814635275,3.92248138066374,6.86362846174455,277.06,22.16,28.52,27.79,0.73,5.95
FY2015-16,2016,ABU DHABI COMMERCIAL BANK PJSC,3.72240185178697,95.8181213461835,14.8114497489692,110.629571095153,77.3687936049302,17.1900582114975,18.6158905070186,37.5827345696791,37.5848282598079,,6.92511506902945,1.74395060439747,0.807602967696031,1.43786750944696,55.7720258446978,12.1154851966531,10.3705816657561,0.630264541750928,9.10114179285772,1.11368606264654,0.67,4.78132261485836,4.87965821938275,21.9123666014049,6.28295852005993,6.48705072885098,12.3647087253176,0.20409220879105,6.08175020525767,5040.73,24.59,24.89,24.07,0.82,0.07
FY2015-16,2016,AMERICAN EXPRESS BANKING CORP.,10.1095939726745,277.085954123246,81.664935230572,358.750889353818,23.342751657568,,,0.0004415592782794,5.05235805867928,,4.83362395214911,1.3299044385515,20.0246955979773,19.6350231837181,14.9554251727223,12.6908416688876,11.8129513701287,-0.389672414259135,-8.06170314688795,1.71957685281064,-0.64,-2.50110138363247,7.52683879124491,7.06954554167969,7.30791641718741,5.53058321222601,7.59627779517057,-1.7773332049614,0.28836137798316,519.59,-3.51,21.31,11.98,9.33,0.83
FY2015-16,2016,AUSTRALIA AND NEW ZEALAND BANKING GROUP LIMITED,8.56603468580274,115.366688717229,81.0935510471874,196.460239764416,38.4368592253942,7.27292445838564,34.6020817031706,8.58741480246912,18.6342647017333,,5.02749099191202,1.76162469175848,2.40982274816738,2.7447133748841,49.724429120599,22.7065130227942,18.3506183059487,0.334890626716722,6.66118800124113,1.42673406504176,0.85,3.79181120235555,7.61138475657861,1.63455690507891,5.44975183669474,5.27959550714112,7.72188318548535,-0.17015632955362,2.27213134879061,5545.05,55.95,18.26,17.97,0.29,
FY2015-16,2016,"BANK OF AMERICA , NATIONAL ASSOCIATION",6.61122872616418,94.6907579852134,122.346333272481,217.037091257694,36.8805620447002,47.8861092107109,24.2888750977068,3.72399011939974,1.31867527695618,6.06153931736003,6.38995083058982,3.86623050152589,1.81366348519982,1.84740053556072,51.2789345238614,21.6724117306007,11.5476822112457,0.0337370503609047,0.527970421922489,3.83249345116498,2.58,11.5076706453947,3.43800749778203,3.97632840968192,3.69495882832773,9.20925744916116,6.44714820421419,5.51429862083343,2.75218937588646,5764.2,163.19,14.97,14.58,0.39,
FY2015-16,2016,BANK OF BAHRAIN & KUWAIT B.S.C.,4.96736228049509,72.67893272925,31.3592591136794,104.038191842929,73.317009583092,27.1808818610771,36.4785267090066,49.4116289954681,58.7658088970446,3.99946069272789,6.88232388118505,2.48703639273451,1.49956166446463,1.91274023131699,50.7300957407871,15.3825410053116,11.5765712301247,0.413178566852364,6.00347461098009,2.07385782588215,0.08,0.305529943908848,6.06554217461289,7.6896,6.10450067451032,8.50139507167314,8.13654843021323,2.39689439716282,2.03204775570291,1988.0,1.0,27.68,27.27,0.41,2.24
FY2015-16,2016,BANK OF CEYLON,3.91704151111784,161.943692984798,34.1293714698551,196.073064454653,40.3703560732541,34.7370245385329,31.9133476900973,45.4975881620663,99.8209778235561,,9.11999257027082,6.9312910267826,2.14427523887964,1.68320297362962,44.011357769747,19.1327156813926,6.57655246897955,-0.461072265250022,-5.05562106215981,7.39236329203262,3.95,7.1735387562406,5.25554724180903,,5.2808379208179,11.2576310515221,10.1107896302846,5.9767931307042,4.8299517094667,1409.0,53.0,38.34,37.09,1.25,
FY2015-16,2016,BANK OF NOVA SCOTIA,8.38857320349221,113.452196784422,103.474650993691,216.926847778113,40.1066856842254,8.77243303576618,39.4856053731124,1.87510082860868,66.5197729073328,0.113909535003997,5.70161404136464,2.31910297071644,0.957167675855961,0.837011532833887,45.0307989825355,8.93259774221913,5.66038949491788,-0.120156143022074,-2.10740576528599,2.43925911373851,1.12,6.87609176895925,5.35533367004468,2.9987122108077,4.25518239094626,5.55631425114581,7.9379949932634,1.30113186019955,3.68281260231714,7502.36,84.56,22.46,21.88,0.58,3.4
FY2015-16,2016,BARCLAYS BANK PLC,3.1459069738116,110.073643822659,61.8605443624552,171.934188185115,46.5688714183,10.0034881150618,22.8991808362213,19.0785525572373,15.9999729908972,40.4782995094639,5.82026253531352,3.24597088924654,0.563605946399398,1.2133034677305,63.933219958316,20.4801186895683,12.1510018103925,0.6496975213311,11.162684112429,2.59627336791544,1.62,8.01990685724035,3.64527535644353,7.41535696789666,4.52588767039891,8.29117342492798,5.79395680620589,3.76528575452907,1.26806913580698,10050.32,165.48,18.82,18.24,0.58,
FY2015-16,2016,BNP PARIBAS,7.97754196076365,90.5021610499512,37.7426169557756,128.244778005727,60.0834508032689,12.3020215066799,19.9865858724056,24.7285166462284,44.12180719418,10.4152205386032,5.96655163595043,2.21671342374394,1.34907415978328,1.53397510455453,35.4930903399815,10.3042090439735,7.44235947620335,0.184900944771251,3.09895826019777,2.03181247897269,1.26,8.98373836753406,6.15444456270539,3.33982781798559,5.72214934450197,7.35607370534568,7.91233759887216,1.63392436084371,2.19018825437019,9964.0,83.0,11.76,9.88,1.88,
FY2015-16,2016,CITIBANK N.A,4.31354990756408,61.4182235718932,70.7707610120084,132.188984583902,65.0256776346171,49.7271426528685,34.240420467746,76.9535422133045,36.7012453188845,9.8273935263478,7.30480236332644,4.40396767070484,2.16146381476464,2.35802073970889,36.9289042432737,16.5585692972308,9.19888797358144,0.196556924944241,2.69079045767275,4.2074107457606,2.2,16.0318139994788,3.93443846863624,2.73743106614071,3.7317724430141,9.83863932429109,7.13245296718967,6.10686688127699,3.40068052417557,2862.0,60.0,15.76,14.85,0.91,0.49
FY2015-16,2016,COMMONWEALTH BANK OF AUSTRALIA,14.5651899404476,305.516847387759,99.8220963103569,405.338943698116,20.7332012196796,23.0085377477617,41.9268896798861,19.1790013236,13.4724552197539,,6.27873782908233,4.11907775869129,-0.506070333339864,5.43734174840999,53.6300325574826,38.3841970751836,50.514743003725,5.94341208174985,94.6593446571493,-1.82433432305856,-1.94,-5.11246796977058,7.92992152904402,1.44272682232838,3.4458068136333,6.75919576828549,8.57582099068354,3.31338895465219,5.13001417705024,1327.38,-30.17,35.22,34.86,0.36,
FY2015-16,2016,COOPERATIEVE RABOBANK U.A.,6.72486069096137,116.444688184501,68.3911058506343,184.835794035135,48.6844263263487,6.52800324384486,19.7389332173504,20.3606444124599,51.6320618215594,,7.7792717921971,3.82277761563444,2.48440466143839,3.48786179609899,44.0762685553392,20.6508036119344,14.9782520818174,1.00345713466059,12.8991139719157,2.81932048097385,1.13,2.93522217273596,8.59700166189749,1.89596947869818,7.49683937764975,9.05027418284008,6.55057492635844,1.55343480519033,-0.94626445129131,5858.0,52.47,47.05,46.7,0.35,0.95
FY2015-16,2016,CREDIT AGRICOLE CORPORATE AND INVESTMENT BANK,15.5421347887856,273.800822762645,67.2697035896385,341.070526352284,15.3239731727214,23.772570851819,27.6590896015449,4.18666838106757,51.4834645232387,,3.10352493472226,1.65259309875532,0.741770291076979,0.879573641929797,44.6517169006331,16.8523411016193,10.2136431525995,0.137803350852817,4.44022051542335,1.5147897479025,0.67,3.59371046461311,3.25079614196196,4.17060506837176,3.88154485664218,5.95070196696819,8.11881744398559,2.06915711032601,4.23727258734341,8248.0,77.0,12.85,11.41,1.44,3.12
FY2015-16,2016,CREDIT SUISSE AG,1.55047398720204,27.1712861964396,102.442289173522,129.613575369961,58.6321828434482,0.208666887403613,22.5777187729848,45.9945780188036,12.305754240336,48.0512717225786,6.4462315331135,2.21492493319906,0.776747302760076,0.686587339491287,60.4373360960922,8.43765853990152,5.744930275867,-0.0901599632687888,-1.39864605864137,2.30508489646784,1.48,8.55085837095705,3.79750513928045,10.3384947748868,5.46414409875091,7.14221561333532,8.05217232257846,1.67807151458441,2.58802822382755,22414.0,380.0,26.17,25.62,0.55,
FY2015-16,2016,"CTBC BANK CO., LTD.",5.57672939264249,142.224655046996,21.9767703653172,164.201425412314,49.0857639817182,10.8540670839155,39.6392513247577,9.17418363502658,28.4962974052498,,6.97546272886933,4.75472005759535,1.28305254244384,4.10877260672959,53.7369104894025,34.8830417641046,26.7351622580494,2.82572006428575,40.5094281787349,1.9289999933096,-1.21,-2.55758966103589,4.63019936445517,1.86610776441241,4.08475461113116,7.80206702599573,7.74420163183818,3.71731241486457,3.65944702070702,1863.0,-16.0,42.09,41.69,0.4,8.27
FY2015-16,2016,DBS BANK INDIA LIMITED,4.23756635745623,75.3519471641425,66.5198493637142,141.871796527857,53.432096341766,8.06186164923503,29.6606162560858,16.0040960512345,59.8572834192658,11.8158570148024,5.24507616782563,1.88769354429295,0.702081053013813,1.51116875977889,51.0439206078438,15.8437227269726,12.9702268386171,0.809087706765076,15.4256617230496,1.07860583752787,0.02,0.209824072499245,5.00861072012425,2.94338198646001,4.29573528769289,6.53223213949871,6.43375056602949,2.23649685180582,2.1380152783366,3761.2,0.78,18.64,13.01,5.63,4.34
FY2015-16,2016,DEUTSCHE BANK AG,7.93475773806112,98.9601202595771,30.5651710519979,129.525291311575,63.0070463988426,42.4383468906766,26.2811657639449,21.3917578839888,32.6600193254463,12.5753745514979,7.5705208078594,4.30256087657278,1.45943181785237,2.02763309986512,43.0250106229964,16.4738746251923,9.66106238617827,0.56820128201275,7.50544508672199,3.73435959456003,1.83,10.7533801583702,4.60795019579593,3.07867330908273,4.36207027457873,9.35016943786595,7.97107976372408,4.98809916328722,3.60900948914535,4809.31,65.61,13.73,13.03,0.7,0.26
FY2015-16,2016,DOHA BANK Q.P.S.C.,7.09603711921681,113.440914923675,43.1033491608927,156.544264084568,41.732170449596,31.8698237207231,17.4742894953891,98.9802878364966,35.2157317533469,41.7819532793162,6.0025081157727,3.90590366954636,1.77696577588761,5.00911083406556,26.4377761982756,18.6370753625162,17.0229700655399,3.23214505817795,53.8465753954566,0.673758611368409,2.64,3.70160439038849,7.09062369655224,0.211075111078277,5.45095945046191,8.87647308260446,7.10746497070962,3.42551363214255,1.65650552024771,673.85,22.6,48.26,48.19,0.07,
FY2015-16,2016,FIRST ABU DHABI BANK PJSC,,,,,,,,,,,3.34053935325008,3.34053935325008,5.19710102204098,11.8774090312238,40.4412361099846,40.4412361099846,56.2611075065587,6.68030800918286,199.976928955603,-3.33976865593278,-1.98,-2.04978666994329,,,,,,,,,-21.6,208.06,208.06,,
FY2015-16,2016,FIRSTRAND BANK LTD,6.95961206145509,73.2649308932731,173.746757845347,247.01168873862,31.9211708145538,21.118256835676,34.2728438621472,66.7485072908374,51.3844699599558,35.2524553450066,6.46396978071938,2.34706623999598,2.28054689620478,6.8757846967925,47.8577192766445,29.9343860860829,37.6303672327707,4.59523780058772,71.0900260439694,-2.24817156059174,-4.3,-18.9803997283569,7.48816467019335,4.66840880281019,5.68662420040587,7.30071876276179,8.13332209816577,1.61409456235592,2.4466978977599,764.68,-54.45,25.79,25.36,0.43,6.77
FY2015-16,2016,HONGKONG AND SHANGHAI BANKING CORPN.LTD.,3.98402929981399,62.5061161914876,60.7495468490623,123.25566304055,62.3902413989368,40.2658235190101,21.6344233874651,40.9611948946873,51.1297119950318,20.6366782026869,6.08584438581712,3.12347532616797,1.31384386414731,1.93810872576133,40.9533123434528,16.1967823296696,10.7263940480272,0.624264861614017,10.2576540252795,2.49921046455395,1.53,10.6451753740646,4.12656026527195,2.91740988557557,3.90936924824239,8.89627844818605,6.99740476015958,4.98690919994366,3.08803551191719,2956.69,41.44,15.99,15.31,0.68,0.38
FY2015-16,2016,INDUSTRIAL AND COMMERCIAL BANK OF CHINA,4.71545427440813,173.30713374667,55.0636341922243,228.370767938894,41.8619229285766,8.59362254745672,29.0524269214499,14.8164248012196,43.5940938147494,,7.18423051177965,5.05811527489208,2.22577900185637,2.49423144735313,72.020930484763,38.8795218106562,19.089977477963,0.268452445496759,3.73669031160108,4.78966282939532,2.66,5.84660445032698,4.77389994719941,1.63586264878151,3.50057340087959,7.10739978779525,8.07027892036037,3.60682638691566,4.56970551948078,4384.38,78.84,40.2,39.59,0.61,3.16
FY2015-16,2016,INDUSTRIAL BANK OF KOREA,97.5800968683253,40.7099666075028,86.0702144941488,126.780181101652,6.65175469771046,29.5749225354231,,,100.0,,7.08942859063884,6.80207502889544,0.780977354298137,4.26748054160143,38.2903498077464,35.8747034531236,20.7617401032265,3.4865031873033,49.1789026820442,3.31557184159215,1.94,2.07927129558931,4.2381396468217,0.286183241446067,3.35942580956079,4.1840323963229,4.07681069254053,0.82460658676211,0.71738488297974,106.0,21.0,177.3,177.09,0.21,
FY2015-16,2016,JPMORGAN CHASE BANK NATIONAL ASSOCIATION,4.24595644917421,60.4191004060069,69.9309153228708,130.350015728878,54.1316892458015,33.2349951286111,17.9872893107577,57.301434908641,53.9137955404198,0.948497627011865,6.22884922005196,2.9165950339165,2.65379763304702,0.796677428235814,64.2204355471942,12.4516483197181,5.75987904034176,-1.85712020481121,-29.8148203496844,4.77371523872771,2.4,10.5248317806555,4.00063654347705,7.47617529414978,4.79925168282121,7.8107848518112,8.20444978302764,3.01153316898999,3.40519810020643,9446.55,273.58,17.47,16.94,0.53,
FY2015-16,2016,JSC VTB BANK,875.85660526837,10994.2562883739,,10994.2562883739,0.451114921280491,100.0,32.7059989191137,37.9376688884886,100.0,,8.48205277507311,8.48205277507311,0.625991352241164,10.6601435811555,52.3733816063909,52.3733816063909,61.2983160764951,10.0341522289143,118.298630001484,-1.55209945384121,-5.99,-6.06069922658808,,,,10.9912230750966,3.96921385376581,10.9912230750966,3.96921385376581,351.51,-37.24,102.49,101.59,0.9,22.78
FY2015-16,2016,KBC BANK NV,143.951266853279,,,,8.73762049540211,100.0,,,,,6.01213813447112,3.33690369655365,2.72161958443613,3.46409143816445,48.9990052596153,27.6475036550322,19.434593912647,0.74247185372832,12.3495474841353,2.59443184282533,2.95,5.65228237748947,0.422290993541241,7.75425861818747,6.14733218670248,4.23944738200985,14.2546393785486,-1.90788480469263,8.10730719184612,3740.37,1430.81,119.42,95.58,23.84,
FY2015-16,2016,KEB HANA BANK,5.88540607181384,101.113268608414,31.7914008321775,132.904669440592,24.151877906209,19.3973185390661,,12.1928172113808,,,3.53063309705757,2.57992228224192,1.60342564370393,2.0580422217554,39.5924361237304,27.0819519629479,15.8710504338143,0.45461657805147,12.8763472599389,2.12530570419045,1.21,1.84646347198871,3.93465865310526,,3.93638465094776,4.32942553541709,2.18949229838522,0.39304088446933,-1.74689235256254,993.43,28.68,100.85,100.07,0.78,
FY2015-16,2016,KRUNG THAI BANK PUBLIC COMPANY LIMITED,4.17698638934921,0.875513889238372,31.0922610167907,31.9677749060291,81.3324588400165,37.7820175012911,24.7408218428166,,100.0,,7.11789223487964,3.70240206873185,0.194456376098353,0.924528969201081,32.4554168207287,6.91378819366605,4.10346588416366,0.730072593102728,10.2568649399491,2.97232947562912,1.6,9.33189626824733,4.21695323116152,,4.21695323116152,9.05463203844967,8.3575707555071,4.83767880728815,4.14061752434558,3367.34,60.31,41.61,40.39,1.22,
FY2015-16,2016,MASHREQ BANK PSC,1.43629704770311,107.9404402756,73.4133215645461,181.353761840146,42.7551129610959,99.9687117130172,100.0,,100.0,34.057623167704,4.07001579822596,3.95381090460983,6.92561872674758,4.2757365517818,28.3457324339647,27.5957422842983,11.0224547732702,-2.64988217496579,-65.107417423805,6.60369307957562,5.59,12.6608455298598,0.0011800380596981,0.521062629368185,0.200856096739274,1.92999633527428,7.63835207398086,1.72914023853501,7.43749597724159,1234.71,142.39,45.38,44.65,0.73,
FY2015-16,2016,MIZUHO BANK LTD,9.05522312746923,174.077311943202,76.6367295029793,250.714041446181,36.5152448600641,20.1597543420813,26.0418982682911,23.7008152513694,9.42691098377936,4.89608344414598,5.97495569300918,4.07792525745738,0.534637967790582,1.65894628873942,43.1828588327318,20.1458133593373,11.0049946479942,1.12430832094884,18.817015200034,2.95361693650854,2.09,6.44204820561291,5.23562956893741,0.649011375431591,2.84157818298224,6.28458573147536,8.12778682976861,3.44300754849312,5.28620864678637,4210.0,76.0,25.8,25.37,0.43,
FY2015-16,2016,"MUFG BANK, LTD.",9.27542173700966,90.2727756796929,91.3333785658995,181.606154245592,43.5687206445131,19.0146465909766,26.935996699482,5.97061901367713,1.63140881052003,14.2704340285815,6.78008816093595,2.8586558363094,1.59732133523761,1.32241794454916,48.5331677316307,12.239314362462,7.66121459664085,-0.274903390688456,-4.05456955961627,3.13355922699786,1.04,4.86768268807614,6.341872089396,3.94199749415836,5.2360142059755,9.28155542235876,7.56145444860878,4.04554121638326,2.32544024263328,3924.0,46.0,20.71,19.14,1.57,
FY2015-16,2016,NATIONAL AUSTRALIA BANK,353.591429267105,25097.9060141222,22768.2493304115,47866.1553445337,0.0498904766162231,100.0,85.4477861717103,,,,6.46014977867811,6.43281764939517,0.889192141508826,4.35211151416057,50.6382695507487,50.3222358618354,29.9868203660028,3.46291937265174,53.6043201982901,2.96989827674343,1.86,1.90865022022275,3.97432732658603,0.164775892042554,0.176310030613221,1.07613543949264,15.7319875298532,0.899825408879419,15.55567749924,449.95,59.98,225.17,225.02,0.15,
FY2015-16,2016,PT BANK MAYBANK INDONESIA TBK,37.130058151937,1577.64813904527,670.316543159496,2247.96468220477,3.69336768843639,39.5813431520761,31.7453598865632,13.7384511556487,33.1383933085484,,7.88521983261995,6.84388507510023,1.26149782513743,6.9341951310105,59.6755214073873,51.8839143940411,45.2404595251358,5.67269730587307,71.9408897442021,1.17118776922716,0.81,0.909194136520883,3.40605022078692,6.00959142049899,5.61627373260969,11.8832933515705,6.99679042271699,6.26701961896081,1.3805166901073,724.0,7.8,86.63,86.31,0.32,
FY2015-16,2016,SBERBANK,48.2058998125084,467.260830722753,55.2283106364721,522.489141359226,15.3443092508578,6.43965887117156,23.7420711702388,37.8124715999231,100.0,,9.21814191686528,6.53079504554083,1.86114745075645,3.81942028665929,61.1246781514613,35.8796972565334,21.0718240133235,1.95827283590283,21.2436828762641,4.572522209638,-0.17,-0.307296355355641,7.24785723787985,5.00852942704275,5.7792491124162,10.9514368191228,7.61824040299363,5.1721877067066,1.83899129057743,2573.71,-4.0,55.1,54.6,0.5,25.16
FY2015-16,2016,SBM BANK (INDIA) LIMITED,3.05918881668727,64.7067695726826,72.1535921121414,136.860361684824,61.3683465678481,9.32524126710639,46.651762897927,52.8395070770346,99.9946821535941,71.6407553243272,8.43320094643936,3.00324206798112,0.918264521238503,2.51264027361629,19.0042329336285,6.01198677208178,5.10623722060083,1.59437575237778,18.9059381189174,1.40886631560334,-2.66,-7.97778178351548,6.68537665323243,46.083889579853,9.00753762986224,9.41304475954425,7.72842721243648,0.40550712968201,-1.27911041742576,2957.0,-79.0,41.88,40.95,0.93,4.95
FY2015-16,2016,SHINHAN BANK,4.16026446058618,82.9461053077696,28.3289062787952,111.275011586565,70.3430662145509,14.8358828790386,29.7403538368546,3.4564148747209,77.9690465543427,,7.22001375561,3.1711492764731,0.592222559487532,1.26393207970701,54.1176814796839,12.8747775195109,8.7556329510092,0.671709520219481,9.30343823372301,2.49943975625362,1.42,6.37760944448952,6.40014025006557,0.815870403053436,5.37246740702548,6.41192292478313,8.16900687076799,1.03945551775765,2.79653946374251,4505.39,43.36,39.47,38.8,0.67,
FY2015-16,2016,SOCIETE GENERALE,5.96921137046984,99.6772726848969,46.7750743651569,146.452347050054,59.6481333584306,5.9074907893686,34.5603923782336,11.6481963721172,52.0267301248567,,6.36801163144776,2.55152068087061,1.20284833648162,2.00098645559898,36.1516309951963,12.434758043478,9.55491506587523,0.798138119117364,12.5335530980478,1.75338256175324,0.88,6.19507616542491,6.78406910278715,1.77847114991598,5.50414069404149,8.30879954399694,7.36112022441005,2.80465884995545,1.85697953036856,6877.84,55.92,26.8,18.87,7.93,
FY2015-16,2016,SONALI BANK,6.29796855195094,29.3738481038676,9.83522318522832,39.209071289096,75.765519589868,82.259600561817,59.9777013757038,8.24022802442586,99.5377000695083,,3.85137119295395,2.16820198873986,8.10025838539967,7.17996139771687,63.6943049314183,51.5983201874918,38.2644598934256,-0.920296987682803,-23.8953074522258,3.08849897642266,1.92,12.7738160397233,1.70747248490357,,2.18505557772292,10.9390145350594,10.2176784372104,8.75395895733648,8.03262285948748,255.17,4.37,14.57,14.33,0.24,3.44
FY2015-16,2016,STANDARD CHARTERED BANK,4.15954323171417,88.4869385889108,45.096789329896,133.583727918807,57.9023239010559,37.0181429880058,29.7353372493342,49.0366164309165,64.6369010670223,17.9960832221529,7.65981527343977,4.48394245945233,1.5240582403691,2.23050807313,47.3606422819802,19.5395583781931,11.5025860057568,0.706449832760898,9.22280508787851,3.77749262669143,0.75,3.97463589297724,4.36006187796909,7.98850212020799,4.85167259612525,10.7312777244931,7.37061979247097,5.87960512836785,2.51894719634572,1884.47,13.62,12.98,12.36,0.62,1.07
FY2015-16,2016,SUMITOMO MITSUI BANKING CORPORATION,6.02611818738144,93.4013812674013,78.6417043539634,172.043085621365,46.6517973452898,4.70805055735654,22.0183232471217,16.8203144989132,3.28212206127576,60.7337897964159,8.14724735169129,4.1971211096398,0.605222461608862,1.32961701870207,52.1437585789058,13.131553070198,7.92133309848731,0.724394557093212,8.89127978841633,3.47272655254659,1.69,3.97181633394098,9.68642167973845,1.22845906328209,8.34929421385517,8.92838050879911,9.21621372216888,0.57908629494394,0.86691950831371,6450.0,115.0,55.31,54.86,0.45,
FY2015-16,2016,THE ROYAL BANK OF SCOTLAND N.V.,11.5011269847322,44.4476667093176,101.352154357648,145.799821066966,54.2399967628927,48.4549782070737,53.8634224457831,31.86252576708,23.8740973133461,,6.71296451331252,3.85306064059467,1.35239613453428,4.44819420602349,45.5788221622267,27.7423004555941,25.1375557165591,3.09579807148921,46.1167054488358,0.757262569105463,0.18,1.01822030707548,4.55707946322152,2.90050261190214,4.25020225647721,7.78849771740948,8.07184754123159,3.53829546093227,3.82164528475438,2140.68,5.48,26.09,21.95,4.14,
FY2015-16,2016,UNITED OVERSEAS BANK LTD,6.38765098812171,277.788352969397,82.4003764225757,360.188729391972,25.6535062823545,0.699166574711487,28.583953973541,,13.3548788695749,,7.98224046518775,5.73060729974802,0.608334476060807,1.73551642745162,57.605899138008,25.0745506138972,11.6378688220376,1.12718195139081,14.1211224631316,4.60342534835721,2.41,4.46088703421111,8.87309677989522,2.82263516497702,5.66280680946004,8.99831049276876,6.68432931093904,3.33550368330872,1.021522501479,6109.86,153.25,150.53,149.58,0.95,
FY2015-16,2016,WESTPAC BANKING CORPORATION,1.30187857916458,36.5341033959094,109.842209957719,146.376313353629,46.2263588942607,0.0526371173208503,14.6717580241003,44.0152740723009,,,5.93243084593537,3.62187904178006,-0.960641784025874,1.39786237138796,49.3167245690331,18.5896154776337,13.8658323385664,2.35850415541384,39.7561171240585,1.26337488636622,0.77,2.77102275367482,4.299481775589,1.52890643322582,3.55969668010698,7.56703859080591,8.61500644684787,4.00734191069893,5.05530976674089,5294.2,59.95,43.72,43.26,0.46,
FY2015-16,2016,WOORI BANK,6.87844000557929,65.7951627929268,52.9942672131114,118.789430006038,48.1911788032603,11.9532189760016,1.23400119088073,42.5707218571967,68.4110469477067,46.0453723504321,8.08340812668618,4.60158890377358,0.487233196352748,1.85990206287613,36.5370961486829,12.7216335077664,7.92886062280619,1.37266886652338,16.9813133892339,3.2289200372502,1.95,3.98650980130807,7.28407287555323,,7.28444433661755,9.55049345304412,4.97059935434863,2.26604911642657,-2.31384498226892,2529.0,63.0,78.22,77.87,0.35,
