financial_year,year,bank_name,interest_earned,other_income,total_income,interest_expended,operating_expenses,net_interest_income,provisions_contingencies,operating_profit,net_profit
FY2024-25,2025,BANK OF BARODA,121441.6394,16647.333,138088.9724,75782.9638,29871.3807,45658.6756,12853.4758,32434.6279,19581.1521
FY2024-25,2025,BANK OF INDIA,70826.2982,8993.6226,79819.9208,46432.3503,16975.4609,24393.9479,7193.0897,16412.1096,9219.0199
FY2024-25,2025,BANK OF MAHARASHTRA,24947.4517,3454.1731,28401.6248,13281.8809,5800.7149,11665.5708,3799.2431,9319.029,5519.7859
FY2024-25,2025,CANARA BANK,119755.0692,22452.8027,142207.8719,82683.1127,28134.4954,37071.9565,14363.5923,31390.2638,17026.6715
FY2024-25,2025,CENTRAL BANK OF INDIA,33665.8529,5854.5882,39520.4411,19768.9629,11627.1658,13896.89,4339.0546,8124.3124,3785.2578
FY2024-25,2025,INDIAN BANK,62002.158,9223.481,71225.639,36825.7882,15401.6446,25176.3698,8079.9122,18998.2062,10918.294
FY2024-25,2025,INDIAN OVERSEAS BANK,28131.00867,5545.068401,33676.07707,17240.80287,7747.263815,10890.20581,5353.305394,8688.010394,3334.705
FY2024-25,2025,PUNJAB AND SIND BANK,11481.3003,1567.6508,13048.9511,7697.641,3276.3879,3783.6593,1059.0913,2074.9222,1015.8309
FY2024-25,2025,PUNJAB NATIONAL BANK,121760.727,16309.3713,138070.0983,78978.5572,32260.8715,42782.1698,10200.4684,26830.6696,16630.2012
FY2024-25,2025,STATE BANK OF INDIA,462489.3535,61683.0592,524172.4127,295524.2252,118069.0222,166965.1283,39678.5372,110579.1653,70900.6281
FY2024-25,2025,UCO BANK,25066.9114,4406.6343,29473.5457,15436.8273,7999.4083,9630.0841,3592.3208,6037.3101,2444.9893
FY2024-25,2025,UNION BANK OF INDIA,107725.9729,19812.9144,127538.8873,70512.2962,25936.5486,37213.6767,13102.8963,31090.0425,17987.1462
FY2024-25,2025,AXIS BANK LIMITED,122677.0401,25257.0562,147934.0963,68329.2212,37499.9428,54347.8189,15731.4504,42104.9323,26373.4819
FY2024-25,2025,BANDHAN BANK LIMITED,21948.2287,2966.6,24914.8287,10457.6451,7068.4951,11490.5836,4643.393028,7388.6885,2745.295472
FY2024-25,2025,CITY UNION BANK LIMITED,5834.0426,898.0624,6732.105,3518.3292,1535.1495,2315.7134,555.0,1678.6263,1123.6263
FY2024-25,2025,CSB BANK LIMITED,3597.1444,972.0526,4569.197,2120.9693,1537.9923,1476.1751,316.4377,910.2354,593.7977
FY2024-25,2025,DCB BANK LIMITED,6470.5853,750.5124,7221.0977,4364.0176,1820.0804,2106.5677,421.665,1036.9997,615.3347
FY2024-25,2025,DHANLAXMI BANK LIMITED,1319.8772,169.2072,1489.0844,836.5919,557.3883,483.2853,28.4628,95.1042,66.6414
FY2024-25,2025,FEDERAL BANK LTD,26365.2523,3801.2493,30166.5016,16897.2565,7168.111,9467.9958,2049.2466,6101.1341,4051.8875
FY2024-25,2025,HDFC BANK LTD.,300517.0417,45632.2818,346149.3235,177846.9527,68174.882,122670.089,32780.1307,100127.4888,67347.3581
FY2024-25,2025,ICICI BANK LIMITED,163263.7814,28506.7029,191770.4843,82099.3438,42372.3243,81164.4376,20071.8235,67298.8162,47226.9927
FY2024-25,2025,IDBI BANK LIMITED,28902.03345,4923.987757,33826.02121,14275.57262,8471.845625,14626.46083,3563.425768,11078.60296,7515.177192
FY2024-25,2025,IDFC FIRST BANK LIMITED,36501.48657,7021.716007,43523.20258,17209.5194,18898.83645,19291.96717,5889.99743,7414.846725,1524.849295
FY2024-25,2025,INDUSIND BANK LTD,48667.6643,7684.1942,56351.8585,29636.3503,16070.6552,19031.314,8001.9575,10644.853,2642.8955
FY2024-25,2025,JAMMU & KASHMIR BANK LTD,12535.863,1136.8121,13672.6751,6742.0429,4000.8392,5793.8201,847.3304,2929.793,2082.4626
FY2024-25,2025,KARNATAKA BANK LTD,9013.604,1269.5127,10283.1167,5703.2214,2752.8564,3310.3826,554.6711,1827.0389,1272.3678
FY2024-25,2025,KARUR VYSYA BANK LTD,9678.040212,1829.552234,11507.59245,5418.116654,2877.147153,4259.923558,1270.691913,3212.328639,1941.636726
FY2024-25,2025,KOTAK MAHINDRA BANK LTD.,52919.7287,14961.135,67880.8637,24577.9512,18776.4395,28341.7775,8076.3945,24526.473,16450.0785
FY2024-25,2025,NAINITAL BANK LTD,710.414141,41.439938,751.854079,399.589902,263.238177,310.824239,38.41615,89.026,50.60985
FY2024-25,2025,RBL BANK LTD,14039.07,3806.1768,17845.2468,7576.0461,6642.4143,6463.0239,2931.4212,3626.7864,695.3652
FY2024-25,2025,SOUTH INDIAN BANK LTD,9413.3104,1813.4291,11226.7395,5927.668,3028.9876,3485.6424,967.1987,2270.0839,1302.8852
FY2024-25,2025,TAMILNAD MERCANTILE BANK LTD,5291.26697,850.4859955,6141.752965,2990.340109,1405.673221,2300.926861,563.1324712,1745.739636,1182.607165
FY2024-25,2025,YES BANK LTD.,30894.9101,5856.8631,36751.7732,21950.5639,10547.2578,8944.3462,1848.0923,4253.9515,2405.8592
FY2024-25,2025,AB BANK PLC,23.508785,33.101687,56.610472,0.364533,21.395341,23.144252,13.48479,34.850598,21.365808
FY2024-25,2025,AMERICAN EXPRESS BANKING CORP.,752.9684,1917.0689,2670.0373,298.777,2232.6205,454.1914,125.2471,138.6398,13.3927
FY2024-25,2025,AUSTRALIA AND NEW ZEALAND BANKING GROUP LIMITED,1879.9122,176.1906,2056.1028,1376.6365,196.3093,503.2757,203.7564,483.157,279.4006
FY2024-25,2025,"BANK OF AMERICA , NATIONAL ASSOCIATION",6926.396516,1263.245641,8189.642157,2857.778767,1102.572697,4068.617749,1658.949084,4229.290693,2570.341609
FY2024-25,2025,BANK OF BAHRAIN & KUWAIT B.S.C.,168.299768,14.966948,183.266716,113.617397,47.60482,54.682371,21.709899,22.044499,0.3346
FY2024-25,2025,BANK OF CEYLON,46.050011,4.028584,50.078595,17.789241,14.475948,28.26077,7.560157,17.813406,10.253249
FY2024-25,2025,BANK OF CHINA LIMITED,27.0721,14.5021,41.5742,0.7652,36.8862,26.3069,0.969,3.9228,2.9538
FY2024-25,2025,BANK OF NOVA SCOTIA,128.7017,31.7759,160.4776,1.1772,72.8078,127.5245,43.6374,86.4926,42.8552
FY2024-25,2025,BARCLAYS BANK PLC,3579.2671,696.5958,4275.8629,1781.0558,748.002451,1798.2113,712.2218,1746.804649,1034.582849
FY2024-25,2025,BNP PARIBAS,4037.7316,215.291,4253.0226,2419.7118,768.9062,1618.0198,429.1479,1064.4046,635.2567
FY2024-25,2025,CITIBANK N.A,17000.01297,5173.316749,22173.32972,5273.320524,6026.997851,11726.69245,4680.22099,10873.01134,6192.790353
FY2024-25,2025,COOPERATIEVE RABOBANK U.A.,61.407,0.9374,62.3444,,20.8724,61.407,23.8281,41.472,17.6439
FY2024-25,2025,CREDIT AGRICOLE CORPORATE AND INVESTMENT BANK,1376.488926,25.907283,1402.396209,805.893777,240.762026,570.595149,141.663306,355.740406,214.0771
FY2024-25,2025,"CTBC BANK CO., LTD.",289.9697,30.4161,320.3858,167.1366,90.1025,122.8331,30.2672,63.1467,32.8795
FY2024-25,2025,DBS BANK INDIA LIMITED,9295.23,2036.8638,11332.0938,6177.0176,3857.1023,3118.2124,613.6616,1297.9739,684.3123
FY2024-25,2025,DEUTSCHE BANK AG,10358.5788,2056.5508,12415.1296,4145.6211,3182.1963,6212.9577,2017.2957,5087.3122,3070.0165
FY2024-25,2025,DOHA BANK Q.P.S.C.,101.8787,11.1252,113.0039,59.9009,36.2056,41.9778,3.681,16.8974,13.2164
FY2024-25,2025,EMIRATES NBD BANK (P.J.S.C.),642.4709,103.1193,745.5902,441.8856,158.0404,200.5853,61.9728,145.6642,83.6914
FY2024-25,2025,FIRST ABU DHABI BANK PJSC,475.5262,51.3079,526.8341,311.0023,105.0902,164.5239,58.93,110.7416,51.8116
FY2024-25,2025,FIRSTRAND BANK LTD,21.5306,13.1179,34.6485,,27.7611,21.5306,0.637,6.8874,6.2504
FY2024-25,2025,INDUSTRIAL AND COMMERCIAL BANK OF CHINA,369.987,34.1899,404.1769,228.8908,61.1697,141.0962,51.8334,114.1164,62.283
FY2024-25,2025,INDUSTRIAL BANK OF KOREA,64.4656,5.4856,69.9512,12.3879,22.3066,52.0777,14.8441,35.2567,20.4126
FY2024-25,2025,JPMORGAN CHASE BANK NATIONAL ASSOCIATION,8173.9465,2324.6113,10498.5578,3076.3588,1098.6945,5097.5877,2608.8881,6323.5045,3714.6164
FY2024-25,2025,JSC VTB BANK,109.0193,84.7493,193.7686,,38.5224,109.0193,59.8653,155.2462,95.3809
FY2024-25,2025,KEB HANA BANK,301.0384,33.8769,334.9153,182.7722,47.6929,118.2662,13.0883,104.4502,91.3619
FY2024-25,2025,KOOKMIN BANK,235.1347,13.0423,248.177,192.1745,52.0449,42.9602,4.492,3.9576,-0.5344
FY2024-25,2025,MASHREQ BANK PSC,165.1287,17.0821,182.2108,47.4505,64.1937,117.6782,28.8774,70.5666,41.6892
FY2024-25,2025,MIZUHO BANK LTD,3301.3425,550.0729,3851.4154,2098.1252,503.2601,1203.2173,519.9214,1250.0301,730.1087
FY2024-25,2025,"MUFG BANK, LTD.",2795.9549,840.0218,3635.9767,1457.3997,807.4968,1338.5552,654.6901,1371.0802,716.3901
FY2024-25,2025,NATWEST MARKETS PLC,264.9874,3.776,268.7634,167.8669,-72.606,97.1205,111.8858,173.5025,61.6167
FY2024-25,2025,NONGHYUP BANK,22.8357,0.1571,22.9928,0.4306,22.2335,22.4051,0.8992,0.3287,-0.5705
FY2024-25,2025,PT BANK MAYBANK INDONESIA TBK,31.0282,19.0809,50.1091,7.4893,23.8427,23.5389,3.3248,18.7771,15.4523
FY2024-25,2025,QATAR NATIONAL BANK (Q.P.S.C),155.4651,18.1075,173.5726,110.0203,45.0211,45.4448,5.6784,18.5312,12.8528
FY2024-25,2025,SBERBANK,420.916808,354.545748,775.462556,0.216976,176.136858,420.699832,240.692484,599.108722,358.416238
FY2024-25,2025,SBM BANK (INDIA) LIMITED,740.8333,175.7382,916.5715,545.0702,434.0719,195.7631,24.6299,-62.5706,-87.2005
FY2024-25,2025,SHINHAN BANK,1017.8909,80.1332,1098.0241,736.4002,188.9109,281.4907,72.5602,172.713,100.1528
FY2024-25,2025,SOCIETE GENERALE,489.1443,19.4647,508.609,194.5653,189.7944,294.579,22.4513,124.2493,101.798
FY2024-25,2025,SONALI BANK PLC,15.7667,2.5529,18.3196,1.5825,11.6756,14.1842,2.4214,5.0615,2.6401
FY2024-25,2025,STANDARD CHARTERED BANK,16930.13315,3007.456018,19937.58916,7431.291,8846.6099,9498.842145,1787.031964,3659.688263,1872.656299
FY2024-25,2025,SUMITOMO MITSUI BANKING CORPORATION,3384.138757,383.628889,3767.767646,2148.822861,464.069537,1235.315896,498.524257,1154.875248,656.350991
FY2024-25,2025,THE HONGKONG AND SHANGHAI BANKING CORPORATION LIMITED,23414.08045,4197.472188,27611.55263,10562.56846,6525.278112,12851.51199,4346.8454,10523.70607,6176.860665
FY2024-25,2025,UBS AG,398.8659,26.7151,425.581,79.7726,57.9291,319.0933,114.8248,287.8793,173.0545
FY2024-25,2025,UNITED OVERSEAS BANK LTD,88.8389,10.1968,99.0357,26.111,35.572,62.7279,13.4705,37.3527,23.8822
FY2024-25,2025,WOORI BANK,394.4279,29.8738,424.3017,308.717,76.9216,85.7109,41.1475,38.6631,-2.4844
FY2024-25,2025,AU SMALL FINANCE BANK LIMITED,16063.73086,2526.311082,18590.04194,8052.149415,5957.215308,8011.58144,2474.750616,4580.677214,2105.926598
FY2024-25,2025,CAPITAL SMALL FINANCE BANK LIMITED,908.4958,86.0232,994.519,498.3049,310.7868,410.1909,53.7801,185.4273,131.6472
FY2024-25,2025,EQUITAS SMALL FINANCE BANK LIMITED,6311.725,911.4891,7223.2141,3060.1124,2828.8345,3251.6126,1187.2173,1334.2672,147.0499
FY2024-25,2025,ESAF SMALL FINANCE BANK LIMITED,3862.22,467.0884,4329.3084,1810.6897,1961.5082,2051.5303,1078.5,557.1105,-521.3895
FY2024-25,2025,JANA SMALL FINANCE BANK LIMITED,4709.7939,775.861,5485.6549,2316.6562,1942.6279,2393.1377,724.9521,1226.3708,501.4187
FY2024-25,2025,NORTH EAST SMALL FINANCE BANK LIMITED,409.233275,194.481376,603.714651,200.538011,481.150157,208.695264,138.72353,-77.973517,-216.697047
FY2024-25,2025,SHIVALIK SMALL FINANCE BANK LIMITED,374.8097,48.0743,422.884,207.6918,194.2795,167.1179,19.9699,20.9127,0.9428
FY2024-25,2025,SURYODAY SMALL FINANCE BANK LIMITED,1953.749404,217.25111,2171.000514,847.610658,934.188185,1106.138746,274.237017,389.201671,114.964654
FY2024-25,2025,UJJIVAN SMALL FINANCE BANK LIMITED,6354.389593,846.197425,7200.587018,2718.122506,2793.237947,3636.267087,963.123507,1689.226565,726.103058
FY2024-25,2025,UNITY SMALL FINANCE BANK LIMITED,2068.568049,768.524498,2837.092547,881.681878,1227.439653,1186.886171,245.937696,727.971016,482.03332
FY2024-25,2025,UTKARSH SMALL FINANCE BANK LIMITED,3764.926,599.8343,4364.7603,1742.0624,1615.7659,2022.8636,983.2315,1006.932,23.7005
FY2024-25,2025,AIRTEL PAYMENTS BANK LIMITED,252.708901,2455.924101,2708.633002,61.836107,2604.225195,190.872794,-20.029171,42.5717,62.600871
FY2024-25,2025,FINO PAYMENTS BANK LIMITED,195.2304,1651.8739,1847.1043,100.5844,1638.1656,94.646,15.8196,108.3543,92.5347
FY2024-25,2025,INDIA POST PAYMENTS BANK LIMITED,1122.8473,1025.2756,2148.1229,366.6713,1513.0364,756.176,134.5593,268.4152,133.8559
FY2024-25,2025,PAYTM PAYMENTS BANK LIMITED,123.7115,109.6006,233.3121,8.4027,314.7128,115.3088,4.8334,-89.8034,-94.6368
FY2024-25,2025,PAYMENTS BANKS,1694.498101,5242.674201,6937.172302,537.494507,6070.139995,1157.003594,135.183129,329.5378,194.354671
FY2023-24,2024,BANK OF BARODA,112605.9462,14495.3661,127101.3123,67884.4113,28251.6756,44721.5349,13176.4408,30965.2254,17788.7846
FY2023-24,2024,BANK OF INDIA,60709.4904,6094.8538,66804.3442,37656.5746,15079.1633,23052.9158,7750.6897,14068.6063,6317.9166
FY2023-24,2024,BANK OF MAHARASHTRA,20494.6883,2997.8657,23492.554,10672.8437,4814.3729,9821.8446,3950.3102,8005.3374,4055.0272
FY2023-24,2024,CANARA BANK,108687.9256,18966.4363,127654.3619,72121.9886,26119.796,36565.937,14858.2581,29412.5773,14554.3192
FY2023-24,2024,CENTRAL BANK OF INDIA,30722.2358,4711.2798,35433.5156,17825.9122,10244.9154,12896.3236,4813.63,7362.688,2549.058
FY2023-24,2024,INDIAN BANK,55614.7776,7866.7206,63481.4982,32341.4951,14300.4559,23273.2825,8776.6081,16839.5472,8062.9391
FY2023-24,2024,INDIAN OVERSEAS BANK,24049.73441,5656.262379,29705.99679,14220.32037,8721.907544,9829.414041,4108.143975,6763.768876,2655.624901
FY2023-24,2024,PUNJAB AND SIND BANK,9693.9756,1221.4692,10915.4448,6852.9339,2931.574,2841.0417,535.517,1130.9369,595.4199
FY2023-24,2024,PUNJAB NATIONAL BANK,106901.62,13383.5396,120285.1596,66818.552,28535.798,40083.068,16686.1941,24930.8096,8244.6155
FY2023-24,2024,STATE BANK OF INDIA,415130.6555,51682.1637,466812.8192,255254.8288,124860.8135,159875.8267,25620.5567,86697.1769,61076.6202
FY2023-24,2024,UCO BANK,21854.3358,3265.5294,25119.8652,13753.5555,6790.0639,8100.7803,2922.5017,4576.2458,1653.7441
FY2023-24,2024,UNION BANK OF INDIA,99777.9577,16080.1941,115858.1518,63207.5611,24439.9598,36570.3966,14562.3243,28210.6309,13648.3066
FY2023-24,2024,AXIS BANK LIMITED,109368.6327,22441.9552,131810.5879,59474.1459,35213.284,49894.4868,12261.7248,37123.158,24861.4332
FY2023-24,2024,BANDHAN BANK LIMITED,18869.61812,2171.419762,21041.03788,8550.77663,5850.77779,10318.84149,4409.920759,6639.483459,2229.5627
FY2023-24,2024,CITY UNION BANK LIMITED,5270.5652,741.6552,6012.2204,3147.1008,1348.3887,2123.4644,501.0,1516.7309,1015.7309
FY2023-24,2024,CSB BANK LIMITED,2927.5423,584.2864,3511.8287,1451.1279,1280.779,1476.4144,213.1001,779.9218,566.8217
FY2023-24,2024,DCB BANK LIMITED,5362.0393,474.2371,5836.2764,3434.1407,1537.691,1927.8986,328.4702,864.4447,535.9745
FY2023-24,2024,DHANLAXMI BANK LIMITED,1206.9906,152.5595,1359.5501,748.5389,541.7495,458.4517,11.4398,69.2617,57.8219
FY2023-24,2024,FEDERAL BANK LTD,22188.2573,3079.2717,25267.529,13894.7754,6198.2694,8293.4819,1453.8861,5174.4842,3720.5981
FY2023-24,2024,HDFC BANK LTD.,258340.5755,49240.9994,307581.5749,149808.1008,63386.024,108532.4747,33575.1716,94387.4501,60812.2785
FY2023-24,2024,ICICI BANK LIMITED,142890.942,22957.7689,165848.7109,68585.2236,39132.7336,74305.7184,17242.4843,58130.7537,40888.2694
FY2023-24,2024,IDBI BANK LIMITED,26426.134,3610.907,30037.041,12239.6949,8205.2963,14186.4391,3957.9561,9592.0498,5634.0937
FY2023-24,2024,IDFC FIRST BANK LIMITED,30322.50119,6001.993872,36324.49506,13871.74579,16215.7804,16450.7554,3280.457419,6236.96887,2956.511451
FY2023-24,2024,INDUSIND BANK LTD,45748.2137,9387.8427,55136.0564,25132.2943,14263.4912,20615.9194,6790.4906,15740.2709,8949.7803
FY2023-24,2024,JAMMU & KASHMIR BANK LTD,11212.3623,825.4789,12037.8412,6008.6768,3752.2857,5203.6855,509.6105,2276.8787,1767.2682
FY2023-24,2024,KARNATAKA BANK LTD,8298.5095,1318.9168,9617.4263,4999.777,2454.3368,3298.7325,857.0282,2163.3125,1306.2843
FY2023-24,2024,KARUR VYSYA BANK LTD,8213.163562,1649.466126,9862.629688,4394.741627,2638.750006,3818.421935,1224.330184,2829.138055,1604.807871
FY2023-24,2024,KOTAK MAHINDRA BANK LTD.,45798.911,10273.1007,56072.0117,19805.7109,16678.846,25993.2001,5805.8724,19587.4548,13781.5824
FY2023-24,2024,NAINITAL BANK LTD,692.132618,62.7864,754.919018,372.045785,275.589828,320.086833,60.1868,107.283405,47.096605
FY2023-24,2024,RBL BANK LTD,12394.3014,3042.8927,15437.1941,6351.4075,6055.0321,6042.8939,1862.8339,3030.7545,1167.9206
FY2023-24,2024,SOUTH INDIAN BANK LTD,8612.8089,1515.5156,10128.3245,5280.7529,2979.9029,3332.056,797.5839,1867.6687,1070.0848
FY2023-24,2024,TAMILNAD MERCANTILE BANK LTD,4847.909394,644.9462974,5492.855692,2697.015852,1314.060573,2150.893542,409.7468107,1481.779266,1072.032455
FY2023-24,2024,YES BANK LTD.,27585.9383,5114.2988,32700.2371,19491.3182,9822.6576,8094.6201,2135.1818,3386.2613,1251.0795
FY2023-24,2024,AB BANK LIMITED,14.942926,28.458692,43.401618,0.668962,15.985898,14.273964,11.524139,26.746758,15.222619
FY2023-24,2024,AMERICAN EXPRESS BANKING CORP.,665.8335,1541.6022,2207.4357,208.7434,1909.3658,457.0901,23.1034,89.3265,66.2231
FY2023-24,2024,AUSTRALIA AND NEW ZEALAND BANKING GROUP LIMITED,1243.1979,-72.9377,1170.2602,774.1697,145.7253,469.0282,101.8129,250.3652,148.5523
FY2023-24,2024,"BANK OF AMERICA , NATIONAL ASSOCIATION",5616.67107,743.4359797,6360.10705,1872.144521,1013.447363,3744.526549,1593.097955,3474.515166,1881.417211
FY2023-24,2024,BANK OF BAHRAIN & KUWAIT B.S.C.,166.9487,30.502604,197.451304,115.0074,49.557404,51.9413,26.9901,32.8865,5.8964
FY2023-24,2024,BANK OF CEYLON,45.085143,3.76457,48.849713,16.350033,11.67626,28.73511,11.799857,20.82342,9.023563
FY2023-24,2024,BANK OF CHINA LIMITED,26.4214,21.2138,47.6352,2.9761,39.2738,23.4453,3.2468,5.3853,2.1385
FY2023-24,2024,BANK OF NOVA SCOTIA,125.5676,41.4276,166.9952,1.0236,77.8167,124.544,22.5392,88.1549,65.6157
FY2023-24,2024,BARCLAYS BANK PLC,2926.7665,382.7505,3309.517,1290.3848,584.807149,1636.3817,649.1235,1434.325051,785.201551
FY2023-24,2024,BNP PARIBAS,3087.2128,421.7568,3508.9696,1784.2496,652.5267,1302.9632,479.1413,1072.1933,593.052
FY2023-24,2024,CITIBANK N.A,15411.10037,4625.931954,20037.03233,4554.572054,4268.162687,10856.52832,4977.167719,11214.29759,6237.129866
FY2023-24,2024,COOPERATIEVE RABOBANK U.A.,91.6916,5.0813,96.7729,2.4792,51.7781,89.2124,-20.2304,42.5156,62.746
FY2023-24,2024,CREDIT AGRICOLE CORPORATE AND INVESTMENT BANK,1126.558397,-52.179548,1074.378849,611.910894,230.819476,514.647503,100.455179,231.648479,131.1933
FY2023-24,2024,CREDIT SUISSE AG,871.4413,13.0661,884.5074,420.3995,104.4838,451.0418,162.3013,359.6241,197.3228
FY2023-24,2024,"CTBC BANK CO., LTD.",243.1146,29.7277,272.8423,135.9967,77.0261,107.1179,26.6771,59.8195,33.1424
FY2023-24,2024,DBS BANK INDIA LIMITED,7836.763,1547.170936,9383.933936,5119.6922,3552.624936,2717.0708,334.7783,711.6168,376.8385
FY2023-24,2024,DEUTSCHE BANK AG,9723.0885,1510.8234,11233.9119,3998.1407,3213.2211,5724.9478,2045.6895,4022.5501,1976.8606
FY2023-24,2024,DOHA BANK Q.P.S.C.,85.0589,16.1997,101.2586,42.4713,36.6135,42.5876,-6.5301,22.1738,28.7039
FY2023-24,2024,EMIRATES NBD BANK (P.J.S.C.),538.4282,55.8838,594.312,332.0729,133.2759,206.3553,54.8753,128.9632,74.0879
FY2023-24,2024,FIRST ABU DHABI BANK PJSC,536.2357,-0.226,536.0097,345.8903,91.3087,190.3454,-13.869,98.8107,112.6797
FY2023-24,2024,FIRSTRAND BANK LTD,21.3304,21.6376,42.968,,34.0687,21.3304,0.5422,8.8993,8.3571
FY2023-24,2024,INDUSTRIAL AND COMMERCIAL BANK OF CHINA,324.8544,37.3071,362.1615,223.5188,51.2368,101.3356,37.976,87.4059,49.4299
FY2023-24,2024,INDUSTRIAL BANK OF KOREA,60.2039,6.1449,66.3488,11.371,20.7177,48.8329,15.9044,34.2601,18.3557
FY2023-24,2024,JPMORGAN CHASE BANK NATIONAL ASSOCIATION,6739.1617,1357.728,8096.8897,2469.0419,1005.235,4270.1198,2058.8875,4622.6128,2563.7253
FY2023-24,2024,JSC VTB BANK,40.2332,53.6198,93.853,,18.507,40.2332,33.4616,75.346,41.8844
FY2023-24,2024,KEB HANA BANK,261.3914,26.6787,288.0701,159.0453,42.7169,102.3461,36.4199,86.3079,49.888
FY2023-24,2024,KOOKMIN BANK,221.9306,8.8439,230.7745,180.9059,30.3627,41.0247,15.4825,19.5059,4.0234
FY2023-24,2024,KRUNG THAI BANK PUBLIC COMPANY LIMITED,3.3102,0.0004,3.3106,,2.7202,3.3102,-0.1978,0.5904,0.7882
FY2023-24,2024,MASHREQ BANK PSC,115.6251,14.2612,129.8863,5.2372,44.8485,110.3879,34.8202,79.8006,44.9804
FY2023-24,2024,MIZUHO BANK LTD,2181.8554,419.4615,2601.3169,1273.9482,556.7029,907.9072,331.2814,770.6658,439.3844
FY2023-24,2024,"MUFG BANK, LTD.",2484.8972,628.0002,3112.8974,1334.7463,911.3465,1150.1509,464.5775,866.8046,402.2271
FY2023-24,2024,NATWEST MARKETS PLC,272.5885,0.9589,273.5474,165.9717,31.0736,106.6168,163.1847,76.5021,-86.6826
FY2023-24,2024,NONGHYUP BANK,19.9611,0.203,20.1641,0.0031,18.874,19.958,1.5776,1.287,-0.2906
FY2023-24,2024,PT BANK MAYBANK INDONESIA TBK,20.251019,12.111823,32.362842,3.403696,20.693514,16.847323,0.142655,8.265632,8.122977
FY2023-24,2024,QATAR NATIONAL BANK (Q.P.S.C),99.465,26.0489,125.5139,70.6164,40.1946,28.8486,22.2835,14.7029,-7.5806
FY2023-24,2024,SBERBANK,674.045914,758.757446,1432.80336,0.675304,110.852678,673.37061,576.648239,1321.275378,744.627139
FY2023-24,2024,SBM BANK (INDIA) LIMITED,752.9324,186.5778,939.5102,527.545,428.7778,225.3874,26.4345,-16.8126,-43.2471
FY2023-24,2024,SHINHAN BANK,892.5138,70.1356,962.6494,636.5643,189.8914,255.9495,80.7401,136.1937,55.4536
FY2023-24,2024,SOCIETE GENERALE,504.2498,91.4204,595.6702,237.1713,196.2778,267.0785,93.1384,162.2211,69.0827
FY2023-24,2024,SONALI BANK,10.2557,10.6185,20.8742,2.2979,7.4032,7.9578,5.0077,11.1731,6.1654
FY2023-24,2024,STANDARD CHARTERED BANK,16786.67843,4861.654681,21648.33311,7496.763567,8421.431123,9289.91486,2000.32429,5730.138418,3729.814128
FY2023-24,2024,SUMITOMO MITSUI BANKING CORPORATION,2789.005607,311.317929,3100.323536,1645.416705,482.698428,1143.588902,461.3001,972.208403,510.908303
FY2023-24,2024,THE HONGKONG AND SHANGHAI BANKING CORPORATION LIMITED,19962.2489,3952.7235,23914.9724,8650.2334,5694.5292,11312.0155,4133.8768,9570.2098,5436.333
FY2023-24,2024,UNITED OVERSEAS BANK LTD,96.1391,10.9488,107.0879,34.9153,34.2568,61.2238,18.7678,37.9158,19.148
FY2023-24,2024,WOORI BANK,327.467,33.1316,360.5986,237.1596,57.7179,90.3074,47.8066,65.7211,17.9145
FY2023-24,2024,AU SMALL FINANCE BANK LIMITED,10554.71304,1697.142032,12251.85507,5397.629332,4464.80358,5157.083705,854.703172,2389.422157,1534.718985
FY2023-24,2024,CAPITAL SMALL FINANCE BANK LIMITED,794.3255,68.0796,862.4051,449.1774,258.3288,345.1481,43.3736,154.8989,111.5253
FY2023-24,2024,EQUITAS SMALL FINANCE BANK LIMITED,5486.4034,798.6706,6285.074,2406.6428,2501.0668,3079.7606,578.4042,1377.3644,798.9602
FY2023-24,2024,ESAF SMALL FINANCE BANK LIMITED,3818.5309,441.7211,4260.252,1448.7344,1648.8295,2369.7965,737.1204,1162.6881,425.5677
FY2023-24,2024,FINCARE SMALL FINANCE BANK LIMITED,2670.628303,342.653274,3013.281577,1023.4426,1283.087407,1647.185703,311.777596,706.75157,394.973974
FY2023-24,2024,JANA SMALL FINANCE BANK LIMITED,4013.8129,670.2434,4684.0563,1885.9047,1604.8397,2127.9082,523.7716,1193.3119,669.5403
FY2023-24,2024,NORTH EAST SMALL FINANCE BANK LIMITED,195.829386,55.535319,251.364705,124.256147,174.593859,71.573239,105.184754,-47.485301,-152.670055
FY2023-24,2024,SHIVALIK SMALL FINANCE BANK LIMITED,280.671,28.705,309.376,144.6586,146.1641,136.0124,16.1579,18.5533,2.3954
FY2023-24,2024,SURYODAY SMALL FINANCE BANK LIMITED,1588.700867,219.384372,1808.085239,626.468741,727.951044,962.232126,237.706664,453.665454,215.95879
FY2023-24,2024,UJJIVAN SMALL FINANCE BANK LIMITED,5677.154057,786.751895,6463.905952,2267.703944,2279.099058,3409.450113,635.612289,1917.10295,1281.490661
FY2023-24,2024,UNITY SMALL FINANCE BANK LIMITED,1387.8809,244.0315,1631.9124,406.861,808.3734,981.0199,-22.2202,416.678,438.8982
FY2023-24,2024,UTKARSH SMALL FINANCE BANK LIMITED,3178.4115,400.3434,3578.7549,1292.609,1288.8784,1885.8025,499.6393,997.2675,497.6282
FY2023-24,2024,AIRTEL PAYMENTS BANK LIMITED,165.108042,1670.688587,1835.796629,43.909157,1744.81321,121.198885,12.566601,47.074262,34.507661
FY2023-24,2024,FINO PAYMENTS BANK LIMITED,150.046,1328.3351,1478.3811,78.9006,1312.6196,71.1454,0.6369,86.8609,86.224
FY2023-24,2024,INDIA POST PAYMENTS BANK LIMITED,607.5759,657.715,1265.2909,169.736,1003.6823,437.8399,57.6348,91.8726,34.2378
FY2023-24,2024,PAYTM PAYMENTS BANK LIMITED,493.3856,2028.763,2522.1486,60.6611,2572.8175,432.7245,44.8318,-111.33,-156.1618
FY2023-24,2024,PAYMENTS BANKS,1416.115542,5685.501687,7101.617229,353.206857,6633.93261,1062.908685,115.670101,114.477762,-1.192339
FY2022-23,2023,BANK OF BARODA,89588.5407,10025.8359,99614.3766,48232.5323,24518.3124,41356.0084,12753.9152,26863.5319,14109.6167
FY2022-23,2023,BANK OF INDIA,47647.7223,7099.8904,54747.6127,27372.8195,13982.1724,20274.9028,9369.6808,13392.6208,4022.94
FY2022-23,2023,BANK OF MAHARASHTRA,15898.4586,2280.2707,18178.7293,8157.6809,3921.8356,7740.7777,3497.1754,6099.2128,2602.0374
FY2022-23,2023,CANARA BANK,84424.7822,18762.2026,103186.9848,52989.487,22481.4799,31435.2952,17112.2529,27716.0179,10603.765
FY2022-23,2023,CENTRAL BANK OF INDIA,25541.8923,4083.7083,29625.6006,13855.0976,8886.7355,11686.7947,5301.5663,6883.7675,1582.2012
FY2022-23,2023,INDIAN BANK,44942.2129,7143.0626,52085.2755,24716.7504,12097.9028,20225.4625,9988.9202,15270.6223,5281.7021
FY2022-23,2023,INDIAN OVERSEAS BANK,19400.3262,4108.7481,23509.0743,11145.4445,6421.463183,8254.8817,3843.380747,5942.166617,2098.78587
FY2022-23,2023,PUNJAB AND SIND BANK,7992.7314,939.9603,8932.6917,5019.351,2463.4019,2973.3804,136.9098,1449.9388,1313.029
FY2022-23,2023,PUNJAB NATIONAL BANK,85144.1113,12142.5313,97286.6426,50652.4747,24105.4085,34491.6366,20021.5545,22528.7594,2507.2049
FY2022-23,2023,STATE BANK OF INDIA,332103.0602,36615.5976,368718.6578,187262.5556,97743.1361,144840.5046,33480.5125,83712.9661,50232.4536
FY2022-23,2023,UCO BANK,17650.5183,2508.4581,20158.9764,10307.3933,5510.915,7343.125,2478.3305,4340.6681,1862.3376
FY2022-23,2023,UNION BANK OF INDIA,80743.3386,14633.153,95376.4916,47977.9957,21931.3319,32765.3429,17033.8863,25467.164,8433.2777
FY2022-23,2023,AXIS BANK LIMITED,85163.7656,16143.4195,101307.1851,42218.0212,39298.5377,42945.7444,10210.9477,19790.6262,9579.6785
FY2022-23,2023,BANDHAN BANK LIMITED,15904.6996,2468.5507,18373.2503,6645.0814,4636.8194,9259.6182,4896.7115,7091.3495,2194.638
FY2022-23,2023,CITY UNION BANK LIMITED,4714.3371,810.3593,5524.6964,2551.5407,1155.1762,2162.7964,880.5,1817.9795,937.4795
FY2022-23,2023,CSB BANK LIMITED,2319.6534,315.6809,2635.3343,985.8065,942.1281,1333.8469,160.0383,707.3997,547.3614
FY2022-23,2023,DCB BANK LIMITED,4200.271,409.3904,4609.6614,2483.2658,1339.6619,1717.0052,321.1748,786.7337,465.5589
FY2022-23,2023,DHANLAXMI BANK LIMITED,1071.2371,74.517,1145.7541,595.4838,427.0666,475.7533,73.8412,123.2037,49.3625
FY2022-23,2023,FEDERAL BANK LTD,16803.6338,2330.0006,19133.6344,9571.4736,4767.7655,7232.1602,1783.801,4794.3953,3010.5943
FY2022-23,2023,HDFC BANK LTD.,161585.5367,31214.8251,192800.3618,74743.3173,47652.0844,86842.2194,26296.2587,70404.9601,44108.7014
FY2022-23,2023,ICICI BANK LIMITED,109231.338,19831.4479,129062.7859,47102.736,32873.2391,62128.602,17190.3146,49086.8108,31896.4962
FY2022-23,2023,IDBI BANK LIMITED,20569.7839,4371.9837,24941.7676,9139.2316,7066.7,11430.5523,5090.7433,8735.836,3645.0927
FY2022-23,2023,IDFC FIRST BANK LIMITED,22727.54461,4466.967661,27194.51227,10092.20878,12170.34997,12635.33583,2494.818579,4931.953525,2437.134946
FY2022-23,2023,INDUSIND BANK LTD,36367.9128,8166.3706,44534.2834,18775.7967,11412.007,17592.1161,6956.7683,14346.4797,7389.7114
FY2022-23,2023,JAMMU & KASHMIR BANK LTD,9355.1062,756.8107,10111.9169,4609.8253,3643.6014,4745.2809,661.1102,1858.4902,1197.38
FY2022-23,2023,KARNATAKA BANK LTD,7220.2312,992.5753,8212.8065,4035.1274,1969.4539,3185.1038,1027.9824,2208.2252,1180.2428
FY2022-23,2023,KARUR VYSYA BANK LTD,6516.549691,1158.937076,7675.486767,3167.738272,2031.962906,3348.811419,1369.693773,2475.785589,1106.091816
FY2022-23,2023,KOTAK MAHINDRA BANK LTD.,34250.8509,7083.0509,41333.9018,12698.9356,13786.9937,21551.9153,3908.6774,14847.9725,10939.2951
FY2022-23,2023,NAINITAL BANK LTD,587.733911,14.824507,602.558418,308.719529,216.903454,279.014382,30.626748,76.935435,46.308687
FY2022-23,2023,RBL BANK LTD,9676.5733,2489.4349,12166.0082,4678.389,5285.1706,4998.1843,1319.7253,2202.4486,882.7233
FY2022-23,2023,SOUTH INDIAN BANK LTD,7233.1794,812.6275,8045.8069,4221.0962,2317.384,3012.0832,732.2388,1507.3267,775.0879
FY2022-23,2023,TAMILNAD MERCANTILE BANK LTD,4081.041798,629.110331,4710.152129,1986.915909,1150.394349,2094.125889,543.582827,1572.841871,1029.259044
FY2022-23,2023,YES BANK LTD.,22697.4304,3685.0569,26382.4873,14779.8587,8419.8646,7917.5717,2465.3553,3182.764,717.4087
FY2022-23,2023,AB BANK LIMITED,8.702263,27.278383,35.980646,0.64605,16.421162,8.056213,9.923058,18.913434,8.990379
FY2022-23,2023,AMERICAN EXPRESS BANKING CORP.,602.6518,1259.3861,1862.0379,130.4388,1617.1872,472.213,43.6196,114.4119,70.7923
FY2022-23,2023,AUSTRALIA AND NEW ZEALAND BANKING GROUP LIMITED,652.1996,-32.1544,620.0452,278.4303,141.0666,373.7693,71.8879,200.5483,128.6604
FY2022-23,2023,"BANK OF AMERICA , NATIONAL ASSOCIATION",3729.147367,278.372928,4007.520295,881.967552,979.011356,2847.179815,986.909624,2146.541387,1159.631764
FY2022-23,2023,BANK OF BAHRAIN & KUWAIT B.S.C.,145.8657,19.1989,165.0646,93.2542,43.6398,52.6115,11.007,28.1706,17.1636
FY2022-23,2023,BANK OF CEYLON,40.929109,5.353056,46.282165,13.769499,11.055171,27.15961,9.601548,21.457495,11.855947
FY2022-23,2023,BANK OF CHINA LIMITED,19.6666,35.5921,55.2587,1.9443,34.1901,17.7223,11.3414,19.1243,7.7829
FY2022-23,2023,BANK OF NOVA SCOTIA,140.7432,13.4452,154.1884,45.4583,124.2643,95.2849,6.0926,-15.5342,-21.6268
FY2022-23,2023,BARCLAYS BANK PLC,2303.0276,373.6512,2676.6788,826.378,594.7356,1476.6496,586.4563,1255.5652,669.1089
FY2022-23,2023,BNP PARIBAS,2607.6147,323.4911,2931.1058,1416.1135,633.498,1191.5012,408.0967,881.4943,473.3976
FY2022-23,2023,CITIBANK N.A,14264.99793,14454.24245,28719.24038,3401.482931,5336.3975,10863.515,6367.620323,19981.35995,13613.73962
FY2022-23,2023,COOPERATIEVE RABOBANK U.A.,142.1609,27.0183,169.1792,36.2751,78.6449,105.8858,13.1241,54.2592,41.1351
FY2022-23,2023,CREDIT AGRICOLE CORPORATE AND INVESTMENT BANK,799.475363,-52.685841,746.789522,385.375451,192.333407,414.099912,88.345643,169.080664,80.735021
FY2022-23,2023,CREDIT SUISSE AG,1394.9309,-69.9465,1324.9844,760.5873,88.4464,634.3436,215.2042,475.9507,260.7465
FY2022-23,2023,"CTBC BANK CO., LTD.",163.2613,14.7866,178.0479,93.65,62.4542,69.6113,11.7377,21.9437,10.206
FY2022-23,2023,DBS BANK INDIA LIMITED,5734.8931,969.9033,6704.7964,3353.4481,2966.8751,2381.445,156.3319,384.4732,228.1413
FY2022-23,2023,DEUTSCHE BANK AG,8517.8807,476.0739,8993.9546,3416.6874,2820.9894,5101.1933,1289.3771,2756.2778,1466.9007
FY2022-23,2023,DOHA BANK Q.P.S.C.,72.2274,45.1984,117.4258,29.2536,41.4997,42.9738,11.3116,46.6725,35.3609
FY2022-23,2023,EMIRATES NBD BANK (P.J.S.C.),290.8404,42.6338,333.4742,137.42,105.7157,153.4204,48.6381,90.3385,41.7004
FY2022-23,2023,FIRST ABU DHABI BANK PJSC,557.3613,-36.1376,521.2237,303.796,88.1717,253.5653,159.0041,129.256,-29.7481
FY2022-23,2023,FIRSTRAND BANK LTD,17.6346,26.1555,43.7901,0.0001,25.9457,17.6345,0.6184,17.8443,17.2259
FY2022-23,2023,INDUSTRIAL AND COMMERCIAL BANK OF CHINA,219.4126,11.1638,230.5764,147.2799,55.6611,72.1327,12.825,27.6354,14.8104
FY2022-23,2023,INDUSTRIAL BANK OF KOREA,44.9055,8.4889,53.3944,5.4003,18.2804,39.5052,13.186,29.7137,16.5277
FY2022-23,2023,JPMORGAN CHASE BANK NATIONAL ASSOCIATION,4827.7405,877.1361,5704.8766,1290.3014,831.2722,3537.4391,1650.9523,3583.303,1932.3507
FY2022-23,2023,JSC VTB BANK,10.571,9.8911,20.4621,,10.1805,10.571,4.5298,10.2816,5.7518
FY2022-23,2023,KEB HANA BANK,167.4533,23.7052,191.1585,78.4091,38.7693,89.0442,48.8168,73.9801,25.1633
FY2022-23,2023,KOOKMIN BANK,159.1152,-23.3825,135.7327,104.2285,27.5779,54.8867,3.1044,3.9263,0.8219
FY2022-23,2023,KRUNG THAI BANK PUBLIC COMPANY LIMITED,2.2328,0.0169,2.2497,,3.9644,2.2328,0.0694,-1.7147,-1.7841
FY2022-23,2023,MASHREQ BANK PSC,87.0876,17.8601,104.9477,2.4393,33.8067,84.6483,34.5512,68.7017,34.1505
FY2022-23,2023,MIZUHO BANK LTD,1451.3622,326.3678,1777.73,861.5717,413.6173,589.7905,219.5645,502.541,282.9765
FY2022-23,2023,"MUFG BANK, LTD.",1797.5244,449.409,2246.9334,930.4414,462.8294,867.083,345.2397,853.6626,508.4229
FY2022-23,2023,NATWEST MARKETS PLC,190.5038,0.62,191.1238,101.5265,78.1593,88.9773,93.4864,11.438,-82.0484
FY2022-23,2023,PT BANK MAYBANK INDONESIA TBK,15.509497,5.751823,21.26132,2.229608,17.276602,13.279889,0.251556,1.75511,1.503554
FY2022-23,2023,QATAR NATIONAL BANK (Q.P.S.C),88.6792,12.1717,100.8509,64.1571,34.7429,24.5221,1.8657,1.9509,0.0852
FY2022-23,2023,SBERBANK,191.6605,520.403623,712.064123,1.543092,50.216165,190.117408,293.352678,660.304866,366.952187
FY2022-23,2023,SBM BANK (INDIA) LIMITED,665.6708,201.3469,867.0177,453.3906,375.9774,212.2802,16.8343,37.6497,20.8154
FY2022-23,2023,SHINHAN BANK,738.2799,86.7093,824.9892,525.5293,158.9151,212.7506,72.7049,140.5448,67.8399
FY2022-23,2023,SOCIETE GENERALE,427.3011,-5.5928,421.7083,154.547,173.9417,272.7541,43.2355,93.2196,49.9841
FY2022-23,2023,SONALI BANK,6.3742,13.2276,19.6018,2.4918,9.1862,3.8824,3.4374,7.9238,4.4864
FY2022-23,2023,STANDARD CHARTERED BANK,12313.62622,2023.577202,14337.20342,4105.444162,4032.290559,8208.182056,1578.094495,6199.468699,4621.374205
FY2022-23,2023,SUMITOMO MITSUI BANKING CORPORATION,1723.047003,279.568271,2002.615274,860.130607,291.116047,862.916396,371.40694,851.36862,479.96168
FY2022-23,2023,THE HONGKONG AND SHANGHAI BANKING CORPORATION LIMITED,15602.7614,1731.0069,17333.7683,6113.6469,4750.7947,9489.1145,3016.3941,6469.3267,3452.9326
FY2022-23,2023,UNITED OVERSEAS BANK LTD,67.1095,10.4956,77.6051,23.7511,29.7786,43.3584,0.4029,24.0754,23.6725
FY2022-23,2023,WOORI BANK,311.1249,36.3146,347.4395,243.1442,57.4089,67.9807,20.3708,46.8864,26.5156
FY2022-23,2023,AU SMALL FINANCE BANK LIMITED,8205.408316,1034.464265,9239.872581,3780.126365,3440.270043,4425.281951,591.550911,2019.476173,1427.925262
FY2022-23,2023,CAPITAL SMALL FINANCE BANK LIMITED,676.0075,49.4748,725.4823,354.0237,222.7538,321.9838,55.1086,148.7048,93.5962
FY2022-23,2023,EQUITAS SMALL FINANCE BANK LIMITED,4161.8781,669.5857,4831.4638,1617.1539,2038.3024,2544.7242,602.417,1176.0075,573.5905
FY2022-23,2023,ESAF SMALL FINANCE BANK LIMITED,2853.598,287.9742,3141.5722,1017.3185,1230.5412,1836.2795,591.3794,893.7125,302.3331
FY2022-23,2023,FINCARE SMALL FINANCE BANK LIMITED,1744.120618,226.676997,1970.797615,653.675266,874.048372,1090.445352,339.432021,443.073977,103.641956
FY2022-23,2023,JANA SMALL FINANCE BANK LIMITED,3075.0103,624.8647,3699.875,1414.9901,1284.5104,1660.0202,744.4032,1000.3745,255.9713
FY2022-23,2023,NORTH EAST SMALL FINANCE BANK LIMITED,297.6867,37.5915,335.2782,141.3309,177.8895,156.3558,229.0637,16.0578,-213.0059
FY2022-23,2023,SHIVALIK SMALL FINANCE BANK LIMITED,203.6242,15.1001,218.7243,106.4168,106.0021,97.2074,4.7755,6.3054,1.5299
FY2022-23,2023,SURYODAY SMALL FINANCE BANK LIMITED,1183.682076,97.422421,1281.104497,437.108088,506.53848,746.573988,259.76713,337.457929,77.690799
FY2022-23,2023,UJJIVAN SMALL FINANCE BANK LIMITED,4164.9947,589.1909,4754.1856,1467.0926,1802.0597,2697.9021,385.1116,1485.0333,1099.9217
FY2022-23,2023,UNITY SMALL FINANCE BANK LIMITED,734.6955,68.6154,803.3109,174.9123,476.5952,559.7832,117.18,151.8034,34.6234
FY2022-23,2023,UTKARSH SMALL FINANCE BANK LIMITED,2504.9798,299.3062,2804.286,975.9489,990.0136,1529.0309,433.8216,838.3235,404.5019
FY2022-23,2023,AIRTEL PAYMENTS BANK LIMITED,96.134212,1194.945667,1291.079879,31.937169,1231.257468,64.197043,6.246275,27.885242,21.638967
FY2022-23,2023,FINO PAYMENTS BANK LIMITED,94.8649,1135.0484,1229.9133,47.3686,1117.4577,47.4963,,65.087,65.087
FY2022-23,2023,INDIA POST PAYMENTS BANK LIMITED,279.0522,487.098,766.1502,94.0216,646.141,185.0306,5.8267,25.9876,20.1609
FY2022-23,2023,PAYTM PAYMENTS BANK LIMITED,390.2346,2288.0055,2678.2401,72.3639,2583.7515,317.8707,7.5843,22.1247,14.5404
FY2022-23,2023,PAYMENTS BANKS,860.285912,5105.097567,5965.383479,245.691269,5578.607668,614.594643,19.657275,141.084542,121.427267
FY2021-22,2022,BANK OF BARODA,69880.7803,11483.9503,81364.7306,37259.4421,21716.4388,32621.3382,15116.5681,22388.8497,7272.2816
FY2021-22,2022,BANK OF INDIA,38075.8259,7878.7317,45954.5576,24013.7287,11952.3743,14062.0972,6583.7588,9988.4546,3404.6958
FY2021-22,2022,BANK OF MAHARASHTRA,13019.2199,2652.4793,15671.6992,6974.8231,3849.0128,6044.3968,3696.3271,4847.8633,1151.5362
FY2021-22,2022,CANARA BANK,69410.2393,16496.9042,85907.1435,43026.2626,19791.9055,26383.9767,17410.5645,23088.9754,5678.4109
FY2021-22,2022,CENTRAL BANK OF INDIA,22801.6476,2968.484,25770.1316,13314.8828,7258.0987,9486.7648,4152.322,5197.1501,1044.8281
FY2021-22,2022,INDIAN BANK,38856.2207,6915.4497,45771.6704,22128.2705,10926.5028,16727.9502,8772.0765,12716.8971,3944.8206
FY2021-22,2022,INDIAN OVERSEAS BANK,16729.8662,4903.0199,21632.8861,10418.7285,5451.243615,6311.1377,4053.3713,5762.913985,1709.542685
FY2021-22,2022,PUNJAB AND SIND BANK,7095.8102,959.3786,8055.1888,4444.4954,2280.6029,2651.3148,291.0359,1330.0905,1039.0546
FY2021-22,2022,PUNJAB NATIONAL BANK,74879.5369,12319.9579,87199.4948,46185.0766,20252.5951,28694.4603,17304.8595,20761.8231,3456.9636
FY2021-22,2022,STATE BANK OF INDIA,275457.2904,40563.914,316021.2044,154749.7043,93397.5152,120707.5861,36198.0044,67873.9849,31675.9805
FY2021-22,2022,UCO BANK,14981.3388,3100.8069,18082.1457,8508.3895,4776.3226,6472.9493,3867.6702,4797.4336,929.7634
FY2021-22,2022,UNION BANK OF INDIA,67943.9508,12524.8172,80468.768,40157.4864,18438.0735,27786.4644,16641.1123,21873.2081,5232.0958
FY2021-22,2022,AXIS BANK LIMITED,67376.8296,15220.5453,82597.3749,34244.6131,23610.7543,33132.2165,11716.5291,24742.0075,13025.4784
FY2021-22,2022,BANDHAN BANK LIMITED,13871.5662,2822.4993,16694.0655,5157.1016,3523.5605,8714.4646,7887.6094,8013.4034,125.794
FY2021-22,2022,CITY UNION BANK LIMITED,4104.7785,759.0844,4863.8629,2188.2905,1080.2614,1916.488,835.1459,1595.311,760.1651
FY2021-22,2022,CSB BANK LIMITED,2038.3113,246.8,2285.1113,885.0106,786.3799,1153.3007,155.2268,613.7208,458.494
FY2021-22,2022,DCB BANK LIMITED,3512.765,452.0392,3964.8042,2155.2576,1012.5643,1357.5074,509.478,796.9823,287.5043
FY2021-22,2022,DHANLAXMI BANK LIMITED,916.6375,169.1181,1085.7556,554.3242,397.1328,362.3133,98.3945,134.2986,35.9041
FY2021-22,2022,FEDERAL BANK LTD,13660.7529,2089.0935,15749.8464,7698.802,4293.1938,5961.9509,1868.0291,3757.8506,1889.8215
FY2021-22,2022,HDFC BANK LTD.,127753.1191,29509.9004,157263.0195,55743.5282,37442.1858,72009.5909,27115.9503,64077.3055,36961.3552
FY2021-22,2022,ICICI BANK LIMITED,86374.5452,18517.5299,104892.0751,38908.4507,26733.316,47466.0945,15910.8177,39250.3084,23339.4907
FY2021-22,2022,IDBI BANK LIMITED,18291.907213,4689.895381,22981.802594,9129.41099,6357.23439,9162.496223,5055.886859,7495.157214,2439.270355
FY2021-22,2022,IDFC FIRST BANK LIMITED,17172.683665,3222.038518,20394.722183,7466.520595,9644.449764,9706.16307,3138.261803,3283.751824,145.490021
FY2021-22,2022,INDUSIND BANK LTD,30822.4423,7334.199139,38156.641439,15821.5978,9559.29043,15000.8445,8164.629939,12775.753209,4611.12327
FY2021-22,2022,JAMMU & KASHMIR BANK LTD,8013.4754,744.0074,8757.4828,4102.2458,3592.7774,3911.2296,560.8975,1062.4596,501.5621
FY2021-22,2022,KARNATAKA BANK LTD,6221.6637,953.877,7175.5407,3730.6279,1810.9172,2491.0358,1125.3761,1633.9956,508.6195
FY2021-22,2022,KARUR VYSYA BANK LTD,5587.673689,769.053534,6356.727223,2872.296659,1854.219757,2715.37703,956.943449,1630.210807,673.267358
FY2021-22,2022,KOTAK MAHINDRA BANK LTD.,27038.8194,6354.3537,33393.1731,10220.9122,11121.3885,16817.9072,3478.182192,12050.8724,8572.690208
FY2021-22,2022,NAINITAL BANK LTD,561.9884,40.6377,602.6261,312.11,190.2134,249.8784,71.3701,100.3027,28.9326
FY2021-22,2022,RBL BANK LTD,8175.7879,2340.5316,10516.3195,4149.0501,3621.957,4026.7378,2820.0477,2745.3124,-74.7353
FY2021-22,2022,SOUTH INDIAN BANK LTD,6586.5375,1034.1031,7620.6406,4346.7803,2026.2913,2239.7572,1202.587,1247.569,44.982
FY2021-22,2022,TAMILNAD MERCANTILE BANK LTD,3833.8601,812.2582,4646.1183,2018.6309,1111.0354,1815.2292,694.5433,1516.452,821.9087
FY2021-22,2022,YES BANK LTD.,19023.5113,3262.4693,22285.9806,12525.6577,6844.394,6497.8536,1849.7165,2915.9289,1066.2124
FY2021-22,2022,AB BANK LIMITED,4.9524,29.9984,34.9508,0.7179,17.2312,4.2345,6.9589,17.0017,10.0428
FY2021-22,2022,ABU DHABI COMMERCIAL BANK PJSC,5.6689,3.7311,9.4,,18.808,5.6689,0.7086,-9.408,-10.1166
FY2021-22,2022,AMERICAN EXPRESS BANKING CORP.,529.571,936.6073,1466.1783,106.9998,1257.6525,422.5712,106.4646,101.526,-4.9386
FY2021-22,2022,AUSTRALIA AND NEW ZEALAND BANKING GROUP LIMITED,368.2251,0.2802,368.5053,107.4274,168.3441,260.7977,40.5412,92.7338,52.1926
FY2021-22,2022,"BANK OF AMERICA , NATIONAL ASSOCIATION",2325.8641,677.3917,3003.2558,513.0785,893.4832,1812.7856,767.1628,1596.6941,829.5313
FY2021-22,2022,BANK OF BAHRAIN & KUWAIT B.S.C.,138.268,21.7465,160.0145,103.4842,38.6619,34.7838,10.210059,17.8684,7.658341
FY2021-22,2022,BANK OF CEYLON,38.79765,8.865438,47.663088,13.043375,10.57429,25.754275,17.70928,24.045423,6.336143
FY2021-22,2022,BANK OF CHINA LIMITED,16.8393,3.1029,19.9422,1.2598,40.7284,15.5795,-0.1746,-22.046,-21.8714
FY2021-22,2022,BANK OF NOVA SCOTIA,184.4498,61.6773,246.1271,101.0788,92.5415,83.371,-46.865,52.5068,99.3718
FY2021-22,2022,BARCLAYS BANK PLC,1413.1085,962.1498,2375.2583,507.7342,554.8322,905.3743,616.7033,1312.6919,695.9886
FY2021-22,2022,BNP PARIBAS,2095.6665,254.5827,2350.2492,823.5641,610.8918,1272.1024,403.6598,915.7933,512.1335
FY2021-22,2022,CITIBANK N.A,11854.416111,2805.970401,14660.386512,2635.70684,4762.494214,9218.709271,3535.323721,7262.185458,3726.861737
FY2021-22,2022,COOPERATIEVE RABOBANK U.A.,309.7704,18.1796,327.95,98.9926,139.8292,210.7778,178.9426,89.1282,-89.8144
FY2021-22,2022,CREDIT AGRICOLE CORPORATE AND INVESTMENT BANK,541.369196,15.252862,556.622058,222.939331,190.356266,318.429865,67.632261,143.326461,75.6942
FY2021-22,2022,CREDIT SUISSE AG,1134.6107,-330.9905,803.6202,428.0406,95.1253,706.5701,-22.1474,280.4543,302.6017
FY2021-22,2022,"CTBC BANK CO., LTD.",111.4108,19.6008,131.0116,58.1018,56.6604,53.309,4.8443,16.2494,11.4051
FY2021-22,2022,DBS BANK INDIA LIMITED,4315.3992,886.8706,5202.2698,2310.3677,2652.1829,2005.0315,73.1475,239.7192,166.5717
FY2021-22,2022,DEUTSCHE BANK AG,6836.2406,1545.417,8381.6576,2380.2394,2632.4239,4456.0012,1895.2497,3368.9943,1473.7446
FY2021-22,2022,DOHA BANK Q.P.S.C.,65.8336,17.227,83.0606,36.7697,41.5282,29.0639,4.1106,4.7627,0.6521
FY2021-22,2022,EMIRATES NBD BANK (P.J.S.C.),163.3138,28.8139,192.1277,61.2522,80.2653,102.0616,26.3775,50.6102,24.2327
FY2021-22,2022,FIRST ABU DHABI BANK PJSC,523.5436,36.4931,560.0367,190.1019,100.761,333.4417,167.6122,269.1738,101.5616
FY2021-22,2022,FIRSTRAND BANK LTD,15.12,20.8859,36.0059,0.7887,41.9034,14.3313,-1.9119,-6.6862,-4.7743
FY2021-22,2022,HONGKONG AND SHANGHAI BANKING CORPN.LTD.,13129.8495,1171.1989,14301.0484,4370.7984,4084.2274,8759.0511,2654.8527,5846.0226,3191.1699
FY2021-22,2022,INDUSTRIAL AND COMMERCIAL BANK OF CHINA,164.5731,41.4608,206.0339,74.2688,57.2529,90.3043,20.1963,74.5122,54.3159
FY2021-22,2022,INDUSTRIAL BANK OF KOREA,33.2379,6.7718,40.0097,3.9194,15.0755,29.3185,9.4482,21.0148,11.5666
FY2021-22,2022,JPMORGAN CHASE BANK NATIONAL ASSOCIATION,3651.9408,538.6385,4190.5793,759.7605,697.7533,2892.1803,1252.7536,2733.0655,1480.3119
FY2021-22,2022,JSC VTB BANK,8.386759,84.522474,92.909233,,8.903913,8.386759,37.24012,84.00532,46.7652
FY2021-22,2022,KEB HANA BANK,99.3737,25.5987,124.9724,32.3143,35.2822,67.0594,33.821,57.3759,23.5549
FY2021-22,2022,KOOKMIN BANK,96.572,-11.1362,85.4358,43.0808,25.5883,53.4912,9.2251,16.7667,7.5416
FY2021-22,2022,KRUNG THAI BANK PUBLIC COMPANY LIMITED,6.292,0.3416,6.6336,1.6836,6.0262,4.6084,-0.082,-1.0762,-0.9942
FY2021-22,2022,MASHREQ BANK PSC,44.4013,15.4193,59.8206,3.4678,29.9137,40.9335,9.7309,26.4391,16.7082
FY2021-22,2022,MIZUHO BANK LTD,833.1072,273.9841,1107.0913,369.2829,338.8313,463.8243,204.7651,398.9771,194.212
FY2021-22,2022,"MUFG BANK, LTD.",1275.8582,386.1164,1661.9746,622.9799,387.5667,652.8783,280.2305,651.428,371.1975
FY2021-22,2022,PT BANK MAYBANK INDONESIA TBK,9.562686,3.917289,13.479975,0.081373,33.72266,9.481313,-17.684851,-20.324058,-2.639207
FY2021-22,2022,QATAR NATIONAL BANK (Q.P.S.C),60.0729,10.9424,71.0153,36.4388,33.0015,23.6341,25.6177,1.575,-24.0427
FY2021-22,2022,SBERBANK,24.680695,152.001748,176.682443,0.3565,40.825465,24.324195,59.837487,135.500478,75.662991
FY2021-22,2022,SBM BANK (INDIA) LIMITED,397.295,113.454,510.749,272.2132,185.603,125.0818,36.6266,52.9328,16.3062
FY2021-22,2022,SHINHAN BANK,538.5284,122.2049,660.7333,330.1966,147.55,208.3318,92.9956,182.9867,89.9911
FY2021-22,2022,SOCIETE GENERALE,321.0789,14.4043,335.4832,68.3695,150.9214,252.7094,49.2041,116.1923,66.9882
FY2021-22,2022,SONALI BANK,4.4333,12.3908,16.8241,1.9441,6.6902,2.4892,3.7885,8.1898,4.4013
FY2021-22,2022,STANDARD CHARTERED BANK,10626.941486,2407.349053,13034.290539,3132.61919,3783.952257,7494.322296,1648.73879,6117.719092,4468.980302
FY2021-22,2022,SUMITOMO MITSUI BANKING CORPORATION,1173.768717,209.797396,1383.566113,485.625525,229.251066,688.143192,303.061358,668.689522,365.628164
FY2021-22,2022,THE ROYAL BANK OF SCOTLAND N.V.,99.7768,0.4655,100.2423,41.9104,93.5636,57.8664,44.2553,-35.2317,-79.487
FY2021-22,2022,UNITED OVERSEAS BANK LTD,53.0457,12.6583,65.704,21.5086,28.5458,31.5371,6.6048,15.6496,9.0448
FY2021-22,2022,WOORI BANK,196.5548,25.5458,222.1006,107.2338,54.8096,89.321,27.4676,60.0572,32.5896
FY2021-22,2022,AU SMALL FINANCE BANK LIMITED,5921.73069,993.694162,6915.424852,2687.60584,2412.774233,3234.12485,685.210544,1815.044779,1129.834235
FY2021-22,2022,CAPITAL SMALL FINANCE BANK LIMITED,578.2177,54.1853,632.403,322.9361,196.2529,255.2816,50.6451,113.214,62.5689
FY2021-22,2022,EQUITAS SMALL FINANCE BANK LIMITED,3459.6693,537.5565,3997.2258,1421.1336,1704.1453,2038.5357,591.2151,871.9469,280.7318
FY2021-22,2022,ESAF SMALL FINANCE BANK LIMITED,1939.9255,207.5828,2147.5083,792.7866,862.8711,1147.1389,437.1188,491.8506,54.7318
FY2021-22,2022,FINCARE SMALL FINANCE BANK LIMITED,1445.870256,201.776867,1647.647123,569.781404,646.804284,876.088852,422.202307,431.061435,8.859128
FY2021-22,2022,JANA SMALL FINANCE BANK LIMITED,2726.5351,323.7632,3050.2983,1336.7509,1138.821,1389.7842,569.3206,574.7264,5.4058
FY2021-22,2022,NORTH EAST SMALL FINANCE BANK LIMITED,314.1593,14.2314,328.3907,122.0555,142.0695,192.1038,187.4655,64.2657,-123.1998
FY2021-22,2022,SHIVALIK SMALL FINANCE BANK LIMITED,130.8605,15.1832,146.0437,75.0343,66.325,55.8262,3.9432,4.6844,0.7412
FY2021-22,2022,SURYODAY SMALL FINANCE BANK LIMITED,941.820957,93.558443,1035.3794,357.365318,413.104482,584.455639,357.9417,264.9096,-93.0321
FY2021-22,2022,UJJIVAN SMALL FINANCE BANK LIMITED,2812.7991,359.8865,3172.6856,1039.207,1496.3806,1773.5921,1051.6884,637.098,-414.5904
FY2021-22,2022,UTKARSH SMALL FINANCE BANK LIMITED,1848.8126,184.8334,2033.646,787.9625,733.7495,1060.8501,450.4724,511.934,61.4616
FY2021-22,2022,AIRTEL PAYMENTS BANK LIMITED,54.1439,887.1979,941.3418,17.7624,912.5967,36.3815,1.9627,10.9827,9.02
FY2021-22,2022,FINO PAYMENTS BANK LIMITED,35.6279,973.226,1008.8539,15.3061,950.807,20.3218,,42.7408,42.7408
FY2021-22,2022,INDIA POST PAYMENTS BANK LIMITED,128.4559,332.7482,461.2041,71.1243,559.545,57.3316,-9.8479,-169.4652,-159.6173
FY2021-22,2022,PAYTM PAYMENTS BANK LIMITED,228.1434,2312.0625,2540.2059,51.8181,2459.223,176.3253,10.8777,29.1648,18.2871
FY2021-22,2022,PAYMENTS BANKS,446.3711,4505.2346,4951.6057,156.0109,4882.1717,290.3602,2.9925,-86.5769,-89.5694
FY2020-21,2021,BANK OF BARODA,70495.0621,12933.9681,83429.0302,41686.0359,20543.656,28809.0262,20370.3801,21199.3383,828.9582
FY2020-21,2021,BANK OF INDIA,40599.4385,6841.8656,47441.3041,26329.6031,10839.1063,14269.8354,8112.296,10272.5947,2160.2987
FY2020-21,2021,BANK OF MAHARASHTRA,11868.5408,2627.6703,14496.2111,6971.0682,3565.0572,4897.4726,3409.8341,3960.0857,550.2516
FY2020-21,2021,CANARA BANK,69280.4622,14924.3107,84204.7729,45177.6237,19338.1842,24102.8385,17131.3881,19688.965,2557.5769
FY2020-21,2021,CENTRAL BANK OF INDIA,22730.2329,3115.6742,25845.9071,14485.1898,6782.233,8245.0431,5466.0689,4578.4843,-887.5846
FY2020-21,2021,INDIAN BANK,39105.7865,5650.1896,44755.9761,23439.839,10349.5528,15665.9475,7961.9066,10966.5843,3004.6777
FY2020-21,2021,INDIAN OVERSEAS BANK,16965.5325,5559.0184,22524.5509,11067.0242,5561.7212,5898.5083,5064.3353,5895.8055,831.4702
FY2020-21,2021,PUNJAB AND SIND BANK,6973.9143,903.614,7877.5283,4711.9993,2393.4965,2261.915,3504.9329,772.0325,-2732.9004
FY2020-21,2021,PUNJAB NATIONAL BANK,80818.4027,11922.3149,92740.7176,50272.7913,20308.7475,30545.6114,20137.5601,22159.1788,2021.6187
FY2020-21,2021,STATE BANK OF INDIA,265150.6338,43496.3747,308647.0085,154440.6333,82652.2235,110710.0005,51143.6823,71554.1517,20410.4694
FY2020-21,2021,UCO BANK,14446.1498,3424.1746,17870.3244,8966.4518,4754.8089,5479.698,3982.0297,4149.0637,167.034
FY2020-21,2021,UNION BANK OF INDIA,68767.3348,11744.4937,80511.8285,44078.9085,16765.9927,24688.4263,16760.9622,19666.9273,2905.9651
FY2020-21,2021,AXIS BANK LIMITED,63346.2321,12263.5985,75609.8306,34107.1103,18375.1491,29239.1218,16539.0706,23127.5712,6588.5006
FY2020-21,2021,BANDHAN BANK LIMITED,12524.211776,2022.253913,14546.465689,4960.856345,2816.884931,7563.355431,4563.267522,6768.724413,2205.456891
FY2020-21,2021,CITY UNION BANK LIMITED,4134.6849,688.7666,4823.4515,2305.0182,1050.5927,1829.6667,875.0178,1467.8406,592.8228
FY2020-21,2021,CSB BANK LIMITED,1872.2945,303.13,2175.4245,930.9064,728.9952,941.3881,297.1227,515.5229,218.4002
FY2020-21,2021,DCB BANK LIMITED,3458.2144,445.8259,3904.0403,2171.5978,846.6272,1286.6166,550.0255,885.8153,335.7898
FY2020-21,2021,DHANLAXMI BANK LIMITED,930.7467,122.2216,1052.9683,601.0965,366.039,329.6502,48.6447,85.8328,37.1881
FY2020-21,2021,FEDERAL BANK LTD,13757.9023,1958.7064,15716.6087,8224.1953,3691.7229,5533.707,2210.3932,3800.6905,1590.2973
FY2020-21,2021,HDFC BANK LTD.,120858.2265,25204.8927,146063.1192,55978.656,32722.6301,64879.5705,26245.3079,57361.8331,31116.5252
FY2020-21,2021,ICICI BANK LIMITED,79118.271,18968.5274,98086.7984,40128.8374,21560.834,38989.4336,20204.4429,36397.127,16192.6841
FY2020-21,2021,IDBI BANK LIMITED,19938.204659,4558.600574,24496.805233,11414.206531,6047.501673,8523.998128,5675.632887,7035.097029,1359.464142
FY2020-21,2021,IDFC FIRST BANK LIMITED,15967.859475,2211.328745,18179.18822,8587.596792,7093.283255,7380.262683,2046.027908,2498.308173,452.280265
FY2020-21,2021,INDUSIND BANK LTD,28999.7967,6558.612,35558.4087,15471.9034,8359.8318,13527.8933,8890.2815,11726.6735,2836.392
FY2020-21,2021,JAMMU & KASHMIR BANK LTD,8111.0875,692.0799,8803.1674,4340.3084,2878.5405,3770.7791,1152.1945,1584.3185,432.124
FY2020-21,2021,KARNATAKA BANK LTD,6232.4147,1404.2016,7636.6163,4049.2268,1679.1091,2183.1879,1425.711,1908.2804,482.5694
FY2020-21,2021,KARUR VYSYA BANK LTD,5470.427,918.8302,6389.2572,3110.9126,1986.8312,2359.5144,932.1241,1291.5134,359.3893
FY2020-21,2021,KOTAK MAHINDRA BANK LTD.,26840.26768,5459.189189,32299.456869,11500.620741,8584.138,15339.646939,5249.861538,12214.698128,6964.83659
FY2020-21,2021,NAINITAL BANK LTD,593.1299,45.9919,639.1218,362.1528,161.8007,230.9771,113.9067,115.1683,1.2616
FY2020-21,2021,RBL BANK LTD,8329.0169,1884.0431,10213.06,4541.4535,2754.5857,3787.5634,2409.2369,2917.0208,507.7839
FY2020-21,2021,SOUTH INDIAN BANK LTD,7305.4447,1229.1687,8534.6134,4898.537,1974.4732,2406.9077,1599.6926,1661.6032,61.9106
FY2020-21,2021,TAMILNAD MERCANTILE BANK LTD,3609.0535,644.3482,4253.4017,2071.5248,979.6531,1537.5287,598.8945,1202.2238,603.3293
FY2020-21,2021,YES BANK LTD.,20041.8353,3011.6944,23053.5297,12613.2337,5792.0152,7428.6016,8110.5072,4648.2808,-3462.2264
FY2020-21,2021,AB BANK LIMITED,5.047394,23.257987,28.305381,0.978478,15.091937,4.068916,4.522498,12.234966,7.712468
FY2020-21,2021,ABU DHABI COMMERCIAL BANK PJSC,6.6193,0.1957,6.815,,2.9009,6.6193,0.8576,3.9141,3.0565
FY2020-21,2021,AMERICAN EXPRESS BANKING CORP.,601.6293,722.774,1324.4033,103.2258,1257.6263,498.4035,260.2461,-36.4488,-296.6949
FY2020-21,2021,AUSTRALIA AND NEW ZEALAND BANKING GROUP LIMITED,379.7287,75.284,455.0127,119.2286,135.6812,260.5001,74.4464,200.1029,125.6565
FY2020-21,2021,"BANK OF AMERICA , NATIONAL ASSOCIATION",2621.6265,1047.3042,3668.9307,649.8802,842.6353,1971.7463,949.5832,2176.4152,1226.832
FY2020-21,2021,BANK OF BAHRAIN & KUWAIT B.S.C.,163.3742,16.988,180.3622,121.4525,38.8141,41.9217,6.1265,20.0956,13.9691
FY2020-21,2021,BANK OF CEYLON,38.6909,7.4706,46.1615,12.5626,8.4914,26.1283,14.8915,25.1075,10.216
FY2020-21,2021,BANK OF CHINA LIMITED,16.8171,1.4237,18.2408,2.2546,38.5762,14.5625,0.5627,-22.59,-23.1527
FY2020-21,2021,BANK OF NOVA SCOTIA,233.928,8.942923,242.870923,108.0812,104.6627,125.8468,12.3237,30.127023,17.803323
FY2020-21,2021,BARCLAYS BANK PLC,1222.7493,467.5121,1690.2614,332.8925,527.8912,889.8568,571.003,829.4777,258.4747
FY2020-21,2021,BNP PARIBAS,1970.9375,519.3512,2490.2887,669.8666,633.1642,1301.0709,628.6474,1187.2579,558.6105
FY2020-21,2021,CITIBANK N.A,12195.229246,3333.228084,15528.45733,3310.201981,4261.833741,8885.027265,3863.565832,7956.421608,4092.855776
FY2020-21,2021,COOPERATIEVE RABOBANK U.A.,284.6609,15.7877,300.4486,138.2083,113.6356,146.4526,46.37895,48.6047,2.22575
FY2020-21,2021,CREDIT AGRICOLE CORPORATE AND INVESTMENT BANK,568.4507,23.277801,591.728501,228.393721,174.142123,340.056979,-31.901799,189.192657,221.094456
FY2020-21,2021,CREDIT SUISSE AG,765.0931,133.0191,898.1122,254.1252,77.6578,510.9679,236.0048,566.3292,330.3244
FY2020-21,2021,"CTBC BANK CO., LTD.",107.2715,20.8378,128.1093,50.746,47.9971,56.5255,18.3834,29.3662,10.9828
FY2020-21,2021,DBS BANK INDIA LIMITED,3373.3312,1021.2969,4394.6281,1795.8506,1719.0654,1577.4806,567.9219,879.7121,311.7902
FY2020-21,2021,DEUTSCHE BANK AG,6432.1541,1115.3705,7547.5246,2214.0827,2306.087,4218.0714,1500.6818,3027.3549,1526.6731
FY2020-21,2021,DOHA BANK Q.P.S.C.,82.0897,16.1144,98.2041,59.9994,43.1567,22.0903,3.0604,-4.952,-8.0124
FY2020-21,2021,EMIRATES NBD BANK (P.J.S.C.),153.4343,32.5197,185.954,52.5306,70.547,100.9037,29.5795,62.8764,33.2969
FY2020-21,2021,FIRST ABU DHABI BANK PJSC,442.6097,68.6746,511.2843,120.0259,85.0276,322.5838,139.2342,306.2308,166.9966
FY2020-21,2021,FIRSTRAND BANK LTD,72.7109,36.0098,108.7207,30.1728,72.1094,42.5381,4.2806,6.4385,2.1579
FY2020-21,2021,HONGKONG AND SHANGHAI BANKING CORPN.LTD.,12185.5943,2261.0833,14446.6776,3825.3619,3951.9655,8360.2324,3037.4395,6669.3502,3631.9107
FY2020-21,2021,INDUSTRIAL AND COMMERCIAL BANK OF CHINA,229.446,40.6955,270.1415,95.9028,47.3609,133.5432,71.3661,126.8778,55.5117
FY2020-21,2021,INDUSTRIAL BANK OF KOREA,36.1765,9.2339,45.4104,3.5189,13.2945,32.6576,13.8578,28.597,14.7392
FY2020-21,2021,JPMORGAN CHASE BANK NATIONAL ASSOCIATION,3161.2723,1705.1531,4866.4254,604.8225,617.4786,2556.4498,1599.0927,3644.1243,2045.0316
FY2020-21,2021,JSC VTB BANK,8.409069,53.485582,61.894651,,8.186006,8.409069,15.131019,53.708645,38.577626
FY2020-21,2021,KEB HANA BANK,103.5683,18.1024,121.6707,34.745,33.7482,68.8233,21.6116,53.1775,31.5659
FY2020-21,2021,KOOKMIN BANK,59.6528,2.0497,61.7025,24.3215,23.1884,35.3313,10.9533,14.1926,3.2393
FY2020-21,2021,KRUNG THAI BANK PUBLIC COMPANY LIMITED,19.5789,0.4669,20.0458,9.3725,7.4023,10.2064,1.3643,3.271,1.9067
FY2020-21,2021,MASHREQ BANK PSC,43.155,14.6554,57.8104,7.3608,27.2791,35.7942,8.9605,23.1705,14.21
FY2020-21,2021,MIZUHO BANK LTD,973.7163,203.6009,1177.3172,405.9033,309.2138,567.813,214.4395,462.2001,247.7606
FY2020-21,2021,"MUFG BANK, LTD.",1363.439,397.5152,1760.9542,648.8925,379.2526,714.5465,289.6875,732.8091,443.1216
FY2020-21,2021,PT BANK MAYBANK INDONESIA TBK,9.762068,4.632384,14.394452,0.243452,17.617128,9.518616,-0.152314,-3.466128,-3.313814
FY2020-21,2021,QATAR NATIONAL BANK (Q.P.S.C),47.0224,12.0166,59.039,29.1427,30.473,17.8797,6.8969,-0.5767,-7.4736
FY2020-21,2021,SBERBANK,12.997349,191.615796,204.613145,0.780653,34.171489,12.216696,75.061859,169.661003,94.599144
FY2020-21,2021,SBM BANK (INDIA) LIMITED,233.1909,73.5999,306.7908,155.0196,126.7836,78.1713,6.3432,24.9876,18.6444
FY2020-21,2021,SHINHAN BANK,630.8735,79.3494,710.2229,342.2823,135.3709,288.5912,94.9358,232.5697,137.6339
FY2020-21,2021,SOCIETE GENERALE,301.6881,97.3449,399.033,92.6736,125.2958,209.0145,82.6595,181.0636,98.4041
FY2020-21,2021,SONALI BANK,4.2713,9.2823,13.5536,2.088,6.4346,2.1833,2.3707,5.031,2.6603
FY2020-21,2021,STANDARD CHARTERED BANK,10764.726634,2564.643265,13329.369899,4136.7916,3486.527986,6627.935034,2646.572802,5706.050313,3059.477511
FY2020-21,2021,SUMITOMO MITSUI BANKING CORPORATION,1298.171859,164.429333,1462.601192,606.516984,205.569491,691.654875,298.137509,650.514717,352.377208
FY2020-21,2021,THE ROYAL BANK OF SCOTLAND N.V.,168.8646,1.3586,170.2232,10.5402,87.1237,158.3244,46.0015,72.5593,26.5578
FY2020-21,2021,UNITED OVERSEAS BANK LTD,72.7756,21.8719,94.6475,33.6955,26.4561,39.0801,16.0079,34.4959,18.488
FY2020-21,2021,WOORI BANK,221.329505,35.806812,257.136317,115.271685,56.527132,106.05782,38.4984,85.3375,46.8391
FY2020-21,2021,AU SMALL FINANCE BANK LIMITED,4950.051549,1420.932649,6370.984198,2584.609747,1658.425222,2365.441802,957.264583,2127.949229,1170.684646
FY2020-21,2021,CAPITAL SMALL FINANCE BANK LIMITED,511.4388,45.8333,557.2721,312.8278,172.9589,198.611,30.7011,71.4854,40.7843
FY2020-21,2021,EQUITAS SMALL FINANCE BANK LIMITED,3194.4132,418.0547,3612.4679,1396.4529,1329.4286,1797.9603,502.3632,886.5864,384.2232
FY2020-21,2021,ESAF SMALL FINANCE BANK LIMITED,1641.1729,127.2479,1768.4208,719.5821,631.8552,921.5908,311.5882,416.9835,105.3953
FY2020-21,2021,FINCARE SMALL FINANCE BANK LIMITED,1251.03181,125.68394,1376.71575,550.042282,463.280836,700.989528,250.245926,363.392632,113.146706
FY2020-21,2021,JANA SMALL FINANCE BANK LIMITED,2497.708,235.0801,2732.7881,1234.5784,1047.3113,1263.1296,366.5922,450.8984,84.3062
FY2020-21,2021,NORTH EAST SMALL FINANCE BANK LIMITED,314.4135,17.9631,332.3766,139.1212,141.9899,175.2923,44.083,51.2655,7.1825
FY2020-21,2021,SURYODAY SMALL FINANCE BANK LIMITED,776.1494,76.3975,852.5469,365.6538,328.6406,410.4956,146.3971,158.2525,11.8554
FY2020-21,2021,UJJIVAN SMALL FINANCE BANK LIMITED,2806.065569,302.309104,3108.374673,1077.514001,1230.077005,1728.551568,792.486789,800.783667,8.296878
FY2020-21,2021,UTKARSH SMALL FINANCE BANK LIMITED,1580.9873,124.849,1705.8363,741.7407,545.0572,839.2466,307.2233,419.0384,111.8151
FY2020-21,2021,FINO PAYMENTS BANK LIMITED,20.2549,770.7721,791.027,9.5416,756.9891,10.7133,4.022,24.4963,20.4743
FY2020-21,2021,INDIA POST PAYMENTS BANK LIMITED,80.443,132.6009,213.0439,45.9081,494.0231,34.5349,-6.3434,-326.8873,-320.5439
FY2020-21,2021,PAYMENTS BANKS,100.6979,903.373,1004.0709,55.4497,1251.0122,45.2482,-2.3214,-302.391,-300.0696
FY2019-20,2020,ALLAHABAD BANK,16925.0161,2456.6878,19381.7039,11474.6162,4818.5832,5450.3999,8484.5906,3088.5045,-5396.0861
FY2019-20,2020,ANDHRA BANK,19784.1791,2742.942,22527.1211,12795.4885,4639.0376,6988.6906,6416.7271,5092.595,-1324.1321
FY2019-20,2020,BANK OF BARODA,75983.655,10317.3238,86300.9788,48532.3695,18872.3909,27451.2855,18350.0309,18896.2184,546.1875
FY2019-20,2020,BANK OF INDIA,42353.2668,6713.074115,49066.340915,27096.2884,10451.4011,15256.9784,14475.537615,11518.651415,-2956.8862
FY2019-20,2020,BANK OF MAHARASHTRA,11495.4471,1649.2267,13144.6738,7216.6498,3080.9607,4278.7973,2458.4823,2847.0633,388.581
FY2019-20,2020,CANARA BANK,48934.9902,7813.1546,56748.1448,35811.0834,11577.2346,13123.9068,11595.5424,9359.8268,-2235.7156
FY2019-20,2020,CENTRAL BANK OF INDIA,23562.4655,3636.8216,27199.2871,15933.6197,6921.5209,7628.8458,5465.4988,4344.1465,-1121.3523
FY2019-20,2020,CORPORATION BANK,16170.5794,3749.1996,19919.779,10942.0953,5175.1916,5228.4841,6194.0861,3802.4921,-2391.594
FY2019-20,2020,INDIAN BANK,21404.9692,3312.4643,24717.4335,13798.5531,4420.8392,7606.4161,5744.683,6498.0412,753.3582
FY2019-20,2020,INDIAN OVERSEAS BANK,17406.112415,3359.678894,20765.791309,12103.276369,5128.834196,5302.836046,12061.084219,3533.680744,-8527.403475
FY2019-20,2020,ORIENTAL BANK OF COMMERCE,19193.0726,3204.9328,22398.0054,13577.3504,5836.015,5615.7222,5236.4528,2984.64,-2251.8128
FY2019-20,2020,PUNJAB AND SIND BANK,7929.5261,897.3975,8826.9236,5871.9813,1858.0275,2057.5448,2087.7131,1096.9148,-990.7983
FY2019-20,2020,PUNJAB NATIONAL BANK,53800.0337,9274.1277,63074.1614,36362.2425,11973.3704,17437.7912,14402.3541,14738.5485,336.1944
FY2019-20,2020,STATE BANK OF INDIA,257323.5922,45221.478,302545.0702,159238.7657,75173.6902,98084.8265,53644.5037,68132.6143,14488.1106
FY2019-20,2020,SYNDICATE BANK,21915.2114,3047.1157,24962.3271,14744.5822,6744.7803,7170.6292,7074.7064,3472.9646,-3601.7418
FY2019-20,2020,UCO BANK,15134.3332,2871.213,18005.5462,10042.0601,3127.8875,5092.2731,7272.4275,4835.5986,-2436.8289
FY2019-20,2020,UNION BANK OF INDIA,37231.1238,5260.7868,42491.9106,25794.3716,7516.4147,11436.7522,12078.9008,9181.1243,-2897.7765
FY2019-20,2020,UNITED BANK OF INDIA,9655.5447,2589.0414,12244.5861,6669.8776,5403.995,2985.6671,6566.0211,170.7135,-6395.3076
FY2019-20,2020,AXIS BANK LIMITED,62635.1574,15536.5607,78171.7181,37428.9538,17304.6243,25206.2036,21810.9246,23438.14,1627.2154
FY2019-20,2020,BANDHAN BANK LIMITED,10885.493336,1549.197444,12434.69078,4561.579032,2426.542173,6323.914304,2422.832022,5446.569575,3023.737553
FY2019-20,2020,CITY UNION BANK LIMITED,4168.6028,679.9462,4848.549,2493.4119,1013.7397,1675.1909,865.0819,1341.3974,476.3155
FY2019-20,2020,CSB BANK LIMITED,1509.8865,221.6099,1731.4964,917.6003,533.3202,592.2862,267.8512,280.5759,12.7247
FY2019-20,2020,DCB BANK LIMITED,3536.6329,391.092,3927.7249,2271.7186,902.9445,1264.9143,415.1257,753.0618,337.9361
FY2019-20,2020,DHANLAXMI BANK LIMITED,987.5897,112.8499,1100.4396,614.4088,324.0594,373.1809,96.1929,161.9714,65.7785
FY2019-20,2020,FEDERAL BANK LTD,13210.753352,1931.407542,15142.160894,8561.849392,3375.613222,4648.90396,1661.917161,3204.69828,1542.781119
FY2019-20,2020,HDFC BANK LTD.,114812.6509,23260.8187,138073.4696,58626.3979,30697.5289,56186.253,22492.2278,48749.5428,26257.315
FY2019-20,2020,ICICI BANK LIMITED,74798.3166,16448.622,91246.9386,41531.2517,21614.4109,33267.0649,20170.4636,28101.276,7930.8124
FY2019-20,2020,IDBI BANK LIMITED,20825.113818,4470.363814,25295.477632,13847.30414,6336.16018,6977.809678,17999.344423,5112.013312,-12887.331111
FY2019-20,2020,IDFC FIRST BANK LIMITED,16307.56452,1722.157666,18029.722186,10231.998921,5860.987348,6075.565599,4800.946314,1936.735917,-2864.210397
FY2019-20,2020,INDUSIND BANK LTD,28782.8299,6951.3095,35734.1394,16724.0856,8237.345,12058.7443,6354.796,10772.7088,4417.9128
FY2019-20,2020,JAMMU & KASHMIR BANK LTD,8446.2889,545.9207,8992.2096,4739.6213,2727.5437,3706.6676,2664.4568,1525.0446,-1139.4122
FY2019-20,2020,KARNATAKA BANK LTD,6474.7699,1261.6254,7736.3953,4444.4124,1635.2176,2030.3575,1224.9888,1656.7653,431.7765
FY2019-20,2020,KARUR VYSYA BANK LTD,5989.985754,1154.618178,7144.603932,3642.044323,1741.710994,2347.941431,1525.823885,1760.848615,235.02473
FY2019-20,2020,KOTAK MAHINDRA BANK LTD.,26929.6142,5372.107683,32301.721883,13429.9488,8850.935998,13499.6654,4073.655256,10020.837085,5947.181829
FY2019-20,2020,LAKSHMI VILAS BANK LTD,2206.6855,351.3447,2558.0302,1778.9629,794.5235,427.7226,820.5884,-15.4562,-836.0446
FY2019-20,2020,NAINITAL BANK LTD,687.0203,40.673377,727.693677,453.03,162.4323,233.9903,180.2977,112.231377,-68.066323
FY2019-20,2020,RBL BANK LTD,8514.3771,1910.2496,10424.6267,4884.738,2825.562,3629.6391,2208.653,2714.3267,505.6737
FY2019-20,2020,SOUTH INDIAN BANK LTD,7763.7981,1045.7503,8809.5484,5446.2991,1717.6138,2317.499,1541.0459,1645.6355,104.5896
FY2019-20,2020,TAMILNAD MERCANTILE BANK LTD,3466.1117,526.4169,3992.5286,2146.5923,850.9115,1319.5194,587.3318,995.0248,407.693
FY2019-20,2020,YES BANK LTD.,26066.6039,11856.4938,37923.0977,19261.3725,6729.2114,6805.2314,28350.5448,11932.5138,-16418.031
FY2019-20,2020,AB BANK LIMITED,7.1076,26.0088,33.1164,1.3698,25.8519,5.7378,2.6549,5.8947,3.2398
FY2019-20,2020,ABU DHABI COMMERCIAL BANK PJSC,95.2232,-5.7819,89.4413,62.6927,83.0747,32.5305,35.2356,-56.3261,-91.5617
FY2019-20,2020,AMERICAN EXPRESS BANKING CORP.,687.2936,1463.6807,2150.9743,150.1487,1791.7836,537.1449,203.4118,209.042,5.6302
FY2019-20,2020,AUSTRALIA AND NEW ZEALAND BANKING GROUP LIMITED,415.4478,100.816,516.2638,211.8926,138.6618,203.5552,81.0031,165.7094,84.7063
FY2019-20,2020,"BANK OF AMERICA , NATIONAL ASSOCIATION",3646.2888,1071.2461,4717.5349,1657.6407,794.7549,1988.6481,1065.2813,2265.1393,1199.858
FY2019-20,2020,BANK OF BAHRAIN & KUWAIT B.S.C.,193.675853,19.462332,213.138185,135.476447,45.018459,58.199406,38.247042,32.643279,-5.603763
FY2019-20,2020,BANK OF CEYLON,42.0965,6.7172,48.8137,12.2266,7.8362,29.8699,9.8646,28.7509,18.8863
FY2019-20,2020,BANK OF CHINA LIMITED,17.1378,-0.2767,16.8611,0.1748,33.778,16.963,-0.4225,-17.0917,-16.6692
FY2019-20,2020,BANK OF NOVA SCOTIA,303.4759,38.267,341.7429,177.2991,107.9631,126.1768,10.3619,56.4807,46.1188
FY2019-20,2020,BARCLAYS BANK PLC,1654.7854,326.9787,1981.7641,735.1045,512.1388,919.6809,451.5566,734.5208,282.9642
FY2019-20,2020,BNP PARIBAS,2394.1993,41.1812,2435.3805,1301.0257,729.0324,1093.1736,217.5736,405.3224,187.7488
FY2019-20,2020,CITIBANK N.A,12949.143639,4752.813235,17701.956874,4385.507026,4218.192921,8563.636613,4179.894529,9098.256927,4918.362398
FY2019-20,2020,COOPERATIEVE RABOBANK U.A.,407.3002,10.5731,417.8733,253.4704,135.238,153.8298,80.0325,29.1649,-50.8676
FY2019-20,2020,CREDIT AGRICOLE CORPORATE AND INVESTMENT BANK,569.682341,46.4021,616.084441,305.782165,159.563822,263.900176,51.48991,150.738454,99.248544
FY2019-20,2020,CREDIT SUISSE AG,459.3006,-69.6557,389.6449,174.3403,59.0466,284.9603,270.1675,156.258,-113.9095
FY2019-20,2020,"CTBC BANK CO., LTD.",107.4227,12.1273,119.55,50.6405,49.0431,56.7822,12.525,19.8664,7.3414
FY2019-20,2020,DBS BANK INDIA LIMITED,3246.3978,274.3318,3520.7296,2076.8696,1242.3843,1169.5282,90.4701,201.4757,111.0056
FY2019-20,2020,DEUTSCHE BANK AG,6654.1712,731.8779,7386.0491,2876.0907,1995.9024,3778.0805,1483.114,2514.056,1030.942
FY2019-20,2020,DOHA BANK Q.P.S.C.,96.0643,19.5649,115.6292,67.1033,44.0856,28.961,-0.4521,4.4403,4.8924
FY2019-20,2020,EMIRATES NBD BANK (P.J.S.C.),144.5508,17.9449,162.4957,60.8196,69.3845,83.7312,13.4354,32.2916,18.8562
FY2019-20,2020,FIRST ABU DHABI BANK PJSC,309.6712,66.2233,375.8945,99.7287,78.0392,209.9425,94.4853,198.1266,103.6413
FY2019-20,2020,FIRSTRAND BANK LTD,121.8102,39.081,160.8912,78.5469,56.1991,43.2633,20.77,26.1452,5.3752
FY2019-20,2020,HONGKONG AND SHANGHAI BANKING CORPN.LTD.,11639.6308,2162.6155,13802.2463,4609.3088,3525.3238,7030.322,2889.9894,5667.6137,2777.6243
FY2019-20,2020,INDUSTRIAL AND COMMERCIAL BANK OF CHINA,234.8633,36.1807,271.044,145.4199,53.2653,89.4434,40.6143,72.3588,31.7445
FY2019-20,2020,INDUSTRIAL BANK OF KOREA,39.7919,10.9812,50.7731,2.3273,13.2934,37.4646,14.4757,35.1524,20.6767
FY2019-20,2020,JPMORGAN CHASE BANK NATIONAL ASSOCIATION,2658.8885,937.42,3596.3085,697.4236,485.8089,1961.4649,1127.8942,2413.076,1285.1818
FY2019-20,2020,JSC VTB BANK,2.610318,8.560073,11.170391,,7.497004,2.610318,-7.661094,3.673387,11.334481
FY2019-20,2020,KEB HANA BANK,104.1252,17.7337,121.8589,53.7238,29.1293,50.4014,33.9268,39.0058,5.079
FY2019-20,2020,KOOKMIN BANK,26.3557,0.2436,26.5993,3.9354,20.4985,22.4203,1.9749,2.1654,0.1905
FY2019-20,2020,KRUNG THAI BANK PUBLIC COMPANY LIMITED,29.6586,1.0997,30.7583,14.7366,6.4312,14.922,4.1914,9.5905,5.3991
FY2019-20,2020,MASHREQ BANK PSC,54.6159,23.5705,78.1864,14.9574,26.2803,39.6585,11.9339,36.9487,25.0148
FY2019-20,2020,MIZUHO BANK LTD,1197.4133,322.0453,1519.4586,600.1481,262.8284,597.2652,254.1596,656.4821,402.3225
FY2019-20,2020,"MUFG BANK, LTD.",1716.6291,389.8956,2106.5247,1035.3938,327.8711,681.2353,298.2995,743.2598,444.9603
FY2019-20,2020,PT BANK MAYBANK INDONESIA TBK,13.48087,6.052244,19.533114,1.121469,17.860961,12.359401,-0.072661,0.550684,0.623345
FY2019-20,2020,QATAR NATIONAL BANK (Q.P.S.C),44.5395,4.6438,49.1833,19.8651,26.6089,24.6744,3.5984,2.7093,-0.8891
FY2019-20,2020,SBERBANK,7.398323,163.803871,171.202194,0.377377,30.37707,7.020946,60.874984,140.447747,79.572763
FY2019-20,2020,SBM BANK (INDIA) LIMITED,126.7044,68.331,195.0354,78.5184,87.8257,48.186,26.7877,28.6913,1.9036
FY2019-20,2020,SHINHAN BANK,669.7648,70.5692,740.334,434.2242,126.7981,235.5406,127.2614,179.3117,52.0503
FY2019-20,2020,SOCIETE GENERALE,315.6015,79.529,395.1305,140.2012,143.1389,175.4003,69.2657,111.7904,42.5247
FY2019-20,2020,SONALI BANK,3.386,8.9835,12.3695,2.2537,7.7312,1.1323,1.0591,2.3846,1.3255
FY2019-20,2020,STANDARD CHARTERED BANK,11405.632194,3056.119411,14461.751605,5040.983412,3503.758331,6364.648782,3082.332423,5917.009862,2834.677439
FY2019-20,2020,SUMITOMO MITSUI BANKING CORPORATION,1246.948814,145.389918,1392.338732,768.220512,171.561792,478.728302,210.896438,452.556428,241.65999
FY2019-20,2020,THE ROYAL BANK OF SCOTLAND N.V.,194.1851,1.156,195.3411,73.3959,162.4567,120.7892,-7.0736,-40.5115,-33.4379
FY2019-20,2020,UNITED OVERSEAS BANK LTD,82.7957,18.0634,100.8591,31.6808,81.1954,51.1149,-49.2606,-12.0171,37.2435
FY2019-20,2020,WESTPAC BANKING CORPORATION,66.3229,-3.6019,62.721,4.8816,36.8208,61.4413,4.3718,21.0186,16.6468
FY2019-20,2020,WOORI BANK,269.473,31.044,300.517,162.8035,53.061,106.6695,37.9198,84.6525,46.7327
FY2019-20,2020,AU SMALL FINANCE BANK LIMITED,4285.884292,706.091972,4991.976264,2376.944011,1417.85853,1908.940281,522.389268,1197.173723,674.784455
FY2019-20,2020,CAPITAL SMALL FINANCE BANK LIMITED,458.1348,42.955,501.0898,285.512,163.3331,172.6228,26.8626,52.2447,25.3821
FY2019-20,2020,EQUITAS SMALL FINANCE BANK LIMITED,2645.4439,282.3516,2927.7955,1150.1381,1180.0786,1495.3058,353.9434,597.5788,243.6354
FY2019-20,2020,ESAF SMALL FINANCE BANK LIMITED,1413.2453,133.1896,1546.4349,621.0572,600.6765,792.1881,134.3114,324.7012,190.3898
FY2019-20,2020,FINCARE SMALL FINANCE BANK LIMITED,1070.263667,145.462096,1215.725763,451.498223,426.130529,618.765444,194.632677,338.097011,143.464334
FY2019-20,2020,JANA SMALL FINANCE BANK LIMITED,1991.519177,433.246475,2424.765652,980.157939,1164.076422,1011.361238,250.396057,280.531291,30.135234
FY2019-20,2020,NORTH EAST SMALL FINANCE BANK LIMITED,305.437798,19.664639,325.102437,136.72955,132.619818,168.708248,43.16396,55.753069,12.589109
FY2019-20,2020,SURYODAY SMALL FINANCE BANK LIMITED,766.684,87.4537,854.1377,276.1823,272.1208,490.5017,194.8985,305.8346,110.9361
FY2019-20,2020,UJJIVAN SMALL FINANCE BANK LIMITED,2703.59868,322.214934,3025.813614,1070.00679,1318.575504,1633.59189,287.312704,637.23132,349.918616
FY2019-20,2020,UTKARSH SMALL FINANCE BANK LIMITED,1307.6867,98.5553,1406.242,579.4626,476.4841,728.2241,163.5526,350.2953,186.7427
FY2019-20,2020,INDIA POST PAYMENTS BANK LIMITED,45.756794,9.00556,54.762354,13.599335,487.526459,32.157459,-112.350036,-446.36344,-334.013404
FY2019-20,2020,PAYMENTS BANKS,45.756794,9.00556,54.762354,13.599335,487.526459,32.157459,-112.350036,-446.36344,-334.013404
FY2018-19,2019,ALLAHABAD BANK,16864.2937,1700.2043,18564.498,11353.4834,4444.001,5510.8103,11100.9748,2767.0136,-8333.9612
FY2018-19,2019,ANDHRA BANK,18932.2205,2045.0403,20977.2608,12223.9915,3730.1489,6708.229,7809.2476,5023.1204,-2786.1272
FY2018-19,2019,BANK OF BARODA,49770.606,6294.4948,56065.1008,31290.3004,11287.9781,18480.3056,13053.2998,13486.8223,433.5225
FY2018-19,2019,BANK OF INDIA,40767.8113,4658.8883,45426.6996,27110.141,10224.3485,13657.6703,13639.1105,8092.2101,-5546.9004
FY2018-19,2019,BANK OF MAHARASHTRA,10849.6026,1547.4543,12397.0569,7116.1161,3083.3288,3733.4865,6981.4884,2197.612,-4783.8764
FY2018-19,2019,CANARA BANK,46810.3418,6574.9565,53385.2983,32332.2201,10462.2075,14478.1217,10243.8556,10590.8707,347.0151
FY2018-19,2019,CENTRAL BANK OF INDIA,22638.5707,2412.9368,25051.5075,15866.3898,6058.625,6772.1809,8767.9726,3126.4927,-5641.4799
FY2018-19,2019,CORPORATION BANK,15622.6303,1872.0687,17494.699,10114.166,3486.068,5508.4643,10227.4479,3894.465,-6332.9829
FY2018-19,2019,DENA BANK,8239.5461,972.2272,9211.7733,5767.3156,3246.7401,2472.2305,6536.4,197.7176,-6338.6824
FY2018-19,2019,INDIAN BANK,19184.8128,1882.8896,21067.7024,12166.7197,4020.3666,7018.0931,4558.664,4880.6161,321.9521
FY2018-19,2019,INDIAN OVERSEAS BANK,17631.2612,4206.3209,21837.5821,12352.1278,4451.5816,5279.1334,8771.7537,5033.8727,-3737.881
FY2018-19,2019,ORIENTAL BANK OF COMMERCE,17867.6879,2669.0842,20536.7721,12369.5705,4614.4355,5498.1174,3497.7723,3552.7661,54.9938
FY2018-19,2019,PUNJAB AND SIND BANK,8558.6703,828.2784,9386.9487,6278.969,1711.122,2279.7013,1940.3356,1396.8577,-543.4779
FY2018-19,2019,PUNJAB NATIONAL BANK,51310.2483,7377.4123,58687.6606,34153.937,11538.4806,17156.3113,22970.729,12995.243,-9975.486
FY2018-19,2019,STATE BANK OF INDIA,242868.6535,36774.8878,279643.5413,154519.778,69687.7374,88348.8755,54573.7961,55436.0259,862.2298
FY2018-19,2019,SYNDICATE BANK,21725.4085,2223.8124,23949.2209,15076.5376,6053.4876,6648.8709,5407.4904,2819.1957,-2588.2947
FY2018-19,2019,UCO BANK,14330.6323,1513.5146,15844.1469,10019.4785,3064.4243,4311.1538,7081.327,2760.2441,-4321.0829
FY2018-19,2019,UNION BANK OF INDIA,34066.6589,4473.9467,38540.6056,23851.7482,7167.6254,10214.9107,10468.6803,7521.232,-2947.4483
FY2018-19,2019,UNITED BANK OF INDIA,8559.8764,2384.584,10944.4604,6585.271,2947.6008,1974.6054,3727.5139,1411.5886,-2315.9253
FY2018-19,2019,VIJAYA BANK,14975.9346,1342.2364,16318.171,10065.3251,3834.0115,4910.6095,4852.9478,2418.8344,-2434.1134
FY2018-19,2019,AXIS BANK LIMITED,54985.7707,13130.3394,68116.1101,33277.597,15833.4077,21708.1737,14328.4971,19005.1054,4676.6083
FY2018-19,2019,BANDHAN BANK LIMITED,6643.3694,1063.0478,7706.4172,2147.9528,1810.279,4495.4166,1796.6835,3748.1854,1951.5019
FY2018-19,2019,CITY UNION BANK LIMITED,3767.1666,514.3887,4281.5553,2155.6774,885.8862,1611.4892,557.1403,1239.9917,682.8514
FY2018-19,2019,CSB BANK LIMITED,1347.5154,135.9177,1483.4331,907.5609,562.5137,439.9545,210.7777,13.3585,-197.4192
FY2018-19,2019,DCB BANK LIMITED,3041.488,350.1589,3391.6469,1892.1955,852.8513,1149.2925,321.234,646.6001,325.3661
FY2018-19,2019,DHANLAXMI BANK LIMITED,971.4885,52.733,1024.2215,624.7152,304.5805,346.7733,83.2568,94.9258,11.669
FY2018-19,2019,FEDERAL BANK LTD,11419.0245,1351.024,12770.0485,7242.6796,2764.2669,4176.3449,1519.2137,2763.102,1243.8883
FY2018-19,2019,HDFC BANK LTD.,98972.0505,17625.8849,116597.9354,50728.8285,26119.37,48243.222,18671.5716,39749.7369,21078.1653
FY2018-19,2019,ICICI BANK LIMITED,63401.1926,14512.1636,77913.3562,36386.3951,18089.062,27014.7975,20074.5975,23437.8991,3363.3016
FY2018-19,2019,IDBI BANK LIMITED,22071.2369,3300.2972,25371.5341,16165.622,5153.7875,5905.6149,19168.4186,4052.1246,-15116.294
FY2018-19,2019,IDFC FIRST BANK LIMITED,11948.1724,852.0839,12800.2563,8749.0834,5886.7333,3199.089,108.618,-1835.5604,-1944.1784
FY2018-19,2019,INDUSIND BANK LTD,22261.1505,5646.7189,27907.8694,13414.9668,6404.6836,8846.1837,4787.1211,8088.219,3301.0979
FY2018-19,2019,JAMMU & KASHMIR BANK LTD,7675.5605,812.6265,8488.187,4291.6327,2478.658,3383.9278,1253.0155,1717.8963,464.8808
FY2018-19,2019,KARNATAKA BANK LTD,5905.9622,1001.9557,6907.9179,4000.8359,1457.2714,1905.1263,972.5708,1449.8106,477.2398
FY2018-19,2019,KARUR VYSYA BANK LTD,5815.8201,962.7718,6778.5919,3453.0013,1614.8089,2362.8188,1499.9143,1710.7817,210.8674
FY2018-19,2019,KOTAK MAHINDRA BANK LTD.,23890.0533,4657.1813,28547.2346,12684.2487,7514.8008,11205.8046,3482.8534,8348.1851,4865.3317
FY2018-19,2019,LAKSHMI VILAS BANK LTD,2839.8939,250.3179,3090.2118,2279.7513,822.4266,560.1426,882.131,-11.9661,-894.0971
FY2018-19,2019,NAINITAL BANK LTD,653.2058,29.0949,682.3007,425.8822,147.1098,227.3236,82.42,109.3087,26.8887
FY2018-19,2019,RBL BANK LTD,6300.7093,1442.3662,7743.0755,3761.2278,2042.0161,2539.4815,1072.8807,1939.8316,866.9509
FY2018-19,2019,SOUTH INDIAN BANK LTD,6876.5237,726.213,7602.7367,4856.8176,1506.9322,2019.7061,991.4524,1238.9869,247.5345
FY2018-19,2019,TAMILNAD MERCANTILE BANK LTD,3224.4566,414.3411,3638.7977,1994.3044,760.2262,1230.1522,625.6866,884.2671,258.5805
FY2018-19,2019,YES BANK LTD.,29624.7473,4590.1526,34214.8999,19815.716,6264.2768,9809.0313,6414.6283,8134.9071,1720.2788
FY2018-19,2019,AB BANK LIMITED,7.7901,28.0454,35.8355,1.8366,15.3392,5.9535,9.3291,18.6597,9.3306
FY2018-19,2019,ABU DHABI COMMERCIAL BANK PJSC,192.2464,5.7041,197.9505,142.9273,51.2628,49.3191,9.448,3.7604,-5.6876
FY2018-19,2019,AMERICAN EXPRESS BANKING CORP.,518.7308,1421.6713,1940.4021,146.1081,1512.5894,372.6227,253.4761,281.7046,28.2285
FY2018-19,2019,AUSTRALIA AND NEW ZEALAND BANKING GROUP LIMITED,362.1589,94.9718,457.1307,196.1623,136.4377,165.9966,109.3316,124.5307,15.1991
FY2018-19,2019,"BANK OF AMERICA , NATIONAL ASSOCIATION",2320.06,904.6328,3224.6928,931.2256,733.8792,1388.8344,701.8137,1559.588,857.7743
FY2018-19,2019,BANK OF BAHRAIN & KUWAIT B.S.C.,176.5378,9.6432,186.181,110.3645,37.5357,66.1733,28.1322,38.2808,10.1486
FY2018-19,2019,BANK OF CEYLON,41.694463,7.332384,49.026847,12.17616,7.121715,29.518303,14.299604,29.728972,15.429368
FY2018-19,2019,BANK OF NOVA SCOTIA,387.5187,38.3539,425.8726,251.2,101.0957,136.3187,33.3049,73.5769,40.272
FY2018-19,2019,BARCLAYS BANK PLC,1546.7029,233.5008,1780.2037,637.3838,427.7685,909.3191,422.8823,715.0514,292.1691
FY2018-19,2019,BNP PARIBAS,2293.8793,244.2692,2538.1485,1377.1322,503.8304,916.7471,243.1526,657.1859,414.0333
FY2018-19,2019,CITIBANK N.A,11410.01,3827.83,15237.84,3589.01,4249.88,7821.0,3213.65,7398.95,4185.3
FY2018-19,2019,COOPERATIEVE RABOBANK U.A.,383.3783,36.5135,419.8918,241.356,110.7042,142.0223,-35.8153,67.8316,103.6469
FY2018-19,2019,CREDIT AGRICOLE CORPORATE AND INVESTMENT BANK,527.7702,8.1505,535.9207,301.9059,166.045,225.8643,-91.9077,67.9698,159.8775
FY2018-19,2019,CREDIT SUISSE AG,488.7772,-24.8022,463.975,180.6369,67.2774,308.1403,199.9784,216.0607,16.0823
FY2018-19,2019,"CTBC BANK CO., LTD.",79.7262,12.3216,92.0478,32.4341,42.7472,47.2921,10.7305,16.8665,6.136
FY2018-19,2019,DBS BANK INDIA LIMITED,281.5464,89.5674,371.1138,211.5593,148.3225,69.9871,-9.2598,11.232,20.4918
FY2018-19,2019,DEUTSCHE BANK AG,5676.2129,1214.7854,6890.9983,2542.1677,1862.0632,3134.0452,1287.6074,2486.7674,1199.16
FY2018-19,2019,DOHA BANK Q.P.S.C.,80.9203,33.8473,114.7676,55.1169,44.2985,25.8034,0.6692,15.3522,14.683
FY2018-19,2019,EMIRATES NBD BANK (P.J.S.C.),93.4254,7.7297,101.1551,35.8174,58.4155,57.608,0.3005,6.9222,6.6217
FY2018-19,2019,FIRST ABU DHABI BANK PJSC,116.6881,68.9107,185.5988,15.2212,54.058,101.4669,54.3003,116.3196,62.0193
FY2018-19,2019,FIRSTRAND BANK LTD,105.7452,27.2168,132.962,66.6575,58.4783,39.0877,6.4009,7.8262,1.4253
FY2018-19,2019,HONGKONG AND SHANGHAI BANKING CORPN.LTD.,9974.5787,2063.9208,12038.4995,4501.8601,3024.2963,5472.7186,1946.7089,4512.3431,2565.6342
FY2018-19,2019,INDUSTRIAL AND COMMERCIAL BANK OF CHINA,238.4298,27.9818,266.4116,160.8418,48.5982,77.588,20.4048,56.9716,36.5668
FY2018-19,2019,INDUSTRIAL BANK OF KOREA,29.0998,8.4258,37.5256,2.4895,13.5517,26.6103,10.2772,21.4844,11.2072
FY2018-19,2019,JPMORGAN CHASE BANK NATIONAL ASSOCIATION,2370.0925,1130.3139,3500.4064,765.5561,396.6768,1604.5364,1020.6636,2338.1735,1317.5099
FY2018-19,2019,JSC VTB BANK,0.0129,0.0355,0.0484,,10.7645,0.0129,,-10.7161,-10.7161
FY2018-19,2019,KEB HANA BANK,80.6178,16.1786,96.7964,34.4457,18.81,46.1721,42.5647,43.5407,0.976
FY2018-19,2019,KRUNG THAI BANK PUBLIC COMPANY LIMITED,32.7062,0.678,33.3842,14.5778,5.2273,18.1284,6.0445,13.5791,7.5346
FY2018-19,2019,MASHREQ BANK PSC,28.237,35.4586,63.6956,3.28,25.357,24.957,14.2026,35.0586,20.856
FY2018-19,2019,MIZUHO BANK LTD,967.4653,133.9338,1101.3991,436.8826,264.4383,530.5827,203.1201,400.0782,196.9581
FY2018-19,2019,"MUFG BANK, LTD.",1503.7115,388.3487,1892.0602,948.89,284.787,554.8215,273.5373,658.3832,384.8459
FY2018-19,2019,NATIONAL AUSTRALIA BANK,53.6078,0.4333,54.0411,0.6646,32.8131,52.9432,9.8038,20.5634,10.7596
FY2018-19,2019,PT BANK MAYBANK INDONESIA TBK,14.4418,4.0624,18.5042,1.6215,17.5902,12.8203,0.1259,-0.7075,-0.8334
FY2018-19,2019,QATAR NATIONAL BANK (Q.P.S.C),28.7483,0.26,29.0083,5.1264,21.5905,23.6219,2.1761,2.2914,0.1153
FY2018-19,2019,SBERBANK,18.2003,46.9694,65.1697,0.054,23.9718,18.1463,18.44,41.1439,22.7039
FY2018-19,2019,SBM BANK (INDIA) LIMITED,32.4093,3.5792,35.9885,19.1423,59.8807,13.267,3.9456,-43.0345,-46.9801
FY2018-19,2019,SHINHAN BANK,587.7232,65.0143,652.7375,402.9124,107.1955,184.8108,69.611,142.6296,73.0186
FY2018-19,2019,SOCIETE GENERALE,307.1316,106.5046,413.6362,184.5202,127.7397,122.6114,95.8689,101.3763,5.5074
FY2018-19,2019,SONALI BANK,4.1042,10.832,14.9362,1.6896,7.6179,2.4146,2.673,5.6287,2.9557
FY2018-19,2019,STANDARD CHARTERED BANK,10500.0503,1841.4506,12341.5009,4918.859,3492.8586,5581.1913,1761.2328,3929.7833,2168.5505
FY2018-19,2019,SUMITOMO MITSUI BANKING CORPORATION,1047.1598,74.7696,1121.9294,670.2172,145.7746,376.9426,135.3565,305.9376,170.5811
FY2018-19,2019,THE ROYAL BANK OF SCOTLAND N.V.,229.6439,35.0389,264.6828,83.9202,68.4082,145.7237,18.3636,112.3544,93.9908
FY2018-19,2019,UNITED OVERSEAS BANK LTD,94.1607,15.7064,109.8671,32.8463,26.0205,61.3144,65.3714,51.0003,-14.3711
FY2018-19,2019,WESTPAC BANKING CORPORATION,119.5671,15.0743,134.6414,56.8178,37.9555,62.7493,13.8024,39.8681,26.0657
FY2018-19,2019,WOORI BANK,215.4638,16.8778,232.3416,150.601,46.0541,64.8628,23.6843,35.6865,12.0022
FY2018-19,2019,AU SMALL FINANCE BANK LIMITED,2949.1288,461.911,3411.0398,1606.5264,1082.6075,1342.6024,340.0991,721.9059,381.8068
FY2018-19,2019,CAPITAL SMALL FINANCE BANK LIMITED,346.2913,31.3067,377.598,211.1511,132.1699,135.1402,14.8629,34.277,19.4141
FY2018-19,2019,EQUITAS SMALL FINANCE BANK LIMITED,2111.9345,282.8975,2394.832,960.2006,1008.4865,1151.7339,215.5788,426.1449,210.5661
FY2018-19,2019,ESAF SMALL FINANCE BANK LIMITED,1031.6385,109.1505,1140.789,458.2817,453.3942,573.3568,138.8293,229.1131,90.2838
FY2018-19,2019,SURYODAY SMALL FINANCE BANK LIMITED,530.108,66.9223,597.0303,191.2921,193.5299,338.8159,125.6102,212.2083,86.5981
FY2018-19,2019,UJJIVAN SMALL FINANCE BANK LIMITED,1831.6099,205.9641,2037.574,725.1992,1003.3539,1106.4107,109.8038,309.0209,199.2171
FY2018-19,2019,UTKARSH SMALL FINANCE BANK LIMITED,881.0445,58.0463,939.0908,382.2938,326.2699,498.7507,136.639,230.5271,93.8881
FY2017-18,2018,ALLAHABAD BANK,16358.4926,2692.5602,19051.0528,11626.1027,3986.6261,4732.3899,8112.6919,3438.324,-4674.3679
FY2017-18,2018,ANDHRA BANK,17974.538,2372.0618,20346.5998,11639.7796,3345.7885,6334.7584,8773.5593,5361.0317,-3412.5276
FY2017-18,2018,BANK OF BARODA,43648.5418,6657.1527,50305.6945,28126.7669,10173.3696,15521.7749,14437.3702,12005.558,-2431.8122
FY2017-18,2018,BANK OF INDIA,38071.4089,5733.7571,43805.166,27565.0707,9101.1698,10506.3382,13182.6306,7138.9255,-6043.7051
FY2017-18,2018,BANK OF MAHARASHTRA,11096.4099,1506.0548,12602.4647,7706.6786,2704.3879,3389.7313,3337.0463,2191.3982,-1145.6481
FY2017-18,2018,CANARA BANK,41252.0876,6942.8524,48194.94,29088.7625,9557.9354,12163.3251,13770.4797,9548.2421,-4222.2376
FY2017-18,2018,CENTRAL BANK OF INDIA,24035.5171,2622.3513,26657.8684,17518.5079,6406.3689,6517.0092,7837.889,2732.9916,-5104.8974
FY2017-18,2018,CORPORATION BANK,17628.3327,2313.0808,19941.4135,12790.1086,3200.8885,4838.2241,8004.3595,3950.4164,-4053.9431
FY2017-18,2018,DENA BANK,8932.2247,1163.5209,10095.7456,6456.412,2468.1767,2475.8127,3094.3101,1171.1569,-1923.1532
FY2017-18,2018,IDBI BANK LIMITED,23026.5325,7013.5799,30040.1124,17386.2083,4744.6876,5640.3242,16147.1361,7909.2165,-8237.9196
FY2017-18,2018,INDIAN BANK,17113.647,2405.8373,19519.4843,10850.0931,3668.4013,6263.5539,3741.9971,5000.9899,1258.9928
FY2017-18,2018,INDIAN OVERSEAS BANK,17915.213,3746.4362,21661.6492,12447.6391,5584.9254,5467.5739,9928.5752,3629.0847,-6299.4905
FY2017-18,2018,ORIENTAL BANK OF COMMERCE,17388.8891,2792.3618,20181.2509,12888.1305,3589.9467,4500.7586,9574.9174,3703.1737,-5871.7437
FY2017-18,2018,PUNJAB AND SIND BANK,7948.7533,581.2005,8529.9538,5713.5566,1671.6836,2235.1967,1888.5113,1144.7136,-743.7977
FY2017-18,2018,PUNJAB NATIONAL BANK,47995.7663,8880.869,56876.6353,33073.3643,13509.073,14922.402,22577.0182,10294.198,-12282.8202
FY2017-18,2018,STATE BANK OF INDIA,220499.3156,44600.6871,265100.0027,145645.6,59943.4464,74853.7156,66058.41,59510.9563,-6547.4537
FY2017-18,2018,SYNDICATE BANK,21775.9498,2805.9011,24581.8509,15223.9304,5494.065,6552.0194,7086.6929,3863.8555,-3222.8374
FY2017-18,2018,UCO BANK,14020.1254,1121.0032,15141.1286,10895.4025,2911.4858,3124.7229,5770.6096,1334.2403,-4436.3693
FY2017-18,2018,UNION BANK OF INDIA,32747.9992,4989.8684,37737.8676,23443.336,6654.956,9304.6632,12886.9441,7639.5756,-5247.3685
FY2017-18,2018,UNITED BANK OF INDIA,8341.6293,2214.5669,10556.1962,6848.7579,2683.3782,1492.8714,2478.5063,1024.0601,-1454.4462
FY2017-18,2018,VIJAYA BANK,12589.843,1600.6089,14190.4519,8286.9547,2805.6956,4302.8883,2370.7787,3097.8016,727.0229
FY2017-18,2018,AXIS BANK LIMITED,45780.3123,10967.0865,56747.3988,27162.5818,13990.3398,18617.7305,15318.7959,15594.4772,275.6813
FY2017-18,2018,BANDHAN BANK LIMITED,4802.296324,706.184572,5508.480896,1770.060401,1308.31034,3032.235923,1084.55334,2430.110155,1345.556815
FY2017-18,2018,CITY UNION BANK LIMITED,3402.4216,532.1004,3934.522,1972.1212,754.6487,1430.3004,615.7542,1207.7521,591.9979
FY2017-18,2018,CSB BANK LIMITED,1296.8059,125.4202,1422.2261,912.0005,435.8987,384.8054,171.7962,74.3269,-97.4693
FY2017-18,2018,DCB BANK LIMITED,2412.9851,310.2757,2723.2608,1417.5584,780.7316,995.4267,279.6282,524.9708,245.3426
FY2017-18,2018,DHANLAXMI BANK LIMITED,1013.3158,102.4687,1115.7845,667.517,302.0877,345.7988,171.0543,146.1798,-24.8745
FY2017-18,2018,FEDERAL BANK LTD,9752.8637,1159.1182,10911.9819,6170.0537,2450.9004,3582.81,1412.182,2291.0278,878.8458
FY2017-18,2018,HDFC BANK LTD.,80241.355,15220.3042,95461.6592,40146.4913,22690.3821,40094.8637,15138.0575,32624.7858,17486.7283
FY2017-18,2018,ICICI BANK LIMITED,54965.8922,17419.6326,72385.5248,31940.0463,15703.9436,23025.8459,17964.112,24741.5349,6777.4229
FY2017-18,2018,IDFC BANK LIMITED,8930.0046,1117.8927,10047.8973,7131.9074,1652.5943,1798.0972,404.0923,1263.3956,859.3033
FY2017-18,2018,INDUSIND BANK LTD,17280.7487,4750.1033,22030.852,9783.3045,5591.4436,7497.4442,3050.1164,6656.1039,3605.9875
FY2017-18,2018,JAMMU & KASHMIR BANK LTD,6621.4004,495.3062,7116.7066,3750.6054,1984.2255,2870.795,1179.1559,1381.8757,202.7198
FY2017-18,2018,KARNATAKA BANK LTD,5423.7502,954.3443,6378.0945,3566.0975,1338.825,1857.6527,1147.5642,1473.172,325.6078
FY2017-18,2018,KARUR VYSYA BANK LTD,5699.6533,899.9337,6599.587,3401.539,1420.7224,2298.1143,1431.6534,1777.3256,345.6722
FY2017-18,2018,KOTAK MAHINDRA BANK LTD.,19748.4956,4052.2082,23800.7038,10216.8077,6425.7223,9531.6879,3073.8704,7158.1738,4084.3034
FY2017-18,2018,LAKSHMI VILAS BANK LTD,3041.6217,346.8078,3388.4295,2251.021,782.0297,790.6007,940.2449,355.3788,-584.8661
FY2017-18,2018,NAINITAL BANK LTD,617.2881,35.4748,652.7629,411.4114,143.6744,205.8767,48.7892,97.6771,48.8879
FY2017-18,2018,RBL BANK LTD,4507.5655,1068.1884,5575.7539,2741.281,1503.408,1766.2845,695.9766,1331.0649,635.0883
FY2017-18,2018,SOUTH INDIAN BANK LTD,6192.8104,837.2447,7030.0551,4227.2874,1321.9769,1965.523,1145.8987,1480.7908,334.8921
FY2017-18,2018,TAMILNAD MERCANTILE BANK LTD,3250.4925,506.1222,3756.6147,2040.7554,709.8578,1209.7371,784.0853,1006.0015,221.9162
FY2017-18,2018,YES BANK LTD.,20267.4216,5223.8335,25491.2551,12530.3624,5212.7798,7737.0592,3523.5492,7748.1129,4224.5637
FY2017-18,2018,AB BANK LIMITED,6.9207,26.3867,33.3074,1.7748,15.114,5.1459,7.1937,16.4186,9.2249
FY2017-18,2018,ABU DHABI COMMERCIAL BANK PJSC,181.1469,19.5746,200.7215,125.6113,43.7725,55.5356,14.9385,31.3377,16.3992
FY2017-18,2018,AMERICAN EXPRESS BANKING CORP.,363.3676,1237.4506,1600.8182,125.8108,1225.6795,237.5568,168.1175,249.3279,81.2104
FY2017-18,2018,AUSTRALIA AND NEW ZEALAND BANKING GROUP LIMITED,287.5013,104.8414,392.3427,158.0391,142.6028,129.4622,33.5005,91.7008,58.2003
FY2017-18,2018,"BANK OF AMERICA , NATIONAL ASSOCIATION",1978.6495,676.1632,2654.8127,771.7729,676.683,1206.8766,472.032,1206.3568,734.3248
FY2017-18,2018,BANK OF BAHRAIN & KUWAIT B.S.C.,132.1798,21.5571,153.7369,83.0854,34.7264,49.0944,23.5964,35.9251,12.3287
FY2017-18,2018,BANK OF CEYLON,38.0282,7.624,45.6522,10.6795,7.014,27.3487,16.7491,27.9587,11.2096
FY2017-18,2018,BANK OF NOVA SCOTIA,312.6292,93.3521,405.9813,181.2099,98.3595,131.4193,69.374,126.4119,57.0379
FY2017-18,2018,BARCLAYS BANK PLC,1316.3438,312.8895,1629.2333,492.858,443.0169,823.4858,374.4565,693.3584,318.9019
FY2017-18,2018,BNP PARIBAS,2135.6853,354.4721,2490.1574,1256.8382,497.7572,878.8471,349.4428,735.562,386.1192
FY2017-18,2018,CITIBANK N.A,10475.72,3433.53,13909.25,3086.95,3990.26,7388.77,3428.99,6832.04,3403.05
FY2017-18,2018,COOPERATIEVE RABOBANK U.A.,245.3083,30.6633,275.9716,125.5087,86.6391,119.7996,308.1074,63.8238,-244.2836
FY2017-18,2018,CREDIT AGRICOLE CORPORATE AND INVESTMENT BANK,425.0068,2.3503,427.3571,218.8894,131.1001,206.1174,347.0329,77.3676,-269.6653
FY2017-18,2018,CREDIT SUISSE AG,429.9488,-12.2465,417.7023,147.7211,75.3457,282.2277,86.9495,194.6355,107.686
FY2017-18,2018,"CTBC BANK CO., LTD.",61.3203,7.5962,68.9165,21.4811,40.5711,39.8392,5.014,6.8643,1.8503
FY2017-18,2018,DBS BANK INDIA LIMITED,2485.3948,296.6412,2782.036,1837.4895,948.8309,647.9053,528.5866,-4.2844,-532.871
FY2017-18,2018,DEUTSCHE BANK AG,4741.182,975.0996,5716.2816,2081.2887,1672.6311,2659.8933,1052.3256,1962.3618,910.0362
FY2017-18,2018,DOHA BANK Q.P.S.C.,60.2283,11.4261,71.6544,39.011,39.2884,21.2173,4.8079,-6.645,-11.4529
FY2017-18,2018,EMIRATES NBD BANK (P.J.S.C.),32.2141,0.5572,32.7713,1.5033,45.145,30.7108,3.2937,-13.877,-17.1707
FY2017-18,2018,FIRST ABU DHABI BANK PJSC,59.7707,23.665,83.4357,2.3208,47.9749,57.4499,15.2113,33.14,17.9287
FY2017-18,2018,FIRSTRAND BANK LTD,97.5858,43.8582,141.444,50.3446,75.357,47.2412,-8.8447,15.7424,24.5871
FY2017-18,2018,HONGKONG AND SHANGHAI BANKING CORPN.LTD.,8769.6878,1701.7399,10471.4277,3553.5128,2643.4288,5216.175,1961.814,4274.4861,2312.6721
FY2017-18,2018,INDUSTRIAL AND COMMERCIAL BANK OF CHINA,173.1236,18.2629,191.3865,105.2921,43.0073,67.8315,24.6449,43.0871,18.4422
FY2017-18,2018,INDUSTRIAL BANK OF KOREA,20.4667,6.4497,26.9164,2.1922,13.1361,18.2745,5.7237,11.5881,5.8644
FY2017-18,2018,JPMORGAN CHASE BANK NATIONAL ASSOCIATION,1570.343,1159.1259,2729.4689,593.0796,320.3636,977.2634,773.4092,1816.0257,1042.6165
FY2017-18,2018,JSC VTB BANK,2.6292,0.0598,2.689,,13.5721,2.6292,11.6595,-10.8831,-22.5426
FY2017-18,2018,KEB HANA BANK,60.4675,9.4672,69.9347,15.2399,15.2264,45.2276,18.0141,39.4684,21.4543
FY2017-18,2018,KRUNG THAI BANK PUBLIC COMPANY LIMITED,27.6873,0.5484,28.2357,13.7543,3.7822,13.933,4.6961,10.6992,6.0031
FY2017-18,2018,MASHREQ BANK PSC,20.4723,32.0114,52.4837,2.077,21.887,18.3953,11.8114,28.5197,16.7083
FY2017-18,2018,MIZUHO BANK LTD,818.1878,157.966,976.1538,348.9215,248.9155,469.2663,181.5728,378.3168,196.744
FY2017-18,2018,"MUFG BANK, LTD.",1263.8333,315.0808,1578.9141,737.1973,254.4322,526.636,274.2511,587.2846,313.0335
FY2017-18,2018,NATIONAL AUSTRALIA BANK,53.6627,2.2914,55.9541,3.3085,32.59,50.3542,10.1637,20.0556,9.8919
FY2017-18,2018,PT BANK MAYBANK INDONESIA TBK,16.2413,3.2105,19.4518,3.0543,18.7862,13.187,-0.2722,-2.3887,-2.1165
FY2017-18,2018,QATAR NATIONAL BANK (Q.P.S.C),16.8957,0.1599,17.0556,0.6934,19.2113,16.2023,-0.4629,-2.8491,-2.3862
FY2017-18,2018,SBERBANK,18.3607,10.7459,29.1066,0.5997,17.0239,17.761,26.5692,11.483,-15.0862
FY2017-18,2018,SBM BANK (INDIA) LIMITED,132.5512,14.3038,146.855,86.5008,28.4255,46.0504,136.6637,31.9287,-104.735
FY2017-18,2018,SHINHAN BANK,527.3828,48.0171,575.3999,364.3759,95.4924,163.0069,51.6474,115.5316,63.8842
FY2017-18,2018,SOCIETE GENERALE,253.6269,85.7851,339.412,124.741,117.7156,128.8859,79.5713,96.9554,17.3841
FY2017-18,2018,SONALI BANK,4.35,11.3758,15.7258,2.0988,7.2769,2.2512,2.8254,6.3501,3.5247
FY2017-18,2018,STANDARD CHARTERED BANK,9615.721,1846.3646,11462.0856,4015.5678,3328.1862,5600.1532,2207.1639,4118.3316,1911.1677
FY2017-18,2018,SUMITOMO MITSUI BANKING CORPORATION,767.429,40.5087,807.9377,433.8973,133.1808,333.5317,105.7477,240.8596,135.1119
FY2017-18,2018,THE ROYAL BANK OF SCOTLAND N.V.,209.6742,2.4975,212.1717,75.3562,194.8155,134.318,123.0967,-58.0,-181.0967
FY2017-18,2018,UNITED OVERSEAS BANK LTD,74.682,6.0368,80.7188,18.1538,23.7716,56.5282,38.6478,38.7934,0.1456
FY2017-18,2018,WESTPAC BANKING CORPORATION,116.031,17.4086,133.4396,46.9573,39.5574,69.0737,21.8049,46.9249,25.12
FY2017-18,2018,WOORI BANK,103.951,9.8985,113.8495,55.2966,39.104,48.6544,13.2358,19.4489,6.2131
FY2017-18,2018,AU SMALL FINANCE BANK LIMITED,1767.1899,388.0601,2155.25,826.7285,752.6092,940.4614,283.8727,575.9123,292.0396
FY2017-18,2018,CAPITAL SMALL FINANCE BANK LIMITED,271.0046,22.8611,293.8657,166.4866,94.6838,104.518,13.6751,32.6953,19.0202
FY2017-18,2018,EQUITAS SMALL FINANCE BANK LIMITED,1542.7124,241.2151,1783.9275,682.172,881.1119,860.5404,188.8122,220.6436,31.8314
FY2017-18,2018,SURYODAY SMALL FINANCE BANK LIMITED,286.8815,38.0443,324.9258,123.1546,131.3764,163.7269,60.2696,70.3948,10.1252
FY2017-18,2018,UJJIVAN SMALL FINANCE BANK LIMITED,1467.8756,111.4796,1579.3552,606.8644,652.8698,861.0112,312.7584,319.621,6.8626
FY2017-18,2018,UTKARSH SMALL FINANCE BANK LIMITED,518.1735,43.6897,561.8632,250.7305,235.5532,267.443,138.596,75.5795,-63.0165
FY2016-17,2017,STATE BANK OF BIKANER AND JAIPUR,9153.5227,1415.6173,10569.14,6274.8985,2352.0993,2878.6242,3310.4747,1942.1422,-1368.3325
FY2016-17,2017,STATE BANK OF HYDERABAD,13177.133,1910.9214,15088.0544,9378.404,2799.7965,3798.729,5670.1298,2909.8539,-2760.2759
FY2016-17,2017,STATE BANK OF INDIA,175518.2404,35460.9275,210979.1679,113658.5034,46472.7694,61859.737,40363.7925,50847.8951,10484.1026
FY2016-17,2017,STATE BANK OF MYSORE,6829.9958,997.4066,7827.4024,4956.9019,1956.9187,1873.0939,2919.8394,913.5818,-2006.2576
FY2016-17,2017,STATE BANK OF PATIALA,9743.4297,1480.5062,11223.9359,7481.2236,2287.8944,2262.2061,5034.2639,1454.8179,-3579.446
FY2016-17,2017,STATE BANK OF TRAVANCORE,9537.4591,1481.6241,11019.0832,7100.0021,2415.7631,2437.457,3655.7877,1503.318,-2152.4697
FY2016-17,2017,STATE BANK OF INDIA AND ITS ASSOCIATES,223959.7807,42747.0031,266706.7838,148849.9335,58285.2414,75109.8472,60954.288,59571.6089,-1382.6791
FY2016-17,2017,ALLAHABAD BANK,17660.3936,2644.3311,20304.7247,12373.3636,4064.592,5287.03,4180.2851,3866.7691,-313.516
FY2016-17,2017,ANDHRA BANK,18027.4181,2308.3054,20335.7235,12495.7744,3451.9935,5531.6437,4213.6235,4387.9556,174.3321
FY2016-17,2017,BANK OF BARODA,42199.9298,6758.0609,48957.9907,28686.5191,9296.4023,13513.4107,9591.9333,10975.0693,1383.136
FY2016-17,2017,BANK OF INDIA,39290.8523,6772.3304,46063.1827,27464.7356,8865.7966,11826.1167,11290.9653,9732.6505,-1558.3148
FY2016-17,2017,BANK OF MAHARASHTRA,12061.9597,1508.0746,13570.0343,8887.2712,2855.6951,3174.6885,3199.5761,1827.068,-1372.5081
FY2016-17,2017,BHARATIYA MAHILA BANK LTD.,155.8385,18.5232,174.3617,65.1738,90.7139,90.6647,14.1556,18.474,4.3184
FY2016-17,2017,CANARA BANK,41387.6449,7554.3985,48942.0434,31515.8681,8512.2812,9871.7768,7791.9719,8913.8941,1121.9222
FY2016-17,2017,CENTRAL BANK OF INDIA,24661.4083,2875.644,27537.0523,18087.3959,6361.0278,6574.0124,5527.7265,3088.6286,-2439.0979
FY2016-17,2017,CORPORATION BANK,19471.4718,3090.3087,22561.7805,15020.4618,3101.7898,4451.01,3878.3229,4439.5289,561.206
FY2016-17,2017,DENA BANK,10181.6729,1251.3985,11433.0714,7773.3129,2269.5453,2408.36,2253.838,1390.2132,-863.6248
FY2016-17,2017,IDBI BANK LIMITED,27791.3673,4007.8344,31799.2017,22039.7056,5140.8095,5751.6617,9776.8262,4618.6866,-5158.1396
FY2016-17,2017,INDIAN BANK,16039.7455,2211.3716,18251.1171,10893.6906,3356.7195,5146.0549,2595.0298,4000.707,1405.6772
FY2016-17,2017,INDIAN OVERSEAS BANK,19718.5989,3372.6353,23091.2342,14529.0188,4912.0123,5189.5801,7066.9417,3650.2031,-3416.7386
FY2016-17,2017,ORIENTAL BANK OF COMMERCE,18422.3252,2765.5204,21187.8456,13512.8324,3504.8821,4909.4928,5264.2019,4170.1311,-1094.0708
FY2016-17,2017,PUNJAB AND SIND BANK,8172.8719,578.0982,8750.9701,6013.5376,1495.5547,2159.3343,1040.7936,1241.8778,201.0842
FY2016-17,2017,PUNJAB NATIONAL BANK,47275.9924,8951.3723,56227.3647,32282.8208,9379.3837,14993.1716,13240.3584,14565.1602,1324.8018
FY2016-17,2017,SYNDICATE BANK,23003.7871,3457.3938,26461.1809,16727.8172,5500.1331,6275.9699,3874.2813,4233.2306,358.9493
FY2016-17,2017,UCO BANK,16325.7993,2114.4909,18440.2902,12509.018,3005.1914,3816.7813,4776.748,2926.0808,-1850.6672
FY2016-17,2017,UNION BANK OF INDIA,32659.9801,4964.5989,37624.579,23756.6448,6437.8448,8903.3353,6874.8763,7430.0894,555.2131
FY2016-17,2017,UNITED BANK OF INDIA,9427.9119,2186.6184,11614.5303,7500.1832,2561.4613,1927.7287,1333.3796,1552.8858,219.5062
FY2016-17,2017,VIJAYA BANK,12379.4585,1651.2627,14030.7212,8873.0179,2736.5495,3506.4406,1670.6687,2421.1538,750.4851
FY2016-17,2017,NATIONALISED BANKS,456316.428,71042.5722,527359.0002,331008.1633,96900.3794,125308.2647,109456.5037,99450.4575,-10006.0462
FY2016-17,2017,AXIS BANK LIMITED,44542.1579,11691.3107,56233.4686,26449.042,12199.9053,18093.1159,13905.2421,17584.5213,3679.2792
FY2016-17,2017,BANDHAN BANK LIMITED,3908.7092,411.4134,4320.1226,1505.2106,1022.005,2403.4986,680.9543,1792.907,1111.9527
FY2016-17,2017,CITY UNION BANK LIMITED,3173.7873,483.9467,3657.734,1975.0206,688.9749,1198.7667,490.9697,993.7385,502.7688
FY2016-17,2017,CSB BANK LIMITED,1336.2949,281.2013,1617.4962,1022.6935,443.0891,313.6014,150.1591,151.7136,1.5545
FY2016-17,2017,DCB BANK LIMITED,2076.1459,248.8485,2324.9944,1279.0592,627.7286,797.0867,218.5314,418.2066,199.6752
FY2016-17,2017,DHANLAXMI BANK LIMITED,1089.0557,111.0189,1200.0746,757.4563,348.5462,331.5994,81.6943,94.0721,12.3778
FY2016-17,2017,FEDERAL BANK LTD,8677.3836,1081.8067,9759.1903,5624.7436,2209.5336,3052.64,1094.1249,1924.9131,830.7882
FY2016-17,2017,HDFC BANK LTD.,69305.9578,12296.499,81602.4568,36166.7334,19703.3442,33139.2244,11182.738,25732.3792,14549.6412
FY2016-17,2017,ICICI BANK LIMITED,54156.2793,19504.4831,73660.7624,32418.9585,14755.0576,21737.3208,16685.6557,26486.7463,9801.0906
FY2016-17,2017,IDFC BANK LIMITED,8532.7145,1013.1156,9545.8301,6515.3943,1276.9764,2017.3202,733.7216,1753.4594,1019.7378
FY2016-17,2017,INDUSIND BANK LTD,14405.6703,4171.4922,18577.1625,8343.0661,4783.0758,6062.6042,2583.1279,5451.0206,2867.8927
FY2016-17,2017,JAMMU & KASHMIR BANK LTD,6685.8002,492.856,7178.6562,4173.8622,1710.4628,2511.938,2926.6242,1294.3312,-1632.293
FY2016-17,2017,KARNATAKA BANK LTD,5185.4007,809.3385,5994.7392,3694.7773,1304.1613,1490.6234,543.5393,995.8006,452.2613
FY2016-17,2017,KARUR VYSYA BANK LTD,5622.3519,782.2152,6404.5671,3548.6487,1284.9508,2073.7032,964.9849,1570.9676,605.9827
FY2016-17,2017,KOTAK MAHINDRA BANK LTD.,17698.9329,3477.1584,21176.0913,9572.7841,5618.4953,8126.1488,2573.3141,5984.8119,3411.4978
FY2016-17,2017,LAKSHMI VILAS BANK LTD,2846.6575,502.7678,3349.4253,2064.0036,651.3659,782.6539,377.9837,634.0558,256.0721
FY2016-17,2017,NAINITAL BANK LTD,559.6518,52.4409,612.0927,374.4865,127.8277,185.1653,61.3176,109.7785,48.4609
FY2016-17,2017,RBL BANK LTD,3713.1585,755.4627,4468.6212,2491.8241,1056.3872,1221.3344,474.3644,920.4099,446.0455
FY2016-17,2017,SOUTH INDIAN BANK LTD,5847.0837,715.5648,6562.6485,4171.6459,1176.4042,1675.4378,822.0938,1214.5984,392.5046
FY2016-17,2017,TAMILNAD MERCANTILE BANK LTD,3380.9605,430.5081,3811.4686,2230.1536,705.57,1150.8069,559.0803,875.745,316.6647
FY2016-17,2017,YES BANK LTD.,16424.6437,4156.7569,20581.4006,10627.3367,4116.541,5797.307,2507.4265,5837.5229,3330.0964
FY2016-17,2017,AB BANK LIMITED,7.4239,28.3174,35.7413,1.7996,17.9848,5.6243,7.8636,15.9569,8.0933
FY2016-17,2017,ABU DHABI COMMERCIAL BANK PJSC,198.2442,26.5444,224.7886,153.379,40.2636,44.8652,15.3005,31.146,15.8455
FY2016-17,2017,AMERICAN EXPRESS BANKING CORP.,272.797,1081.6357,1354.4327,110.0428,1058.4103,162.7542,136.95,185.9796,49.0296
FY2016-17,2017,AUSTRALIA AND NEW ZEALAND BANKING GROUP LIMITED,245.5129,136.8297,382.3426,164.8438,148.9356,80.6691,31.4749,68.5632,37.0883
FY2016-17,2017,"BANK OF AMERICA , NATIONAL ASSOCIATION",1825.3482,956.1398,2781.488,711.1884,637.1388,1114.1598,717.3027,1433.1608,715.8581
FY2016-17,2017,BANK OF BAHRAIN & KUWAIT B.S.C.,127.1292,24.1188,151.248,72.7516,31.2749,54.3776,28.944,47.2215,18.2775
FY2016-17,2017,BANK OF CEYLON,36.1074,7.6759,43.7833,9.423,6.519,26.6844,19.2222,27.8413,8.6191
FY2016-17,2017,BANK OF NOVA SCOTIA,470.2242,114.9375,585.1617,310.1101,98.9383,160.1141,187.6923,176.1133,-11.579
FY2016-17,2017,BARCLAYS BANK PLC,1609.4039,558.2967,2167.7006,765.8099,409.0881,843.594,471.116,992.8026,521.6866
FY2016-17,2017,BNP PARIBAS,2335.4054,307.4056,2642.811,1502.9471,460.685,832.4583,324.1979,679.1789,354.981
FY2016-17,2017,CITIBANK N.A,10450.85,3732.99,14183.84,3600.17,3795.68,6850.68,3162.38,6787.99,3625.61
FY2016-17,2017,COMMONWEALTH BANK OF AUSTRALIA,17.7296,-0.5136,17.216,6.1421,31.6908,11.5875,-1.3946,-20.6169,-19.2223
FY2016-17,2017,COOPERATIEVE RABOBANK U.A.,227.0182,39.2455,266.2637,113.6019,95.1558,113.4163,194.641,57.506,-137.135
FY2016-17,2017,CREDIT AGRICOLE CORPORATE AND INVESTMENT BANK,429.2272,62.4622,491.6894,222.8129,128.7297,206.4143,290.2871,140.1468,-150.1403
FY2016-17,2017,CREDIT SUISSE AG,555.6472,260.5837,816.2309,332.464,76.4297,223.1832,167.6133,407.3372,239.7239
FY2016-17,2017,"CTBC BANK CO., LTD.",60.9878,8.0606,69.0484,20.8685,34.4116,40.1193,30.2272,13.7683,-16.4589
FY2016-17,2017,DBS BANK INDIA LIMITED,2577.9291,622.6691,3200.5982,1853.3812,825.006,724.5479,509.4116,522.211,12.7994
FY2016-17,2017,DEUTSCHE BANK AG,5000.9042,1121.7588,6122.663,2312.4819,1384.9374,2688.4223,1438.7078,2425.2437,986.5359
FY2016-17,2017,DOHA BANK Q.P.S.C.,80.6794,5.4543,86.1337,56.4442,35.7105,24.2352,3.5265,-6.021,-9.5475
FY2016-17,2017,FIRST ABU DHABI BANK PJSC,23.9208,24.4253,48.3461,0.0724,39.2143,23.8484,3.9213,9.0594,5.1381
FY2016-17,2017,FIRSTRAND BANK LTD,137.1926,52.4452,189.6378,82.179,130.0762,55.0136,30.3714,-22.6174,-52.9888
FY2016-17,2017,HONGKONG AND SHANGHAI BANKING CORPN.LTD.,8791.8397,2272.9389,11064.7786,3977.6083,2827.7344,4814.2314,1868.157,4259.4359,2391.2789
FY2016-17,2017,INDUSTRIAL AND COMMERCIAL BANK OF CHINA,107.0147,39.9646,146.9793,51.4387,47.7915,55.576,37.1894,47.7491,10.5597
FY2016-17,2017,INDUSTRIAL BANK OF KOREA,18.175,4.2235,22.3985,1.3351,12.1218,16.8399,4.2669,8.9416,4.6747
FY2016-17,2017,JPMORGAN CHASE BANK NATIONAL ASSOCIATION,1794.86,993.1339,2787.9939,797.3527,283.0239,997.5073,755.3305,1707.6173,952.2868
FY2016-17,2017,JSC VTB BANK,9.6877,1.5577,11.2454,,14.0386,9.6877,-2.2386,-2.7932,-0.5546
FY2016-17,2017,KEB HANA BANK,39.6465,15.0955,54.742,12.8388,16.847,26.8077,10.88,25.0562,14.1762
FY2016-17,2017,KRUNG THAI BANK PUBLIC COMPANY LIMITED,28.4477,0.5831,29.0308,13.1856,3.6733,15.2621,5.2652,12.1719,6.9067
FY2016-17,2017,MASHREQ BANK PSC,17.2596,28.2055,45.4651,1.0481,19.5127,16.2115,9.0946,24.9043,15.8097
FY2016-17,2017,MIZUHO BANK LTD,848.9179,71.8376,920.7555,369.2609,245.7068,479.657,139.6108,305.7878,166.177
FY2016-17,2017,"MUFG BANK, LTD.",1290.6571,392.3596,1683.0167,722.1594,251.0481,568.4977,178.3906,709.8092,531.4186
FY2016-17,2017,NATIONAL AUSTRALIA BANK,53.4043,4.9729,58.3772,0.7169,34.7176,52.6874,7.3341,22.9427,15.6086
FY2016-17,2017,PT BANK MAYBANK INDONESIA TBK,21.6165,1.3293,22.9458,4.8068,18.0416,16.8097,17.4314,0.0974,-17.334
FY2016-17,2017,SBERBANK,35.4647,10.1877,45.6524,7.8725,17.8004,27.5922,19.835,19.9795,0.1445
FY2016-17,2017,SBM BANK (INDIA) LIMITED,106.664,11.5287,118.1927,74.6996,24.5192,31.9644,53.4406,18.9739,-34.4667
FY2016-17,2017,SHINHAN BANK,447.3519,37.9513,485.3032,281.9213,75.3405,165.4306,56.2275,128.0414,71.8139
FY2016-17,2017,SOCIETE GENERALE,307.5847,53.569,361.1537,187.2185,122.9791,120.3662,50.5003,50.9561,0.4558
FY2016-17,2017,SONALI BANK,3.2353,9.3637,12.599,1.9616,7.2944,1.2737,2.0615,3.343,1.2815
FY2016-17,2017,STANDARD CHARTERED BANK,9610.3296,2624.5081,12234.8377,4239.3514,3091.3128,5370.9782,2463.7411,4904.1735,2440.4324
FY2016-17,2017,SUMITOMO MITSUI BANKING CORPORATION,754.185,43.6628,797.8478,425.4121,118.7661,328.7729,111.3376,253.6696,142.332
FY2016-17,2017,THE ROYAL BANK OF SCOTLAND N.V.,26.6511,-0.7224,25.9287,4.9063,38.553,21.7448,0.5083,-17.5306,-18.0389
FY2016-17,2017,UNITED OVERSEAS BANK LTD,92.5602,12.1912,104.7514,29.8081,23.5567,62.7521,43.1509,51.3866,8.2357
FY2016-17,2017,WESTPAC BANKING CORPORATION,209.8016,-3.9807,205.8209,85.2289,44.0754,124.5727,30.778,76.5166,45.7386
FY2016-17,2017,WOORI BANK,76.8089,4.899,81.7079,33.6728,22.385,43.1361,11.8054,25.6501,13.8447
FY2016-17,2017,CAPITAL SMALL FINANCE BANK LIMITED,223.6896,19.8906,243.5802,149.6622,70.6922,74.0274,8.1858,23.2258,15.04
FY2016-17,2017,EQUITAS SMALL FINANCE BANK LIMITED,981.0534,233.2274,1214.2808,447.1578,509.2439,533.8956,153.7451,257.8791,104.134
FY2015-16,2016,STATE BANK OF BIKANER AND JAIPUR,9592.4728,1057.0492,10649.522,6288.1329,2056.355,3304.3399,1454.4344,2305.0341,850.5997
FY2015-16,2016,STATE BANK OF HYDERABAD,14187.2066,1445.5764,15632.783,9593.5942,2746.5269,4593.6124,2227.7374,3292.6619,1064.9245
FY2015-16,2016,STATE BANK OF INDIA,163998.2975,27845.3687,191843.6662,106803.4921,41782.3665,57194.8054,33307.1539,43257.8076,9950.6537
FY2015-16,2016,STATE BANK OF MYSORE,7127.7658,812.0126,7939.7784,5012.4239,1675.8312,2115.3419,893.6748,1251.5233,357.8485
FY2015-16,2016,STATE BANK OF PATIALA,10457.0994,1121.3616,11578.461,7831.562,1919.2639,2625.5374,2800.0349,1827.6351,-972.3998
FY2015-16,2016,STATE BANK OF TRAVANCORE,9608.879,1148.1885,10757.0675,7054.9576,1903.776,2553.9214,1460.6016,1798.3339,337.7323
FY2015-16,2016,STATE BANK OF INDIA AND ITS ASSOCIATES,214971.7211,33429.557,248401.2781,142584.1627,52084.1195,72387.5584,42143.637,53732.9959,11589.3589
FY2015-16,2016,ALLAHABAD BANK,18884.9455,1910.1265,20795.072,12986.4529,3674.7163,5898.4926,4877.2111,4133.9028,-743.3083
FY2015-16,2016,ANDHRA BANK,17634.6752,1564.4745,19199.1497,12313.7109,2925.4358,5320.9643,3420.1663,3960.003,539.8367
FY2015-16,2016,BANK OF BARODA,44061.2774,4998.8616,49060.139,31321.4257,8923.1371,12739.8517,14211.1135,8815.5762,-5395.5373
FY2015-16,2016,BANK OF INDIA,41796.4698,3652.5389,45449.0087,30071.8471,9341.5418,11724.6227,12124.8331,6035.6198,-6089.2133
FY2015-16,2016,BANK OF MAHARASHTRA,13052.9857,1019.2897,14072.2754,9174.2893,2552.8093,3878.6964,2244.4919,2345.1768,100.6849
FY2015-16,2016,BHARATIYA MAHILA BANK LTD.,155.8462,15.7589,171.6051,67.2563,100.2145,88.5899,1.7564,4.1343,2.3779
FY2015-16,2016,CANARA BANK,44022.1354,4875.2292,48897.3646,34258.7746,7491.9346,9763.3608,9959.4783,7146.6554,-2812.8229
FY2015-16,2016,CENTRAL BANK OF INDIA,25887.8971,1938.7857,27826.6828,18822.2689,6661.989,7065.6282,3760.6149,2342.4249,-1418.19
FY2015-16,2016,CORPORATION BANK,19411.2369,1735.1597,21146.3966,15171.778,2879.6014,4239.4589,3601.4976,3095.0172,-506.4804
FY2015-16,2016,DENA BANK,10645.7339,716.7971,11362.531,8168.9885,2268.2459,2476.7454,1860.6155,925.2966,-935.3189
FY2015-16,2016,IDBI BANK LIMITED,28042.7591,3410.6996,31453.4587,21953.8077,4129.5842,6088.9514,9034.8693,5370.0668,-3664.8025
FY2015-16,2016,INDIAN BANK,16243.7835,1781.4163,18025.1998,11797.6039,3195.5035,4446.1796,2320.709,3032.0924,711.3834
FY2015-16,2016,INDIAN OVERSEAS BANK,23517.2949,2528.257,26045.5519,18134.6005,5025.4957,5382.6944,5782.7832,2885.4557,-2897.3275
FY2015-16,2016,ORIENTAL BANK OF COMMERCE,20168.4992,1766.2819,21934.7811,14793.9333,3458.779,5374.5659,3525.9906,3682.0688,156.0782
FY2015-16,2016,PUNJAB AND SIND BANK,8744.3409,478.4857,9222.8266,6568.554,1384.3774,2175.7869,933.9228,1269.8952,335.9724
FY2015-16,2016,PUNJAB NATIONAL BANK,47424.3499,6000.0517,53424.4016,32112.572,9972.4543,15311.7779,15313.7713,11339.3753,-3974.396
FY2015-16,2016,SYNDICATE BANK,23197.7802,2508.7326,25706.5128,17213.078,5242.122,5984.7022,4894.7983,3251.3128,-1643.4855
FY2015-16,2016,UCO BANK,18560.9742,1596.3056,20157.2798,13712.9508,2840.943,4848.0234,6402.6434,3603.386,-2799.2574
FY2015-16,2016,UNION BANK OF INDIA,32198.8008,3631.7354,35830.5362,23885.7021,6302.2157,8313.0987,4291.0161,5642.6184,1351.6023
FY2015-16,2016,UNITED BANK OF INDIA,9936.6709,1467.5332,11404.2041,7656.1136,2972.7844,2280.5573,1057.2649,775.3061,-281.9588
FY2015-16,2016,VIJAYA BANK,12083.579,873.8597,12957.4387,9322.7447,2085.8241,2760.8343,1167.0747,1548.8699,381.7952
FY2015-16,2016,NATIONALISED BANKS,475672.0357,48470.3805,524142.4162,349508.4528,93429.709,126163.5829,110786.6222,81204.2544,-29582.3678
FY2015-16,2016,AXIS BANK LIMITED,40988.0364,9371.4644,50359.5008,24155.0675,10100.8186,16832.9689,7879.9519,16103.6147,8223.6628
FY2015-16,2016,BANDHAN BANK LIMITED,1581.3605,149.8939,1731.2544,648.5253,615.9175,932.8352,191.5646,466.8116,275.247
FY2015-16,2016,CITY UNION BANK LIMITED,2944.2078,409.9777,3354.1855,1963.1739,557.7285,981.0339,388.59,833.2831,444.6931
FY2015-16,2016,CSB BANK LIMITED,1482.8854,104.681,1587.5664,1159.2715,432.0411,323.6139,145.9782,-3.7462,-149.7244
FY2015-16,2016,DCB BANK LIMITED,1698.4635,220.4585,1918.922,1078.9627,490.9314,619.5008,154.5042,349.0279,194.5237
FY2015-16,2016,DHANLAXMI BANK LIMITED,1204.2729,76.7267,1280.9996,899.5965,380.9029,304.6764,209.9524,0.5002,-209.4522
FY2015-16,2016,FEDERAL BANK LTD,7748.1585,808.1903,8556.3488,5240.4476,1892.1204,2507.7109,948.1327,1423.7808,475.6481
FY2015-16,2016,HDFC BANK LTD.,60221.4451,10751.7233,70973.1684,32629.933,16979.7,27591.5121,9067.3223,21363.5354,12296.2131
FY2015-16,2016,ICICI BANK LIMITED,52739.4348,15323.0516,68062.4864,31515.3949,12683.5582,21224.0399,14137.246,23863.5333,9726.2873
FY2015-16,2016,IDFC BANK LIMITED,3648.8324,403.1974,4052.0298,2801.5025,510.5816,847.3299,273.0924,739.9457,466.8533
FY2015-16,2016,INDUSIND BANK LTD,11871.7437,3296.9462,15168.6899,7355.1713,3672.1009,4516.5724,1854.9676,4141.4177,2286.4501
FY2015-16,2016,JAMMU & KASHMIR BANK LTD,6843.5719,504.0273,7347.5992,4133.4838,1546.2022,2710.0881,1251.8817,1667.9132,416.0315
FY2015-16,2016,KARNATAKA BANK LTD,4992.2103,542.8597,5535.07,3689.3377,991.201,1302.8726,439.2399,854.5313,415.2914
FY2015-16,2016,KARUR VYSYA BANK LTD,5443.4319,706.7841,6150.216,3662.0339,1185.1241,1781.398,735.4235,1303.058,567.6345
FY2015-16,2016,KOTAK MAHINDRA BANK LTD.,16384.1838,2612.2341,18996.4179,9483.81,5471.5197,6900.3738,1951.3092,4041.0882,2089.779
FY2015-16,2016,LAKSHMI VILAS BANK LTD,2568.2991,304.5324,2872.8315,1922.9934,542.714,645.3057,226.8883,407.1241,180.2358
FY2015-16,2016,NAINITAL BANK LTD,536.1198,28.9361,565.0559,359.2821,122.2972,176.8377,36.5066,83.4766,46.97
FY2015-16,2016,RBL BANK LTD,2744.3073,490.5427,3234.85,1925.1004,767.3367,819.2069,249.9283,542.4129,292.4846
FY2015-16,2016,SOUTH INDIAN BANK LTD,5557.1979,517.4237,6074.6216,4047.4999,1147.8429,1509.698,546.0124,879.2788,333.2664
FY2015-16,2016,TAMILNAD MERCANTILE BANK LTD,3252.1703,318.5045,3570.6748,2208.1555,636.9634,1044.0148,323.3994,725.5559,402.1565
FY2015-16,2016,YES BANK LTD.,13533.4419,2712.1472,16245.5891,8966.7193,2976.3714,4566.7226,1763.0518,4302.4984,2539.4466
FY2015-16,2016,AB BANK LIMITED,8.0672,27.712,35.7792,1.7213,14.6311,6.3459,12.3357,19.4268,7.0911
FY2015-16,2016,ABU DHABI COMMERCIAL BANK PJSC,185.235,21.602,206.837,138.5873,38.4605,46.6477,12.5728,29.7892,17.2164
FY2015-16,2016,AMERICAN EXPRESS BANKING CORP.,203.9507,844.9252,1048.8759,147.8365,828.4833,56.1142,97.6833,72.5561,-25.1272
FY2015-16,2016,AUSTRALIA AND NEW ZEALAND BANKING GROUP LIMITED,290.7034,139.3426,430.046,188.8414,158.7069,101.862,34.9396,82.4977,47.5581
FY2015-16,2016,"BANK OF AMERICA , NATIONAL ASSOCIATION",2024.9051,574.73,2599.6351,799.7392,585.4209,1225.1659,504.6041,1214.475,709.8709
FY2015-16,2016,BANK OF BAHRAIN & KUWAIT B.S.C.,112.0701,24.4185,136.4886,71.5718,31.1466,40.4983,32.5322,33.7702,1.238
FY2015-16,2016,BANK OF CEYLON,33.5844,7.8963,41.4807,8.0599,6.1984,25.5245,12.4751,27.2224,14.7473
FY2015-16,2016,BANK OF NOVA SCOTIA,638.9657,107.2674,746.2331,379.0696,93.8018,259.8961,149.0624,273.3617,124.2993
FY2015-16,2016,BARCLAYS BANK PLC,1883.4144,182.3807,2065.7951,833.0308,392.6203,1050.3836,363.5566,840.144,476.5874
FY2015-16,2016,BNP PARIBAS,1958.4065,442.8078,2401.2143,1230.8127,503.498,727.5938,326.5226,666.9036,340.381
FY2015-16,2016,CITIBANK N.A,10697.6,3165.38,13862.98,4248.16,3453.23,6449.44,2928.62,6161.59,3232.97
FY2015-16,2016,COMMONWEALTH BANK OF AUSTRALIA,31.8856,-2.57,29.3156,10.9675,27.6127,20.9181,-0.2125,-9.2646,-9.0521
FY2015-16,2016,COOPERATIEVE RABOBANK U.A.,187.4997,59.8803,247.38,95.3613,84.0661,92.1384,39.0964,67.9526,28.8562
FY2015-16,2016,CREDIT AGRICOLE CORPORATE AND INVESTMENT BANK,410.2026,98.0421,508.2447,191.7742,116.256,218.4284,128.781,200.2145,71.4335
FY2015-16,2016,CREDIT SUISSE AG,724.9797,87.3574,812.3371,475.8767,77.2175,249.103,114.5864,259.2429,144.6565
FY2015-16,2016,"CTBC BANK CO., LTD.",50.5665,9.3011,59.8676,16.0986,29.7853,34.4679,22.1412,13.9837,-8.1575
FY2015-16,2016,DBS BANK INDIA LIMITED,2091.8759,280.0086,2371.8845,1339.0135,602.6943,752.8624,421.6169,430.1767,8.5598
FY2015-16,2016,DEUTSCHE BANK AG,4957.4968,955.6976,5913.1944,2139.9982,1327.7798,2817.4986,1259.841,2445.4164,1185.5754
FY2015-16,2016,DOHA BANK Q.P.S.C.,31.0211,9.1834,40.2045,10.8353,25.8872,20.1858,-8.0444,3.482,11.5264
FY2015-16,2016,FIRST ABU DHABI BANK PJSC,6.9351,10.7894,17.7245,,24.658,6.9351,-2.8297,-6.9335,-4.1038
FY2015-16,2016,FIRSTRAND BANK LTD,119.8742,42.2927,162.1669,76.3479,127.5113,43.5263,29.0886,-41.6923,-70.7809
FY2015-16,2016,HONGKONG AND SHANGHAI BANKING CORPN.LTD.,8477.9541,1830.265,10308.2191,4126.7616,2699.9042,4351.1925,1547.4345,3481.5533,1934.1188
FY2015-16,2016,INDUSTRIAL AND COMMERCIAL BANK OF CHINA,106.2384,32.9142,139.1526,31.4404,36.884,74.798,38.5024,70.8282,32.3258
FY2015-16,2016,INDUSTRIAL BANK OF KOREA,17.7141,1.9514,19.6655,0.718,10.663,16.9961,3.636,8.2845,4.6485
FY2015-16,2016,JPMORGAN CHASE BANK NATIONAL ASSOCIATION,1846.8768,786.8608,2633.7376,982.0956,236.2178,864.7812,712.3296,1415.4242,703.0946
FY2015-16,2016,JSC VTB BANK,10.1095,0.7461,10.8556,,12.7055,10.1095,4.8525,-1.8499,-6.7024
FY2015-16,2016,KBC BANK N.V.,29.1371,13.19,42.3271,12.9652,16.7883,16.1719,-1.7345,12.5736,14.3081
FY2015-16,2016,KEB HANA BANK,23.7148,10.77,34.4848,6.3858,13.8236,17.329,8.5394,14.2754,5.736
FY2015-16,2016,KRUNG THAI BANK PUBLIC COMPANY LIMITED,27.0687,0.7395,27.8082,12.9888,3.5159,14.0799,5.273,11.3035,6.0305
FY2015-16,2016,MASHREQ BANK PSC,16.4545,27.9993,44.4538,0.4698,17.2862,15.9847,6.7634,26.6978,19.9344
FY2015-16,2016,MIZUHO BANK LTD,768.4917,68.7645,837.2562,243.9938,213.3717,524.4979,116.0129,379.8907,263.8778
FY2015-16,2016,"MUFG BANK, LTD.",1215.2856,286.3092,1501.5948,702.8906,237.0346,512.395,372.2856,561.6696,189.384
FY2015-16,2016,NATIONAL AUSTRALIA BANK,55.7567,7.6745,63.4312,0.2359,37.5625,55.5208,11.8366,25.6328,13.7962
FY2015-16,2016,PT BANK MAYBANK INDONESIA TBK,21.3567,3.4167,24.7734,2.8204,18.7809,18.5363,1.2224,3.1721,1.9497
FY2015-16,2016,SBERBANK,36.3694,7.343,43.7124,10.6027,15.0692,25.7667,18.6406,18.0405,-0.6001
FY2015-16,2016,SBM BANK (INDIA) LIMITED,129.0055,14.047,143.0525,83.0639,38.4367,45.9416,64.4817,21.5519,-42.9298
FY2015-16,2016,SHINHAN BANK,331.9117,27.2251,359.1368,186.1306,58.1043,145.7811,49.865,114.9019,65.0369
FY2015-16,2016,SOCIETE GENERALE,404.9179,76.4846,481.4025,242.6763,127.2352,162.2416,53.897,111.491,57.594
FY2015-16,2016,SONALI BANK,3.6526,7.6822,11.3348,1.5963,6.8094,2.0563,1.3071,2.9291,1.622
FY2015-16,2016,STANDARD CHARTERED BANK,10019.0993,1993.4803,12012.5796,4154.0669,2917.5223,5865.0324,3934.4869,4940.9904,1006.5035
FY2015-16,2016,SUMITOMO MITSUI BANKING CORPORATION,609.3476,45.2657,654.6133,295.4372,99.4445,313.9104,114.0486,259.7316,145.683
FY2015-16,2016,THE ROYAL BANK OF SCOTLAND N.V.,1131.104,227.8726,1358.9766,481.8808,749.5005,649.2232,98.6315,127.5953,28.9638
FY2015-16,2016,UNITED OVERSEAS BANK LTD,108.155,8.2426,116.3976,30.5084,23.5153,77.6466,27.1253,62.3739,35.2486
FY2015-16,2016,WESTPAC BANKING CORPORATION,205.7135,-33.3113,172.4022,80.1209,48.4724,125.5926,19.4785,43.8089,24.3304
FY2015-16,2016,WOORI BANK,72.8436,4.3907,77.2343,31.3764,16.7605,41.4672,10.9128,29.0974,18.1846
