financial_year,year,bank_name,total_assets,investments,advances,fixed_assets,other_assets,capital,reserves_surplus,deposits,borrowings,other_liabilities_provisions,total_liabilities,interest_earned,other_income,total_income,interest_expended,operating_expenses,net_interest_income,provisions_contingencies,operating_profit,net_profit,crar,tier1_crar,tier2_crar,gross_npa_opening,gross_npa_additions,gross_npa_reduction,gross_npa_writeoff,gross_npa_closing,net_npa_opening,net_npa_closing,return_on_assets,return_on_equity,net_npa_to_net_advances,asset_growth,deposit_growth,advance_growth,calculated_nii,nii_difference,profit_growth
FY2015-16,2016,AB BANK LIMITED,251.675,29.5755,62.1784,1.4424,17.9394,36.9823,55.8906,150.6053,,8.1968,251.675,8.0672,27.712,35.7792,1.7213,14.6311,6.3459,12.3357,19.4268,7.0911,28.52,27.79,0.73,8.4593,0.4387,,,8.898,5.25,3.7,3.07,7.63573399894258,5.95,,,,6.345899999999999,8.881784197001252e-16,
FY2016-17,2017,AB BANK LIMITED,242.7238,41.5833,63.7437,0.9305,23.0232,36.9823,61.1046,136.3877,,8.2492,242.7238,7.4239,28.3174,35.7413,1.7996,17.9848,5.6243,7.8636,15.9569,8.0933,32.95,32.68,0.27,8.898,,,,8.898,3.7,,3.48,8.47644373318363,,-3.556650442038345,-9.440305221662193,2.517433706882133,5.6243,0.0,14.133209234110344
FY2017-18,2018,AB BANK LIMITED,212.7043,33.2583,50.5906,0.8006,22.1366,36.9823,52.3131,117.0494,,6.3595,212.7043,6.9207,26.3867,33.3074,1.7748,15.114,5.1459,7.1937,16.4186,9.2249,36.62,36.33,0.29,8.898,,,,8.898,,,4.17,9.8460740422121,,-12.367761216658613,-14.178917893622367,-20.63435288506942,5.1459,0.0,13.98193567518813
FY2018-19,2019,AB BANK LIMITED,250.2364,31.4388,50.9594,1.0123,26.1087,36.9823,60.3858,148.1205,,4.7478,250.2364,7.7901,28.0454,35.8355,1.8366,15.3392,5.9535,9.3291,18.6597,9.3306,33.56,33.28,0.28,8.898,,,8.898,,,,4.28,10.0532776895322,,17.645200402624695,26.545287716126676,0.7289891798081038,5.9535,0.0,1.1458118787195604
FY2019-20,2020,AB BANK LIMITED,203.4053,39.5833,55.0234,0.6599,10.289,36.9823,56.363,105.8204,,,203.4053,7.1076,26.0088,33.1164,1.3698,25.8519,5.7378,2.6549,5.8947,3.2398,45.0,44.44,0.56,8.898,,,8.898,,,,1.31,3.39755885,,-18.714743338698923,-28.557897117549558,7.974976157490077,5.7378,0.0,-65.27768846590789
FY2020-21,2021,AB BANK LIMITED,299.227382,40.417562,61.285667,0.546988,10.836998,36.98226,64.075516,193.734991,,,299.227382,5.047394,23.257987,28.305381,0.978478,15.091937,4.068916,4.522498,12.234966,7.712468,35.34,34.94,0.4,,,,,,,,3.01,7.935,,47.10894062249113,83.07905753522004,11.38109786018311,4.068916,0.0,138.0538304833632
FY2021-22,2022,AB BANK LIMITED,343.8438,56.0074,61.1475,0.3286,11.5178,74.1283,44.2133,221.1961,,,343.8438,4.9524,29.9984,34.9508,0.7179,17.2312,4.2345,6.9589,17.0017,10.0428,53.08,52.57,0.51,,,,,,,,3.28,9.154812,,14.91053983822912,14.174573657682732,-0.22544749329398428,4.2345,0.0,30.21512698658846
FY2022-23,2023,AB BANK LIMITED,257.243534,59.671753,54.288749,0.464579,10.598396,74.12826,46.132987,132.243664,,,257.243534,8.702263,27.278383,35.980646,0.64605,16.421162,8.056213,9.923058,18.913434,8.990379,70.55,69.84,0.71,,,,,,,,2.71,7.535852,,-25.18593210056426,-40.214287684095694,-11.21673167341265,8.056213,0.0,-10.479358346277923
FY2023-24,2024,AB BANK LIMITED,436.387818,74.26462,68.220079,0.341193,13.292653,157.33451,53.094115,221.522052,,,436.387818,14.942926,28.458692,43.401618,0.668962,15.985898,14.273964,11.524139,26.746758,15.222619,96.32,95.61,0.71,,,,,,,,4.64,9.206583,,69.63995604258801,67.51052209200739,25.661541768074247,14.273964,0.0,69.32121549047041
FY2024-25,2025,AB BANK PLC,474.746737,132.275977,73.372676,2.855297,11.998753,157.33451,64.385706,248.044642,,,474.746737,23.508785,33.101687,56.610472,0.364533,21.395341,23.144252,13.48479,34.850598,21.365808,87.97,87.21,0.76,,,,,,,,5.1,9.888171,,,,,23.144251999999998,3.552713678800501e-15,
FY2015-16,2016,ABU DHABI COMMERCIAL BANK PJSC,2693.0871,308.6127,1996.475,8.9912,73.4742,217.0187,151.6656,2083.609,132.2096,108.5842,2693.0871,185.235,21.602,206.837,138.5873,38.4605,46.6477,12.5728,29.7892,17.2164,24.89,24.07,0.82,23.1076,,,,23.1076,1.3521,1.3521,0.67,4.78132261485836,0.07,,,,46.647700000000015,-1.4210854715202004e-14,
FY2016-17,2017,ABU DHABI COMMERCIAL BANK PJSC,3475.1443,684.941,2310.8138,9.3636,75.5316,217.0187,167.5111,2837.4194,165.7,87.4951,3475.1443,198.2442,26.5444,224.7886,153.379,40.2636,44.8652,15.3005,31.146,15.8455,25.52,24.64,0.88,23.1076,,,,23.1076,1.3521,1.3521,0.54,4.20743584061955,0.06,29.03943210748734,36.17811211220532,15.744690016153463,44.865200000000016,-1.4210854715202004e-14,-7.962756441532493
FY2017-18,2018,ABU DHABI COMMERCIAL BANK PJSC,3417.8669,998.978,2030.4009,10.2425,94.3121,217.0187,183.9103,2321.6277,614.6573,80.6529,3417.8669,181.1469,19.5746,200.7215,125.6113,43.7725,55.5356,14.9385,31.3377,16.3992,19.02,18.43,0.59,23.1076,,,,23.1076,1.3521,,0.6,4.17569960384937,,-1.648202061710069,-18.178197414171493,-12.134811554267156,55.53559999999999,1.4210854715202004e-14,3.494367486037042
FY2018-19,2019,ABU DHABI COMMERCIAL BANK PJSC,2812.3225,837.6411,1525.7647,8.6864,93.6846,217.0187,178.2227,2066.9954,274.0971,75.9886,2812.3225,192.2464,5.7041,197.9505,142.9273,51.2628,49.3191,9.448,3.7604,-5.6876,28.12,27.18,0.94,23.1076,53.3484,1.3521,21.7273,53.3766,1.3521,39.9503,-0.19,-1.42873937538999,2.62,-17.7170269561989,-10.967835195970487,-24.854017745953527,49.31909999999999,7.105427357601002e-15,-134.68217961851798
FY2019-20,2020,ABU DHABI COMMERCIAL BANK PJSC,327.9398,,,3.7123,26.2034,217.0187,86.661,,,,327.9398,95.2232,-5.7819,89.4413,62.6927,83.0747,32.5305,35.2356,-56.3261,-91.5617,206.85,206.85,,53.3766,74.6765,64.3669,63.6862,,39.9503,,-6.43,-26.20086874,,-88.3391822950604,,,32.5305,0.0,1509.847738940854
FY2020-21,2021,ABU DHABI COMMERCIAL BANK PJSC,306.8053,,,3.6201,23.6965,217.0187,89.7176,,,,306.8053,6.6193,0.1957,6.815,,2.9009,6.6193,0.8576,3.9141,3.0565,201.29,201.29,,,,,,,,,0.99,1.001,,-6.444627946958558,,,,,-103.33818616299173
FY2021-22,2022,ABU DHABI COMMERCIAL BANK PJSC,296.6728,,,2.7152,24.1079,217.0187,79.601,,,,296.6728,5.6689,3.7311,9.4,,18.808,5.6689,0.7086,-9.408,-10.1166,278.08,278.08,,,,,,,,,-3.31,-3.353443,,-3.3025831040076503,,,,,-430.98642237853755
FY2021-22,2022,AIRTEL PAYMENTS BANK LIMITED,2128.3136,1082.4048,,128.7215,367.0709,2348.347,-2001.0683,992.3983,57.4946,,2128.3136,54.1439,887.1979,941.3418,17.7624,912.5967,36.3815,1.9627,10.9827,9.02,58.26,58.26,,,,,,,,,0.5,,,,,,36.3815,0.0,
FY2022-23,2023,AIRTEL PAYMENTS BANK LIMITED,3026.4536,1631.271,,315.9287,326.278,2374.2715,-1979.4293,1678.9458,84.982,,3026.4536,96.134212,1194.945667,1291.079879,31.937169,1231.257468,64.197043,6.246275,27.885242,21.638967,49.1,49.1,,,,,,,,,0.87,5.831664,,42.199608178042936,69.1806404746965,,64.19704300000001,-1.4210854715202004e-14,139.8998558758315
FY2023-24,2024,AIRTEL PAYMENTS BANK LIMITED,4697.600684,2623.762922,,624.513636,383.855344,2413.1582,-1909.379016,2630.536068,,,4697.600684,165.108042,1670.688587,1835.796629,43.909157,1744.81321,121.198885,12.566601,47.074262,34.507661,38.31,38.31,,,,,,,,,0.99,7.680134,,55.21799785729411,56.67784320375322,,121.19888500000002,-1.4210854715202004e-14,59.47000150238224
FY2024-25,2025,AIRTEL PAYMENTS BANK LIMITED,7511.082794,3293.993756,,739.124946,650.943807,2465.007036,-1820.331111,3418.064861,129.847904,,7511.082794,252.708901,2455.924101,2708.633002,61.836107,2604.225195,190.872794,-20.029171,42.5717,62.600871,37.95,37.95,,,,,,,,,1.2,10.901753,,59.89189586894228,29.937958372065165,,190.872794,0.0,81.41151612681021
FY2015-16,2016,ALLAHABAD BANK,239825.3646,57154.9017,152372.0514,3255.8331,4686.4249,613.8042,13450.2324,200644.3979,18707.0405,6409.8896,239825.3646,18884.9455,1910.1265,20795.072,12986.4529,3674.7163,5898.4926,4877.2111,4133.9028,-743.3083,11.02,8.41,2.61,8357.97,12924.81,2242.96,3655.25,15384.57,5978.89,10292.51,-0.33,-5.56643143083773,6.76,,,,5898.492600000001,-1.8189894035458565e-12,
FY2016-17,2017,ALLAHABAD BANK,237037.8832,55136.0686,150752.6993,3191.8503,5901.9481,743.6899,13552.7105,201870.2157,14670.3247,6200.9424,237037.8832,17660.3936,2644.3311,20304.7247,12373.3636,4064.592,5287.03,4180.2851,3866.7691,-313.516,11.45,8.49,2.96,15384.57,11417.0,3671.69,2442.05,20687.83,10292.51,13433.51,-0.13,-2.21093913327217,8.92,-1.1622963253487328,0.6109404562647747,-1.062761894403419,5287.029999999999,9.094947017729282e-13,-57.82153919174588
FY2017-18,2018,ALLAHABAD BANK,252714.3103,67714.0245,152060.7442,3132.0863,8385.5667,844.0443,9424.3472,213603.8278,21400.5155,7441.5755,252714.3103,16358.4926,2692.5602,19051.0528,11626.1027,3986.6261,4732.3899,8112.6919,3438.324,-4674.3679,8.69,6.69,2.0,20687.83,12903.28,3379.08,3649.24,26562.79,13433.51,12229.13,-1.96,-38.0574597906527,8.04,6.613469074381273,5.812453342516544,0.8676759395179756,4732.3899,0.0,1390.9503502213604
FY2018-19,2019,ALLAHABAD BANK,248575.7709,79557.9133,142212.163,3538.2578,9033.921,2096.8358,7033.4819,214334.0675,12488.941,12622.4447,248575.7709,16864.2937,1700.2043,18564.498,11353.4834,4444.001,5510.8103,11100.9748,2767.0136,-8333.9612,12.51,9.68,2.83,26562.79,10726.32,4301.34,4282.99,28704.78,12229.13,7419.31,-3.48,-85.922842742547,5.22,-1.6376355557732758,0.3418663923399956,-6.476741417920795,5510.810299999999,9.094947017729282e-13,78.29065615481399
FY2019-20,2020,ALLAHABAD BANK,258002.1179,80666.5774,142964.7811,3510.4248,9109.9057,4527.4815,8135.2924,228608.5075,9102.5665,,258002.1179,16925.0161,2456.6878,19381.7039,11474.6162,4818.5832,5450.3999,8484.5906,3088.5045,-5396.0861,12.01,8.01,4.0,28704.78,13246.13,5101.06,9002.98,27846.87,7419.31,8088.09,-2.22,-49.5210702459489,5.66,3.7921423177611935,6.6599025374256104,0.5292220328580344,5450.3999,0.0,-35.251845184976375
FY2015-16,2016,AMERICAN EXPRESS BANKING CORP.,4621.8767,881.0611,2989.4061,29.4879,545.1583,996.9644,7.681,1078.8732,1333.5406,1204.8175,4621.8767,203.9507,844.9252,1048.8759,147.8365,828.4833,56.1142,97.6833,72.5561,-25.1272,21.31,11.98,9.33,20.2268,172.0644,61.0908,81.5678,49.6326,15.1701,24.7821,-0.64,-2.50110138363247,0.83,,,,56.11420000000001,-1.4210854715202004e-14,
FY2016-17,2017,AMERICAN EXPRESS BANKING CORP.,6126.291,1627.784,3563.9568,32.328,667.9369,1147.4884,19.9384,1429.1922,964.3771,2565.2949,6126.291,272.797,1081.6357,1354.4327,110.0428,1058.4103,162.7542,136.95,185.9796,49.0296,20.73,13.02,7.71,49.6326,209.5655,105.2388,106.45,47.5093,24.7821,19.9105,0.96,4.51454606343196,0.56,32.54985793974123,32.470822335748075,19.219560032342198,162.75420000000003,-2.842170943040401e-14,-295.1256009424051
FY2017-18,2018,AMERICAN EXPRESS BANKING CORP.,7725.2608,1863.8151,5098.1045,28.0102,446.4005,1423.8924,40.241,1610.5638,1703.9801,2946.5835,7725.2608,363.3676,1237.4506,1600.8182,125.8108,1225.6795,237.5568,168.1175,249.3279,81.2104,17.94,12.59,5.35,47.5093,265.4029,126.8467,101.2165,84.849,19.9105,38.5472,1.27,6.17203436957285,0.76,26.10012811993423,12.690497471228856,43.04619236686595,237.55679999999998,2.842170943040401e-14,65.63545286928714
FY2018-19,2019,AMERICAN EXPRESS BANKING CORP.,8549.6745,2341.1094,5339.8404,31.6448,499.0072,1760.3299,47.3155,2135.5294,1253.429,3353.0707,8549.6745,518.7308,1421.6713,1940.4021,146.1081,1512.5894,372.6227,253.4761,281.7046,28.2285,24.36,14.92,9.44,84.849,707.375,426.1694,166.4665,199.5881,38.5472,108.2073,0.36,1.72557509083438,2.03,10.671661725646842,32.59514463196056,4.741681932961539,372.6227,0.0,-65.24028942105937
FY2019-20,2020,AMERICAN EXPRESS BANKING CORP.,8247.8773,3340.9924,3987.3855,30.7012,537.8054,1760.3299,48.7531,2128.9851,2059.6093,,8247.8773,687.2936,1463.6807,2150.9743,150.1487,1791.7836,537.1449,203.4118,209.042,5.6302,40.44,17.56,22.88,199.5881,1252.4459,1191.7138,180.2033,80.1169,108.2073,36.8585,0.07,0.311342151,0.92,-3.529926197775124,-0.30644860239339433,-25.327627769549068,537.1449,0.0,-80.05490904582248
FY2020-21,2021,AMERICAN EXPRESS BANKING CORP.,7603.9168,3260.7358,3137.5953,25.0371,823.1709,2215.3299,48.7531,2538.7116,1568.5034,,7603.9168,601.6293,722.774,1324.4033,103.2258,1257.6263,498.4035,260.2461,-36.4488,-296.6949,37.54,21.42,16.12,80.1169,404.9789,104.7772,127.0084,253.3102,36.8585,40.7576,-4.18,-14.568,1.3,-7.80759068760638,19.24515582565609,-21.311964945451102,498.40349999999995,5.684341886080802e-14,-5369.704450996413
FY2021-22,2022,AMERICAN EXPRESS BANKING CORP.,8677.5974,3097.4058,3670.9513,557.5702,1106.3689,2215.3299,48.7531,2818.068,2104.6741,,8677.5974,529.571,936.6073,1466.1783,106.9998,1257.6525,422.5712,106.4646,101.526,-4.9386,28.73,18.24,10.49,253.3102,686.6966,497.5001,215.1535,227.3532,40.7576,20.492,-0.07,-0.218128,0.56,14.120099262527441,11.003865110160604,16.998878089854365,422.57120000000003,-5.684341886080802e-14,-98.33546178245733
FY2022-23,2023,AMERICAN EXPRESS BANKING CORP.,9849.6765,4095.9055,3970.7783,492.1232,973.988,2215.3299,66.4512,3214.2161,2581.3928,,9849.6765,602.6518,1259.3861,1862.0379,130.4388,1617.1872,472.213,43.6196,114.4119,70.7923,32.34,18.79,13.55,227.3532,1986.104,1847.6865,77.6535,288.1172,20.492,41.4015,0.77,3.114581,1.04,13.506954125343483,14.057435803536311,8.167555913912562,472.21299999999997,5.684341886080802e-14,-1533.4487506580813
FY2023-24,2024,AMERICAN EXPRESS BANKING CORP.,10643.4778,4609.9075,4718.7231,388.1511,557.4697,2215.3299,-386.9221,4116.5047,2682.1128,,10643.4778,665.8335,1541.6022,2207.4357,208.7434,1909.3658,457.0901,23.1034,89.3265,66.2231,23.48,16.28,7.2,288.1172,1870.4554,1798.1033,98.5899,261.8794,41.4015,38.1327,0.65,3.222387,0.81,8.059161130824965,28.07180886188705,18.836226641008903,457.09009999999995,5.684341886080802e-14,-6.454374275168339
FY2024-25,2025,AMERICAN EXPRESS BANKING CORP.,12243.7562,4660.5838,6194.7637,316.6378,692.058,2215.3299,-373.5294,5157.5965,2765.7841,,12243.7562,752.9684,1917.0689,2670.0373,298.777,2232.6205,454.1914,125.2471,138.6398,13.3927,17.2,13.05,4.15,261.8794,2006.3593,1835.8914,137.0689,295.2784,38.1327,37.8159,0.12,0.729806,0.61,15.035296075874749,25.290674391796486,31.28050891564289,454.1914,0.0,-79.77639222567352
FY2015-16,2016,ANDHRA BANK,199961.7586,53864.1938,130787.8926,1368.4445,4968.8759,681.1635,10313.2258,174302.4023,9715.592,4949.375,199961.7586,17634.6752,1564.4745,19199.1497,12313.7109,2925.4358,5320.9643,3420.1663,3960.003,539.8367,11.58,8.81,2.77,6876.54,6332.04,950.63,814.32,11443.63,3688.63,6035.65,0.28,5.12702521476328,4.61,,,,5320.9643000000015,-1.8189894035458565e-12,
FY2016-17,2017,ANDHRA BANK,223099.3786,59697.4889,136846.3336,1530.7038,7289.7091,681.1635,10685.4961,195441.2451,8855.1767,7436.2972,223099.3786,18027.4181,2308.3054,20335.7235,12495.7744,3451.9935,5531.6437,4213.6235,4387.9556,174.3321,12.38,9.17,3.21,11443.63,9521.47,1672.01,1623.11,17669.98,6035.65,10354.81,0.08,1.55924796533136,7.57,11.571022460491598,12.127682992926836,4.632264408854003,5531.643699999999,9.094947017729282e-13,-67.70651198779186
FY2017-18,2018,ANDHRA BANK,242171.3712,64770.2981,149064.125,1473.2958,10919.3446,1198.8318,9619.4549,208070.4786,18269.0486,5013.5573,242171.3712,17974.538,2372.0618,20346.5998,11639.7796,3345.7885,6334.7584,8773.5593,5361.0317,-3412.5276,11.0,7.44,3.56,17669.98,13864.23,1744.25,1665.6,28124.36,10354.81,12636.87,-1.46,-30.76435303339,8.48,8.548653393694394,6.461908024346696,8.928110149967505,6334.758400000001,-9.094947017729282e-13,-2057.486659083439
FY2018-19,2019,ANDHRA BANK,249311.4154,62953.0914,158822.6873,1558.0848,10943.713,2884.4878,10280.6374,219821.0,10278.109,6047.1812,249311.4154,18932.2205,2045.0403,20977.2608,12223.9915,3730.1489,6708.229,7809.2476,5023.1204,-2786.1272,13.68,10.38,3.3,28124.36,5274.94,2145.15,2280.18,28973.97,12636.87,9091.4,-1.09,-23.2337851813319,5.73,2.948343631462258,5.647375581131575,6.546553236736208,6708.228999999999,9.094947017729282e-13,-18.355907216691815
FY2019-20,2020,ANDHRA BANK,243871.0617,61331.166,157742.3333,1482.5126,12202.9954,3095.5373,9132.3638,212609.3768,14129.5804,,243871.0617,19784.1791,2742.942,22527.1211,12795.4885,4639.0376,6988.6906,6416.7271,5092.595,-1324.1321,11.12,8.16,2.96,28973.97,5899.84,1970.69,4194.58,28708.54,9091.4,7764.52,-0.5,-10.4291003707581,4.92,-2.182151864675508,-3.2806798258583125,-0.6802264955757309,6988.690600000002,-1.8189894035458565e-12,-52.4740973778943
FY2017-18,2018,AU SMALL FINANCE BANK LIMITED,18832.7727,3050.5944,13312.1307,386.0867,322.7422,285.7036,1995.4791,7923.3193,7638.8647,989.406,18832.7727,1767.1899,388.0601,2155.25,826.7285,752.6092,940.4614,283.8727,575.9123,292.0396,19.31,18.42,0.89,124.51,206.25,55.09,5.93,269.74,80.46,169.34,2.04,12.8021135702984,1.27,,,,940.4614,0.0,
FY2018-19,2019,AU SMALL FINANCE BANK LIMITED,32622.7965,7161.6711,22818.7308,447.03,455.1712,292.3575,2870.5334,19422.4356,8613.3587,1424.1113,32622.7965,2949.1288,461.911,3411.0398,1606.5264,1082.6075,1342.6024,340.0991,721.9059,381.8068,19.31,15.96,3.35,269.74,447.73,227.7,19.63,470.14,169.34,294.5,1.48,14.0265113241673,1.29,73.22354503859114,145.1300378617835,71.41306162205876,1342.6024,0.0,30.73802319959349
FY2019-20,2020,AU SMALL FINANCE BANK LIMITED,42143.070952,10668.215338,26992.415413,447.998338,664.763289,304.123327,4072.687824,26163.928458,10335.32358,,42143.070952,4285.884292,706.091972,4991.976264,2376.944011,1417.85853,1908.940281,522.389268,1197.173723,674.784455,21.99,18.36,3.63,470.14366,617.025305,582.255156,47.128943,457.784866,294.498046,217.302322,1.81,17.89949922,0.81,29.182888879560043,34.70982217080951,18.2906080516976,1908.9402809999997,2.2737367544323206e-13,76.7345303960013
FY2020-21,2021,AU SMALL FINANCE BANK LIMITED,51591.305915,10815.413904,34608.914208,482.368494,903.273748,312.21339,5963.002447,35979.314198,7029.695679,,51591.305915,4950.051549,1420.932649,6370.984198,2584.609747,1658.425222,2365.441802,957.264583,2127.949229,1170.684646,23.37,21.53,1.84,457.784866,1285.777236,126.117012,114.614888,1502.830202,217.302322,755.454682,2.5,21.981,2.18,22.419426846613334,37.51495405499323,28.217181302462357,2365.441802,0.0,73.49016227707854
FY2021-22,2022,AU SMALL FINANCE BANK LIMITED,69077.800442,15306.504313,46095.256419,622.571224,1124.953371,314.900031,7199.113988,52584.620544,5990.778653,,69077.800445,5921.73069,993.694162,6915.424852,2687.60584,2412.774233,3234.12485,685.210544,1815.044779,1129.834235,20.99,19.69,1.3,1502.829069,1442.124545,1832.959165,187.616276,924.378173,755.454682,271.845456,1.87,16.387199,0.5,33.89426613044093,46.15237037209299,33.188970165220844,3234.12485,0.0,-3.4894462090690026
FY2022-23,2023,AU SMALL FINANCE BANK LIMITED,90216.11845,20072.00988,58421.54406,740.139275,1557.252926,666.745055,10310.59868,69364.98644,6298.652106,,90216.11845,8205.408316,1034.464265,9239.872581,3780.126365,3440.270043,4425.281951,591.550911,2019.476173,1427.925262,23.59,21.78,1.81,924.378173,1239.882053,992.454945,190.492652,981.312629,271.845456,286.158756,1.79,15.444245,0.42,30.600739850928548,31.911166653677924,26.74090264073079,4425.281950999999,9.094947017729282e-13,26.383607237746688
FY2023-24,2024,AU SMALL FINANCE BANK LIMITED,109425.6699,27133.36527,73162.65476,851.592417,1901.723151,669.162451,11890.36904,87182.11636,5479.372156,,109425.6699,10554.71304,1697.142032,12251.85507,5397.629332,4464.80358,5157.083705,854.703172,2389.422157,1534.718985,20.06,18.8,1.26,981.312629,1698.192858,1037.109591,404.995533,1237.400363,286.158756,441.986969,1.54,13.040975,0.55,21.29281527518434,25.68605694951247,25.232319578648266,5157.083708,-3.000000106112566e-06,7.478943460277554
FY2024-25,2025,AU SMALL FINANCE BANK LIMITED,157845.6662,37847.52354,107092.4845,912.465098,2526.831293,744.530531,16421.75126,124268.5438,11659.90244,,157845.6662,16063.73086,2526.311082,18590.04194,8052.149415,5957.215308,8011.58144,2474.750616,4580.677214,2105.926598,20.06,18.14,1.92,1237.400363,3995.604386,1584.800304,1171.174591,2477.029854,441.986969,832.340435,1.53,14.169009,0.74,44.24921167423441,42.539030925631,46.37588651109248,8011.581445,-4.999999873689376e-06,37.21903609604465
FY2015-16,2016,AUSTRALIA AND NEW ZEALAND BANKING GROUP LIMITED,5707.0087,1778.864,2530.6778,81.2366,1077.9598,1131.1074,146.9034,2193.5949,970.505,1264.898,5707.0087,290.7034,139.3426,430.046,188.8414,158.7069,101.862,34.9396,82.4977,47.5581,18.26,17.97,0.29,,,,,,,,0.85,3.79181120235555,,,,,101.862,0.0,
FY2016-17,2017,AUSTRALIA AND NEW ZEALAND BANKING GROUP LIMITED,6378.5046,1595.5152,1938.5176,73.9159,1998.9975,1131.1074,183.9917,2843.5015,114.4713,2105.4327,6378.5046,245.5129,136.8297,382.3426,164.8438,148.9356,80.6691,31.4749,68.5632,37.0883,19.45,19.12,0.33,,,,,,,,0.67,2.86052665951412,,11.766162192813901,29.627466766995127,-23.399272716582097,80.66910000000001,-1.4210854715202004e-14,-22.014756687083814
FY2017-18,2018,AUSTRALIA AND NEW ZEALAND BANKING GROUP LIMITED,5352.017,1551.2361,1953.3446,62.1921,1107.8446,1131.1074,242.192,2734.167,,1244.5506,5352.017,287.5013,104.8414,392.3427,158.0391,142.6028,129.4622,33.5005,91.7008,58.2003,25.48,25.2,0.28,,,,,,,,0.89,4.32973757424727,,-16.09291933410223,-3.8450656699143604,0.7648628003171121,129.46220000000002,-2.842170943040401e-14,56.92361202859124
FY2018-19,2019,AUSTRALIA AND NEW ZEALAND BANKING GROUP LIMITED,7719.1314,3362.9949,2251.265,53.3252,1638.1167,1131.1074,257.3911,4037.3442,154.3058,2138.9829,7719.1314,362.1589,94.9718,457.1307,196.1623,136.4377,165.9966,109.3316,124.5307,15.1991,18.82,18.42,0.4,,99.9674,,,99.9674,,,0.21,1.10066706908569,,44.22845443129199,47.662677517503504,15.251809639732805,165.99660000000003,-2.842170943040401e-14,-73.8848425179939
FY2019-20,2020,AUSTRALIA AND NEW ZEALAND BANKING GROUP LIMITED,10348.9629,3561.8873,3265.2472,45.1523,2579.9908,1131.1074,342.0974,4548.4791,834.9737,,10348.9629,415.4478,100.816,516.2638,211.8926,138.6618,203.5552,81.0031,165.7094,84.7063,14.7,13.63,1.07,99.9674,,,74.9674,25.0,,,1.02,5.919991776,,34.069008075183184,12.660176459564676,45.04055275589502,203.55519999999999,2.842170943040401e-14,457.3112881683784
FY2020-21,2021,AUSTRALIA AND NEW ZEALAND BANKING GROUP LIMITED,9281.9098,3494.2275,2150.3822,36.6849,1840.1963,2256.2554,467.7539,2127.9584,1880.8156,,9281.9098,379.7287,75.284,455.0127,119.2286,135.6812,260.5001,74.4464,200.1029,125.6565,32.82,31.73,1.09,25.0,,,,25.0,,,1.35,5.988,,-10.310724951965966,-53.216045337000665,-34.1433567418724,260.5001,0.0,48.34374774957706
FY2021-22,2022,AUSTRALIA AND NEW ZEALAND BANKING GROUP LIMITED,12520.2721,4809.3699,2706.1462,31.6163,2279.5539,2256.2554,519.9465,4486.6926,964.9622,,12520.2721,368.2251,0.2802,368.5053,107.4274,168.3441,260.7977,40.5412,92.7338,52.1926,26.69,25.43,1.26,25.0,,,,25.0,,,0.51,1.89784,,34.88896541528557,110.84493944994414,25.84489399140302,260.79769999999996,5.684341886080802e-14,-58.46406672157827
FY2022-23,2023,AUSTRALIA AND NEW ZEALAND BANKING GROUP LIMITED,17969.5205,7575.621,3169.6553,24.6418,3910.813,2256.2554,609.4625,6062.3114,2684.0912,,17969.5205,652.1996,-32.1544,620.0452,278.4303,141.0666,373.7693,71.8879,200.5483,128.6604,20.11,18.73,1.38,25.0,,25.0,,,,,0.77,4.560873,,43.52340233883574,35.11760088043472,17.12801400013051,373.76930000000004,-5.684341886080802e-14,146.51080804558504
FY2023-24,2024,AUSTRALIA AND NEW ZEALAND BANKING GROUP LIMITED,27939.1149,17757.7255,3877.7561,27.8149,4658.739,2542.5927,675.7887,7963.6249,10966.2518,,27939.1149,1243.1979,-72.9377,1170.2602,774.1697,145.7253,469.0282,101.8129,250.3652,148.5523,20.43,19.64,0.79,,,,,,,,0.66,4.883296,,55.48058113181151,31.362847840511797,22.339993878829677,469.02819999999986,1.7053025658242404e-13,15.460778918765982
FY2024-25,2025,AUSTRALIA AND NEW ZEALAND BANKING GROUP LIMITED,37754.7644,22801.6942,4323.6731,19.2623,6202.4866,2888.5427,1093.9907,8023.8488,18278.969,,37754.7644,1879.9122,176.1906,2056.1028,1376.6365,196.3093,503.2757,203.7564,483.157,279.4006,17.91,15.81,2.1,,,,,,,,0.87,7.760142,,35.13228509611805,0.7562372758164404,11.499356547978866,503.2756999999999,5.684341886080802e-14,88.08231175148416
FY2015-16,2016,AXIS BANK LIMITED,539821.0196,131524.0609,338773.7229,3523.1719,32674.6235,476.5664,52688.3409,357967.5603,108580.3789,20108.1731,539821.0196,40988.0364,9371.4644,50359.5008,24155.0675,10100.8186,16832.9689,7879.9519,16103.6147,8223.6628,15.29,12.51,2.78,4110.19,7344.56,2044.71,3322.53,6087.51,1316.71,2522.14,1.72,16.8101865379363,0.74,,,,16832.968899999996,3.637978807091713e-12,
FY2016-17,2017,AXIS BANK LIMITED,601467.6703,128793.3704,373069.3495,3746.8925,45601.8748,479.0072,55283.5346,414378.7878,105030.8694,26295.4713,601467.6703,44542.1579,11691.3107,56233.4686,26449.042,12199.9053,18093.1159,13905.2421,17584.5213,3679.2792,14.95,11.87,3.08,6087.51,21781.79,4366.73,2222.09,21280.48,2522.14,8626.55,0.65,6.75546747931693,2.27,11.41983147408363,15.758754076130167,10.12346126093242,18093.115899999997,3.637978807091713e-12,-55.25984844612063
FY2017-18,2018,AXIS BANK LIMITED,691329.5799,153876.0827,439650.3045,3971.6792,50376.6229,513.3078,62931.9518,453622.7223,148016.1446,26245.4534,691329.5799,45780.3123,10967.0865,56747.3988,27162.5818,13990.3398,18617.7305,15318.7959,15594.4772,275.6813,16.57,13.04,3.53,21280.48,33419.0,8762.99,11687.85,34248.64,8626.55,16591.71,0.04,0.4625222456288,3.64,14.940438869337513,9.470546189961127,17.84680384202939,18617.730499999998,3.637978807091713e-12,-92.50719271318142
FY2018-19,2019,AXIS BANK LIMITED,800996.5316,174969.2759,494797.9721,4036.6358,59988.0125,514.329,66161.9666,548471.3409,152775.7792,33073.1159,800996.5316,54985.7707,13130.3394,68116.1101,33277.597,15833.4077,21708.1737,14328.4971,19005.1054,4676.6083,15.84,12.54,3.3,34248.64,13871.09,9100.84,9229.45,29789.44,16591.71,11275.6,0.63,7.18806087555892,2.2,15.863193893115813,20.909141878759876,12.543529945400046,21708.1737,0.0,1596.3821267528842
FY2019-20,2020,AXIS BANK LIMITED,915164.8161,156734.3203,571424.1564,4312.897,85425.1621,564.3356,84383.5072,640104.9373,147954.133,,915164.8161,62635.1574,15536.5607,78171.7181,37428.9538,17304.6243,25206.2036,21810.9246,23438.14,1627.2154,17.53,14.49,3.04,29789.44,19915.01,9301.36,10169.27,30233.82,11275.6,9360.41,0.2,2.146380408,1.62,14.25328075665291,16.707089243648767,15.486357790592088,25206.203599999993,7.275957614183426e-12,-65.20522362328272
FY2020-21,2021,AXIS BANK LIMITED,986797.6306,226119.6213,614399.3979,4245.0264,80303.764,612.7497,100990.2605,697985.2901,142873.1597,,986797.6306,63346.2321,12263.5985,75609.8306,34107.1103,18375.1491,29239.1218,16539.0706,23127.5712,6588.5006,19.12,16.47,2.65,26604.1,16109.99,8015.37,12017.03,22681.69,9251.99,6584.59,0.7,7.063,1.06,7.8273129866667235,9.04232250482908,7.520725369880421,29239.1218,0.0,304.8941891774131
FY2021-22,2022,AXIS BANK LIMITED,1175428.75,275597.2009,707946.5923,4572.3503,76325.478,613.9496,114560.1076,821971.5463,185133.8631,,1175428.75,67376.8296,15220.5453,82597.3749,34244.6131,23610.7543,33132.2165,11716.5291,24742.0075,13025.4784,18.54,16.34,2.2,22681.69,18915.68,13906.13,9125.61,18565.63,6584.59,4745.3,1.21,12.017395,0.67,19.11548158919951,17.76344830737573,15.225795259523656,33132.216499999995,7.275957614183426e-12,97.70019296955061
FY2022-23,2023,AXIS BANK LIMITED,1317325.532,288814.8338,845302.841,4733.8516,72063.1984,615.3704,124801.2865,946945.2104,186300.0386,,1317325.532,85163.7656,16143.4195,101307.1851,42218.0212,39298.5377,42945.7444,10210.9477,19790.6262,9579.6785,17.64,14.57,3.07,18565.63,14253.58,9551.84,6248.28,17019.09,4745.3,3439.11,0.8,7.963465,0.41,12.07191690691587,15.204135065569236,19.402063685871074,42945.744399999996,7.275957614183426e-12,-26.45430589328681
FY2023-24,2024,AXIS BANK LIMITED,1477208.601,331527.2496,965068.3843,5684.575,60474.0043,617.3141,150444.2617,1068641.392,196811.7504,,1477208.601,109368.6327,22441.9552,131810.5879,59474.1459,35213.284,49894.4868,12261.7248,37123.158,24861.4332,16.63,14.2,2.43,17019.09,14404.64,8732.66,8346.03,14345.04,3439.11,3247.47,1.83,17.984369,0.34,12.1369445225328,12.851449087386403,14.168359254337348,49894.4868,0.0,159.5226259419875
FY2024-25,2025,AXIS BANK LIMITED,1609929.879,396141.7941,1040811.32,6291.6985,66952.974,619.4738,179105.6541,1172952.022,184146.5165,,1609929.879,122677.0401,25257.0562,147934.0963,68329.2212,37499.9428,54347.8189,15731.4504,42104.9323,26373.4819,17.07,15.07,2.0,14345.04,19441.97,8019.43,11806.39,13961.19,3247.47,3685.45,1.74,15.945914,0.35,8.984599596167664,9.761050880200251,7.848452703684727,54347.8189,0.0,6.0819048034608025
FY2015-16,2016,BANDHAN BANK LIMITED,19756.5,3758.0336,12437.5461,237.2311,150.2897,1095.141,2239.3616,12088.7481,3051.6476,1281.6017,19756.5,1581.3605,149.8939,1731.2544,648.5253,615.9175,932.8352,191.5646,466.8116,275.247,29.01,26.72,2.29,,18.77,,,18.77,,10.24,1.88,8.25451448141021,0.08,,,,932.8352,0.0,
FY2016-17,2017,BANDHAN BANK LIMITED,30236.0904,5516.4872,16839.0779,251.7863,263.7403,1095.141,3351.3144,23228.6579,1028.9384,1532.0387,30236.0904,3908.7092,411.4134,4320.1226,1505.2106,1022.005,2403.4986,680.9543,1792.907,1111.9527,26.36,24.77,1.59,18.77,103.37,4.69,31.19,86.26,10.24,61.17,4.46,28.5813829094052,0.36,53.04375977526383,92.15106235855801,35.38906923126903,2403.4986,0.0,303.98358565215966
FY2017-18,2018,BANDHAN BANK LIMITED,44310.056148,8371.940824,29713.036062,238.128351,476.367366,1192.804944,8189.142198,33869.001998,285.0,774.107008,44310.056148,4802.296324,706.184572,5508.480896,1770.060401,1308.31034,3032.235923,1084.55334,2430.110155,1345.556815,31.48,30.3,1.18,86.26,351.58,13.7,51.0,373.14,61.17,172.9,4.03,19.4607701202397,0.58,46.54690987430041,45.80696889078555,76.45286896618013,3032.235923,0.0,21.00845791372239
FY2018-19,2019,BANDHAN BANK LIMITED,56441.7126,10037.4848,39643.3937,331.1959,626.9814,1193.0829,10008.6642,43231.6203,521.3506,1486.9946,56441.7126,6643.3694,1063.0478,7706.4172,2147.9528,1810.279,4495.4166,1796.6835,3748.1854,1951.5019,29.2,27.88,1.32,373.14,763.86,39.95,277.49,819.56,172.9,228.32,4.25,18.9616293077076,0.58,27.3790139454553,27.64362027128191,33.42087835547689,4495.4166,0.0,45.03303600747621
FY2019-20,2020,BANDHAN BANK LIMITED,91717.799137,15351.774405,66629.947673,368.767441,1014.405112,1610.247843,13585.211484,57081.503553,16379.177148,,91717.799137,10885.493336,1549.197444,12434.69078,4561.579032,2426.542173,6323.914304,2422.832022,5446.569575,3023.737553,27.43,25.19,2.24,933.996487,926.01,212.21,655.017222,992.779265,289.296487,389.396154,4.18,22.9095269,0.58,62.500028634850445,32.03646580186123,68.07326884580016,6323.914304,0.0,54.94412549636769
FY2020-21,2021,BANDHAN BANK LIMITED,115016.17479,25155.387502,81612.87593,486.712077,1532.879248,1610.599201,15797.584469,77972.224841,16960.35719,,115016.17479,12524.211776,2022.253913,14546.465689,4960.856345,2816.884931,7563.355431,4563.267522,6768.724413,2205.456891,23.47,22.48,0.99,992.779265,6887.84,84.508468,2038.350724,5757.760073,389.396154,2861.026154,2.13,13.529,3.51,25.402240210974682,36.598057142280815,22.486777763254075,7563.355431,0.0,-27.061894349532533
FY2021-22,2022,BANDHAN BANK LIMITED,138995.174064,29078.710064,93974.9267,587.8852,6032.2993,1610.7659,15770.3848,96330.6131,19921.228,,138995.174063,13871.5662,2822.4993,16694.0655,5157.1016,3523.5605,8714.4646,7887.6094,8013.4034,125.794,20.1,18.89,1.21,5757.760073,9430.27,5561.166704,3246.862611,6380.000758,2861.026154,1564.229451,0.1,0.723176,1.66,20.848371385834707,23.544779306267326,15.14718189885016,8714.4646,0.0,-94.29623854751645
FY2022-23,2023,BANDHAN BANK LIMITED,156037.0926,32365.8918,104756.7691,854.5906,9810.1172,1610.83648,17961.3704,108064.6905,24710.8226,,156037.0926,15904.6996,2468.5507,18373.2503,6645.0814,4636.8194,9259.6182,4896.7115,7091.3495,2194.638,19.76,18.7,1.06,6380.000758,9662.692987,2302.08,8441.989042,5298.624703,1564.229451,1228.272438,1.5,11.877881,1.17,12.260798729712086,12.18104714834416,11.473105410786143,9259.6182,0.0,1644.6285196432264
FY2023-24,2024,BANDHAN BANK LIMITED,177841.659,29287.5784,121136.7833,1173.426221,10073.34492,1610.969748,19954.47838,135201.9863,16371.52398,,177841.659,18869.61812,2171.419762,21041.03788,8550.77663,5850.77779,10318.84149,4409.920759,6639.483459,2229.5627,14.69,13.83,0.86,5298.624703,5681.68,1545.08,4650.34298,4784.881723,1228.272438,1347.609458,1.39,10.839523,1.11,13.973963521542832,25.1120839512329,15.636234623047374,10318.841489999999,1.8189894035458565e-12,1.591364954037977
FY2024-25,2025,BANDHAN BANK LIMITED,191476.2885,40712.2755,131987.3177,1180.381845,8026.9222,1610.971405,22748.13041,151212.4992,11138.49269,,191476.2885,21948.2287,2966.6,24914.8287,10457.6451,7068.4951,11490.5836,4643.393028,7388.6885,2745.295472,18.71,17.86,0.85,4784.881723,5379.005614,1212.120205,2516.20557,6435.561562,1347.609458,1692.84292,1.5,11.955677,1.28,7.666724195369756,11.841921363843166,8.95725815430335,11490.5836,0.0,23.131566203542953
FY2015-16,2016,"BANK OF AMERICA , NATIONAL ASSOCIATION",35353.6578,15952.2829,12346.3754,72.5474,4603.4919,985.3492,5538.2621,13038.6277,11452.3159,4339.1029,35353.6578,2024.9051,574.73,2599.6351,799.7392,585.4209,1225.1659,504.6041,1214.475,709.8709,14.97,14.58,0.39,14.4838,,14.4838,,,9.8082,,2.58,11.5076706453947,,,,,1225.1659,0.0,
FY2016-17,2017,"BANK OF AMERICA , NATIONAL ASSOCIATION",34845.1251,7617.1038,13650.7736,107.3825,5836.221,985.3492,6254.1202,19156.3748,1293.7644,7155.5165,34845.1251,1825.3482,956.1398,2781.488,711.1884,637.1388,1114.1598,717.3027,1433.1608,715.8581,19.24,18.76,0.48,,110.0,,,110.0,,,2.32,10.4025852293375,,-1.4384160837807358,46.920176269777244,10.565029474156429,1114.1598,0.0,0.8434209656995373
FY2017-18,2018,"BANK OF AMERICA , NATIONAL ASSOCIATION",38098.8414,14974.7554,15346.2402,117.959,2818.938,985.3492,6988.445,19072.9977,7547.9443,3504.1052,38098.8414,1978.6495,676.1632,2654.8127,771.7729,676.683,1206.8766,472.032,1206.3568,734.3248,19.42,19.02,0.4,110.0,,99.0,11.0,,,,2.12,9.6537445127816,,9.33765136633129,-0.43524466852674637,12.420296824789467,1206.8766,0.0,2.579659292812342
FY2018-19,2019,"BANK OF AMERICA , NATIONAL ASSOCIATION",54070.2934,22550.3895,19451.7476,117.9045,6504.8405,3188.2612,7846.2193,22625.2885,12833.5241,7577.0003,54070.2934,2320.06,904.6328,3224.6928,931.2256,733.8792,1388.8344,701.8137,1559.588,857.7743,24.68,23.87,0.81,,,,,,,,2.22,9.02527255669343,,41.9210963197427,18.624711520832406,26.75252926120626,1388.8344,0.0,16.81129385797675
FY2019-20,2020,"BANK OF AMERICA , NATIONAL ASSOCIATION",72618.2735,25656.516,23589.065,113.1267,11410.328,3188.2612,9046.0773,39638.1927,5892.2059,,72618.2735,3646.2888,1071.2461,4717.5349,1657.6407,794.7549,1988.6481,1065.2813,2265.1393,1199.858,17.62,16.72,0.9,,0.2236,0.2236,,,,,1.97,10.31301159,,34.30345746930974,75.19419785520083,21.269643659164082,1988.6480999999999,2.2737367544323206e-13,39.880385784465666
FY2020-21,2021,"BANK OF AMERICA , NATIONAL ASSOCIATION",59616.3226,19421.4243,18185.9619,106.7732,8851.9415,3188.2612,10272.9093,36300.5042,255.885,,59616.3226,2621.6265,1047.3042,3668.9307,649.8802,842.6353,1971.7463,949.5832,2176.4152,1226.832,20.04,18.95,1.09,,,,,,,,2.06,9.549,,-17.904516691656124,-8.42038517058825,-22.905117689064824,1971.7462999999998,2.2737367544323206e-13,2.248099358424094
FY2021-22,2022,"BANK OF AMERICA , NATIONAL ASSOCIATION",62332.8262,17742.8935,21912.2432,89.181,8135.3092,3188.2612,11102.4406,39183.8747,15.1733,,62332.8262,2325.8641,677.3917,3003.2558,513.0785,893.4832,1812.7856,767.1628,1596.6941,829.5313,19.62,18.62,1.0,,,,,,,,1.26,5.978201,,4.556644022185963,7.943059093928495,20.48987741473274,1812.7855999999997,2.2737367544323206e-13,-32.38427918410998
FY2022-23,2023,"BANK OF AMERICA , NATIONAL ASSOCIATION",83121.08884,36096.54794,20716.12484,178.519527,11531.54942,5232.56123,12262.07206,52655.42698,941.705569,,83121.08884,3729.147367,278.372928,4007.520295,881.967552,979.011356,2847.179815,986.909624,2146.541387,1159.631764,19.82,18.39,1.43,,534.612786,534.612786,,,,,1.49,7.296646,,33.35042530126766,34.38034748513525,-5.458675997170392,2847.179815,0.0,39.79361164551596
FY2023-24,2024,"BANK OF AMERICA , NATIONAL ASSOCIATION",106784.0034,60159.60979,27437.98387,177.793697,10705.00334,5232.56123,14143.48927,59855.69212,16280.84276,,106784.0034,5616.67107,743.4359797,6360.10705,1872.144521,1013.447363,3744.526549,1593.097955,3474.515166,1881.417211,18.46,16.76,1.7,,7.753967129,7.753967129,,,,,2.09,10.205491,,28.46800359599333,13.674307764582117,32.44747307672626,3744.526549,0.0,62.242641966816635
FY2024-25,2025,"BANK OF AMERICA , NATIONAL ASSOCIATION",137176.2722,79380.94812,34492.26027,240.7979406,14557.90561,6731.93823,16933.97265,66780.08573,32503.46742,,137176.2722,6926.396516,1263.245641,8189.642157,2857.778767,1102.572697,4068.617749,1658.949084,4229.290693,2570.341609,19.14,17.12,2.02,,,,,,,,2.39,11.943422,,28.461443504936067,11.568479729743707,25.70989338510752,4068.617749,0.0,36.617311352957536
FY2015-16,2016,BANK OF BAHRAIN & KUWAIT B.S.C.,1696.8323,390.1301,904.1744,5.5711,82.6165,292.8863,112.9303,1244.0667,,46.949,1696.8323,112.0701,24.4185,136.4886,71.5718,31.1466,40.4983,32.5322,33.7702,1.238,27.68,27.27,0.41,39.92,88.09,19.82,36.58,71.61,26.32,21.29,0.08,0.305529943908848,2.24,,,,40.4983,0.0,
FY2016-17,2017,BANK OF BAHRAIN & KUWAIT B.S.C.,1993.352,382.0388,1157.0144,6.1508,83.1091,292.8863,129.8754,1473.4406,50.0,47.1497,1993.352,127.1292,24.1188,151.248,72.7516,31.2749,54.3776,28.944,47.2215,18.2775,24.65,24.13,0.52,71.61,0.04,8.57,4.56,58.52,21.29,0.02,0.99,4.41177375753142,,17.4748971952031,18.437427832446595,27.96363179492807,54.3776,0.0,1376.373182552504
FY2017-18,2018,BANK OF BAHRAIN & KUWAIT B.S.C.,2357.7269,468.9158,1620.1815,26.5783,65.2108,292.8863,139.6499,1787.1268,84.9958,53.0681,2357.7269,132.1798,21.5571,153.7369,83.0854,34.7264,49.0944,23.5964,35.9251,12.3287,27.75,27.07,0.68,58.52,30.08,11.77,58.21,18.62,0.02,12.72,0.57,2.88290196900986,0.78,18.279506078203944,21.28936857040591,40.03123038053804,49.09439999999999,7.105427357601002e-15,-32.54712077691151
FY2018-19,2019,BANK OF BAHRAIN & KUWAIT B.S.C.,3014.4042,563.7848,1697.4889,24.6132,73.0082,292.8863,144.1269,2247.8671,279.9959,49.528,3014.4042,176.5378,9.6432,186.181,110.3645,37.5357,66.1733,28.1322,38.2808,10.1486,25.96,25.38,0.58,18.62,62.86,1.92,0.01,79.55,12.72,49.84,0.38,2.33422045947016,2.88,27.852135885627803,25.7810637723076,4.7715271406320925,66.1733,0.0,-17.683129608150082
FY2019-20,2020,BANK OF BAHRAIN & KUWAIT B.S.C.,3236.004165,744.602016,1579.800594,21.605291,122.149096,292.88625,138.523232,2640.723889,101.0,,3236.004165,193.675853,19.462332,213.138185,135.476447,45.018459,58.199406,38.247042,32.643279,-5.603763,22.77,22.25,0.52,79.549,7.63412,3.983744,4.551916,78.64746,49.8344,6.581973,-0.18,-1.290561179,0.35,7.351368638618538,17.476869028422538,-6.9330825079327525,58.19940599999998,2.1316282072803006e-14,-155.21710383698243
FY2020-21,2021,BANK OF BAHRAIN & KUWAIT B.S.C.,3031.6329,684.6006,1482.8029,22.5718,161.1405,292.8863,152.4923,2429.9089,80.0,,3031.6329,163.3742,16.988,180.3622,121.4525,38.8141,41.9217,6.1265,20.0956,13.9691,23.85,22.84,1.01,78.6475,3.0012,6.2416,61.25,14.1571,6.582,2.0087,0.45,3.186,0.06,-6.315543941829249,-7.983227246065184,-6.139869447346225,41.9217,0.0,-349.28070655379247
FY2021-22,2022,BANK OF BAHRAIN & KUWAIT B.S.C.,2592.4168,598.5284,1623.3966,21.3892,122.7105,292.8863,158.9363,2005.3492,80.0,,2592.4168,138.268,21.7465,160.0145,103.4842,38.6619,34.7838,10.210059,17.8684,7.658341,26.09,24.89,1.2,14.1571,16.7377,4.5511,8.8793,17.4644,2.0087,13.8187,0.27,1.707162,0.79,-14.487773239299528,-17.472247622122783,9.481617550114052,34.7838,0.0,-45.176561124195544
FY2022-23,2023,BANK OF BAHRAIN & KUWAIT B.S.C.,2751.0367,533.0787,1728.8619,22.2055,150.8176,292.8863,168.0374,2238.2742,,,2751.0367,145.8657,19.1989,165.0646,93.2542,43.6398,52.6115,11.007,28.1706,17.1636,22.13,21.36,0.77,17.4644,1.0085,0.115,,18.3579,13.8187,13.399332,0.64,3.76087,0.71,6.118611019647768,11.615184028796577,6.49658253565395,52.61150000000001,-7.105427357601002e-15,124.1164241707179
FY2023-24,2024,BANK OF BAHRAIN & KUWAIT B.S.C.,2558.0619,529.4528,1434.3282,21.388,137.9687,292.8863,157.9597,2064.5976,,,2558.0619,166.9487,30.502604,197.451304,115.0074,49.557404,51.9413,26.9901,32.8865,5.8964,22.87,22.02,0.85,18.3579,0.650442,0.420574,0.198066,18.389702,13.399332,2.889332,0.22,1.293397,0.13,-7.014621069940652,-7.7593978432133,-17.036276870928802,51.9413,0.0,-65.6459017921648
FY2024-25,2025,BANK OF BAHRAIN & KUWAIT B.S.C.,2414.761826,600.5528,1415.0667,20.1645,132.823248,292.8863,159.8266,1897.793,14.9874,,2414.761826,168.299768,14.966948,183.266716,113.617397,47.60482,54.682371,21.709899,22.044499,0.3346,29.5,28.56,0.94,18.389702,4.708588,1.181141,16.737633,5.179516,2.889332,0.088446,0.01,0.074063,,-5.6019001729395335,-8.07927898395311,-1.3428934883940702,54.682371,0.0,-94.32535106166475
FY2015-16,2016,BANK OF BARODA,671376.4769,120450.521,383770.1803,6253.7756,27001.6501,462.0931,39736.8922,574037.8722,33471.7002,23667.9192,671376.4769,44061.2774,4998.8616,49060.139,31321.4257,8923.1371,12739.8517,14211.1135,8815.5762,-5395.5373,13.18,10.79,2.39,16261.44,27828.38,2014.63,1554.15,40521.04,8069.49,19406.46,-0.78,-13.4830568444708,5.06,,,,12739.8517,0.0,
FY2016-17,2017,BANK OF BARODA,694875.4235,129630.5396,383259.2231,5758.3734,25757.3749,462.0931,39841.1602,601675.1729,30611.44,22285.5573,694875.4235,42199.9298,6758.0609,48957.9907,28686.5191,9296.4023,13513.4107,9591.9333,10975.0693,1383.136,12.24,9.93,2.31,40521.04,13311.63,6598.4,4515.57,42718.7,19406.46,18080.18,0.2,3.43626717481121,4.72,3.500114676120858,4.814543088260037,-0.13314145450294967,13513.410699999997,3.637978807091713e-12,-125.63481490527366
FY2017-18,2018,BANK OF BARODA,719999.7716,163184.5305,427431.8313,5367.3922,31118.6387,530.3644,42864.4075,591314.8224,62571.9719,22718.2054,719999.7716,43648.5418,6657.1527,50305.6945,28126.7669,10173.3696,15521.7749,14437.3702,12005.558,-2431.8122,12.13,10.46,1.67,42718.7,24152.34,5442.47,4948.19,56480.38,18080.18,23482.65,-0.34,-5.81091894149015,5.49,3.6156622108538095,-1.721917567258835,11.525517335945356,15521.7749,0.0,-275.8187336603197
FY2018-19,2019,BANK OF BARODA,780987.4049,182298.0818,468818.7362,6990.2954,33650.6761,530.3644,45410.7329,638689.7172,67201.2978,29155.2926,780987.4049,49770.606,6294.4948,56065.1008,31290.3004,11287.9781,18480.3056,13053.2998,13486.8223,433.5225,13.42,11.55,1.87,56480.38,13613.61,8759.39,13101.84,48232.76,23482.65,15609.5,0.06,0.970545210747219,3.33,8.47050731203316,8.011788814580534,9.68269133679749,18480.3056,0.0,-117.82713730936953
FY2019-20,2020,BANK OF BARODA,1157915.5151,274614.6139,690120.734,8889.2911,62389.756,925.3745,70930.8448,945984.4256,93069.3058,,1157915.5151,75983.655,10317.3238,86300.9788,48532.3695,18872.3909,27451.2855,18350.0309,18896.2184,546.1875,13.3,10.71,2.59,,,,,,,,0.06,0.842950979,3.13,48.26302035540036,48.11330136128893,47.204170975281116,27451.285499999998,3.637978807091713e-12,25.988270504991107
FY2020-21,2021,BANK OF BARODA,1155364.7714,261220.2662,706300.5115,8016.2455,59414.9313,1035.5336,76010.1878,966996.9266,66847.9294,,1155364.7714,70495.0621,12933.9681,83429.0302,41686.0359,20543.656,28809.0262,20370.3801,21199.3383,828.9582,14.99,12.67,2.32,69381.43,20005.12,7290.06,15425.51,66670.98,21576.59,21799.89,0.07,1.113,3.09,-0.22028754833461894,2.2212311779522764,2.3444850593345556,28809.026199999993,7.275957614183426e-12,51.7717267421902
FY2021-22,2022,BANK OF BARODA,1277999.8334,315795.3873,777155.1778,9921.8981,52472.3744,1035.5336,84874.1891,1045938.56,103899.2855,,1277999.8334,69880.7803,11483.9503,81364.7306,37259.4421,21716.4388,32621.3382,15116.5681,22388.8497,7272.2816,15.68,13.18,2.5,66670.99,14255.33,8448.15,18418.77,54059.4,21799.88,13364.65,0.6,8.925485,1.72,10.614402051691286,8.163586794175437,10.031801640568382,32621.3382,0.0,777.2796505300267
FY2022-23,2023,BANK OF BARODA,1458561.545,362485.3642,940998.2698,8706.5728,50668.0995,1035.5336,97187.3577,1203687.788,101910.4848,,1458561.545,89588.5407,10025.8359,99614.3766,48232.5323,24518.3124,41356.0084,12753.9152,26863.5319,14109.6167,16.24,13.99,2.25,54059.4,11150.39,10099.27,18346.82,36763.7,13364.65,8384.32,1.03,15.325494,0.89,14.128461278405059,15.082074036930027,21.082416572686704,41356.0084,0.0,94.01911911661946
FY2023-24,2024,BANK OF BARODA,1585797.091,369816.8374,1065781.715,7912.5532,47161.8466,1035.5336,111188.0547,1335136.399,94402.2594,,1585797.091,112605.9462,14495.3661,127101.3123,67884.4113,28251.6756,44721.5349,13176.4408,30965.2254,17788.7846,16.31,14.07,2.24,36763.7,10396.53,4729.29,10597.31,31833.63,8384.32,7213.34,1.17,16.905756,0.68,8.723358053430651,10.920490538365414,13.260751821203831,44721.5349,0.0,26.07560487451086
FY2024-25,2025,BANK OF BARODA,1781247.32,385398.446,1209557.898,12376.2569,48065.5179,1035.5336,135890.1506,1472034.849,123716.179,,1781247.32,121441.6394,16647.333,138088.9724,75782.9638,29871.3807,45658.6756,12853.4758,32434.6279,19581.1521,17.19,14.79,2.4,31833.63,9310.13,4320.06,8988.82,27834.88,7213.34,6994.22,1.16,15.71841,0.58,12.325046508740268,10.253517925399613,13.490209202922943,45658.6756,0.0,10.075828901767704
FY2015-16,2016,BANK OF CEYLON,373.0356,51.3974,243.8804,0.8051,11.5775,114.9843,97.9685,150.5958,,9.487,373.0356,33.5844,7.8963,41.4807,8.0599,6.1984,25.5245,12.4751,27.2224,14.7473,38.34,37.09,1.25,1.4,,0.07,,1.33,,,3.95,7.1735387562406,,,,,25.524500000000003,-3.552713678800501e-15,
FY2016-17,2017,BANK OF CEYLON,426.6805,73.43,296.1794,0.97,6.4899,135.0005,77.5009,192.3064,2.4992,19.3735,426.6805,36.1074,7.6759,43.7833,9.423,6.519,26.6844,19.2222,27.8413,8.6191,33.22,31.97,1.25,1.33,,0.06,0.22,1.05,,,1.92,4.05171696506933,,14.380638201823093,27.69705396830455,21.444527727525454,26.684399999999997,3.552713678800501e-15,-41.554725271744665
FY2017-18,2018,BANK OF CEYLON,457.3691,65.794,345.8521,0.3762,5.9743,135.0005,88.7105,217.5538,,16.1043,457.3691,38.0282,7.624,45.6522,10.6795,7.014,27.3487,16.7491,27.9587,11.2096,32.96,31.71,1.25,1.05,,0.08,,0.97,,,2.27,5.13951460343631,,7.192407433665249,13.12873622510744,16.77115288909359,27.348699999999997,3.552713678800501e-15,30.05534220510262
FY2018-19,2019,BANK OF CEYLON,471.204731,59.857771,302.35558,0.088761,7.564506,135.000527,104.139883,215.616544,,16.447777,471.204731,41.694463,7.332384,49.026847,12.17616,7.121715,29.518303,14.299604,29.728972,15.429368,32.93,31.68,1.25,0.97,3.04,0.18,0.38,3.45,,2.13,2.98,6.66709430570818,0.704469,3.0250471665007383,-0.8904721498774082,-12.576624516664792,29.518303,0.0,37.644233514130754
FY2019-20,2020,BANK OF CEYLON,508.7531,55.1774,341.3679,1.5088,16.9682,135.0005,111.8817,243.0667,,,508.7531,42.0965,6.7172,48.8137,12.2266,7.8362,29.8699,9.8646,28.7509,18.8863,33.36,32.11,1.25,3.45,18.8101,,2.13,20.1301,2.13,15.9886,3.54,7.771778354,4.68,7.968589135409188,12.731006392533594,12.902794782222982,29.8699,0.0,22.404883984878698
FY2020-21,2021,BANK OF CEYLON,538.1701,59.6376,417.3176,1.217,19.4823,168.4339,88.6642,260.1288,,,538.1701,38.6909,7.4706,46.1615,12.5626,8.4914,26.1283,14.8915,25.1075,10.216,31.14,29.89,1.25,20.13,14.8,,1.54,33.39,15.99,24.44,1.73,4.054,5.86,5.782176069295697,7.019513573846203,22.248635562980578,26.1283,0.0,-45.90788031536087
FY2021-22,2022,BANK OF CEYLON,564.832042,64.055298,413.04545,0.662235,28.973885,168.433926,95.000371,285.367102,,,564.832042,38.79765,8.865438,47.663088,13.043375,10.57429,25.754275,17.70928,24.045423,6.336143,29.88,28.86,1.02,33.399528,22.536391,2.330078,,53.605841,24.44,20.85,1.02,2.434486,5.05,4.954184931492844,9.70223289385872,-1.0237167088088306,25.754275,0.0,-37.978240015661704
FY2022-23,2023,BANK OF CEYLON,592.169249,67.617884,393.911542,0.95902,28.947605,168.433926,104.754522,303.501271,,,592.169249,40.929109,5.353056,46.282165,13.769499,11.055171,27.15961,9.601548,21.457495,11.855947,30.75,29.5,1.25,53.6,,4.72,,48.88,0.002085,0.001613,2.09,4.418727,4.1,4.839882472531554,6.35468099612968,-4.6323977179751115,27.159609999999997,3.552713678800501e-15,87.1161525237041
FY2023-24,2024,BANK OF CEYLON,575.881752,71.908205,376.619397,0.743508,31.928253,168.433926,110.885075,278.682831,,,575.881752,45.085143,3.76457,48.849713,16.350033,11.67626,28.73511,11.799857,20.82342,9.023563,33.26,32.01,1.25,48.88,,0.86,,48.02,16.13,12.67,1.4,3.266404,3.36,-2.7504800405466545,-8.177375968880195,-4.389854867466669,28.735110000000002,-3.552713678800501e-15,-23.889985338159835
FY2024-25,2025,BANK OF CEYLON,600.10849,82.379547,443.619016,3.75727,28.236688,168.433926,117.686738,259.273488,34.19,,600.10849,46.050011,4.028584,50.078595,17.789241,14.475948,28.26077,7.560157,17.813406,10.253249,27.47,26.22,1.25,48.02,,12.32,,35.7,12.67,8.7,1.55,3.626647,1.96,4.2068945431700255,-6.964671246647425,17.789741987187124,28.260769999999997,3.552713678800501e-15,13.627499469998728
FY2019-20,2020,BANK OF CHINA LIMITED,408.2638,,5.0,7.1907,8.1165,352.5375,-36.2988,20.4968,,,408.2638,17.1378,-0.2767,16.8611,0.1748,33.778,16.963,-0.4225,-17.0917,-16.6692,175.13,175.07,0.06,,,,,,,,-3.92,-5.271081623,,,,,16.962999999999997,3.552713678800501e-15,
FY2020-21,2021,BANK OF CHINA LIMITED,490.7378,200.9533,53.3333,5.201,10.028,352.5375,-59.4516,125.7209,,,490.7378,16.8171,1.4237,18.2408,2.2546,38.5762,14.5625,0.5627,-22.59,-23.1527,127.89,127.6,0.29,,,,,,,,-4.57,-7.599,,20.201154253695776,513.3684282424573,966.666,14.5625,0.0,38.8950879466321
FY2021-22,2022,BANK OF CHINA LIMITED,410.4835,199.9145,50.0,5.769,11.6999,352.5375,-81.323,65.2992,,,410.4835,16.8393,3.1029,19.9422,1.2598,40.7284,15.5795,-0.1746,-22.046,-21.8714,132.28,132.08,0.2,,,,,,,,-5.05,-7.751687,,-16.353804414495887,-48.060187287873376,-6.249941406213377,15.579500000000001,-1.7763568394002505e-15,-5.5341277691154716
FY2022-23,2023,BANK OF CHINA LIMITED,461.2806,142.6591,100.0,4.6542,9.6792,352.5375,-73.5401,100.4799,,,461.2806,19.6666,35.5921,55.2587,1.9443,34.1901,17.7223,11.3414,19.1243,7.7829,108.59,108.26,0.33,,,,,,,,1.68,2.829055,,12.374943207217836,53.87615774772125,100.0,17.7223,0.0,-135.5848276744973
FY2023-24,2024,BANK OF CHINA LIMITED,379.4023,144.9151,80.0,2.9646,10.4909,352.5375,-71.4017,15.7355,,,379.4023,26.4214,21.2138,47.6352,2.9761,39.2738,23.4453,3.2468,5.3853,2.1385,133.61,133.14,0.47,,,,,,,,0.53,0.763568,,-17.75021537866539,-84.33965400045183,-19.999999999999996,23.4453,0.0,-72.5230955042465
FY2024-25,2025,BANK OF CHINA LIMITED,400.9255,160.4484,161.6667,2.3191,12.2248,352.5375,-67.8702,27.5363,,,400.9255,27.0721,14.5021,41.5742,0.7652,36.8862,26.3069,0.969,3.9228,2.9538,125.15,124.54,0.61,,,,,,,,0.64,1.044109,,5.672922910588563,74.99475707794478,102.083375,26.3069,0.0,38.124853869534725
FY2015-16,2016,BANK OF INDIA,609913.9267,118848.912,359188.9592,8480.3113,24254.4448,817.2916,30196.2806,513004.5218,51083.1442,14812.6885,609913.9267,41796.4698,3652.5389,45449.0087,30071.8471,9341.5418,11724.6227,12124.8331,6035.6198,-6089.2133,12.01,9.03,2.98,22193.24,34510.58,4496.27,2328.42,49879.13,13517.57,27996.4,0.94,-19.4978641716978,7.79,,,,11724.6227,0.0,
FY2016-17,2017,BANK OF INDIA,626309.2666,127826.8631,366481.6671,8461.8581,27650.9251,1055.4342,29709.7234,540032.0078,39405.6651,16106.4361,626309.2666,39290.8523,6772.3304,46063.1827,27464.7356,8865.7966,11826.1167,11290.9653,9732.6505,-1558.3148,12.14,8.9,3.24,49879.13,16721.12,7325.18,7230.55,52044.52,27996.4,25305.03,-0.24,-5.04482628582629,6.9,2.688139946026258,5.268469350945981,2.0303262985150283,11826.116699999999,1.8189894035458565e-12,-74.40860217525966
FY2017-18,2018,BANK OF INDIA,609574.826,137111.1122,341380.1866,8265.2874,26935.7306,1743.7175,33796.9278,520854.3783,43588.7753,9591.0272,609574.826,38071.4089,5733.7571,43805.166,27565.0707,9101.1698,10506.3382,13182.6306,7138.9255,-6043.7051,12.94,9.73,3.21,52044.52,25580.5,6251.76,9044.8,62328.46,25305.03,28207.27,-0.91,-18.2297923731197,8.28,-2.671913301050932,-3.5512023774528667,-6.849314100383275,10506.338200000002,-1.8189894035458565e-12,287.835955867197
FY2018-19,2019,BANK OF INDIA,625222.8437,147639.035,341005.9443,8920.0364,32846.3416,2760.0285,38921.125,520862.3485,44241.1678,18438.1739,625222.8437,40767.8113,4658.8883,45426.6996,27110.141,10224.3485,13657.6703,13639.1105,8092.2101,-5546.9004,14.19,11.07,3.12,62328.46,17902.53,12153.42,7416.45,60661.12,28207.27,19118.96,-0.84,-14.3661520093987,5.61,2.5670380456295216,0.001530216569567422,-0.10962625093370315,13657.670300000002,-1.8189894035458565e-12,-8.220200883064255
FY2019-20,2020,BANK OF INDIA,656995.4817,158572.9874,368883.3041,8981.9999,34100.8849,3277.6625,40538.654,555504.9786,39752.4659,,656995.4817,42353.2668,6713.074115,49066.340915,27096.2884,10451.4011,15256.9784,14475.537615,11518.651415,-2956.8862,13.1,9.9,3.2,60661.12,16328.81,7812.51,7627.49,61549.93,19118.96,14320.1,-0.43,-6.916897541,3.88,5.0818101609936495,6.651014457037485,8.175036320034046,15256.978399999996,3.637978807091713e-12,-46.69299993199806
FY2020-21,2021,BANK OF INDIA,725856.4456,187252.8456,365686.5239,8914.1309,37422.2767,3277.6625,42407.9259,627113.5601,32464.1055,,725856.4456,40599.4385,6841.8656,47441.3041,26329.6031,10839.1063,14269.8354,8112.296,10272.5947,2160.2987,14.93,11.96,2.97,61549.93,8540.03,4823.56,8731.46,56534.94,14320.1,12262.02,0.28,4.827,3.35,10.48119291807299,12.89071822190866,-0.8666101622027966,14269.835399999996,3.637978807091713e-12,-173.05992026341764
FY2021-22,2022,BANK OF INDIA,734614.0123,174448.4066,420841.7907,9774.9535,37991.2226,4104.3052,51026.9339,627895.9591,26760.3666,,734614.0123,38075.8259,7878.7317,45954.5576,24013.7287,11952.3743,14062.0972,6583.7588,9988.4546,3404.6958,16.51,13.92,2.59,56534.94,8834.65,9440.26,10323.94,45605.39,12494.24,9851.93,0.43,6.754221,2.34,1.2065149731860458,0.1247619330500882,15.082663208853365,14062.097200000004,-3.637978807091713e-12,57.60301110212214
FY2022-23,2023,BANK OF INDIA,815555.6143,204397.8771,485899.6352,9961.0019,30901.7816,4104.3052,54866.3088,669585.7713,64979.0232,,815555.6143,47647.7223,7099.8904,54747.6127,27372.8195,13982.1724,20274.9028,9369.6808,13392.6208,4022.94,16.28,14.41,1.87,45605.39,7968.83,7233.78,8654.88,37685.56,9851.92,8053.61,0.49,7.051489,1.66,11.018249127399615,6.63960511224766,15.458979107513816,20274.9028,0.0,18.15857381443593
FY2023-24,2024,BANK OF INDIA,912597.9248,227144.4677,563144.6654,10226.464,29145.1953,4553.407,64327.2643,737920.2058,80924.0678,,912597.9248,60709.4904,6094.8538,66804.3442,37656.5746,15079.1633,23052.9158,7750.6897,14068.6063,6317.9166,16.96,14.93,2.03,37685.56,7550.76,6304.5,9749.05,29182.77,8053.61,6845.26,0.7,9.883227,1.22,11.898920048915663,10.205478883956687,15.897322122541912,23052.915800000002,-3.637978807091713e-12,57.04724902683112
FY2024-25,2025,BANK OF INDIA,1042581.947,259111.8048,649657.0414,11938.7144,21593.4781,4553.407,74048.0346,816541.4874,123856.4269,,1042581.947,70826.2982,8993.6226,79819.9208,46432.3503,16975.4609,24393.9479,7193.0897,16412.1096,9219.0199,17.77,15.47,2.3,29182.77,7588.56,7265.87,7756.57,21748.89,6845.26,5358.49,0.9,12.501882,0.82,14.243295833538806,10.654442171666023,15.362371574371636,24393.947900000006,-7.275957614183426e-12,45.918670404734364
FY2015-16,2016,BANK OF MAHARASHTRA,160957.3244,36230.8724,107562.6706,1694.4151,6149.2174,1168.3337,7618.8101,138989.8178,9228.1029,3952.2599,160957.3244,13052.9857,1019.2897,14072.2754,9174.2893,2552.8093,3878.6964,2244.4919,2345.1768,100.6849,11.2,9.02,2.18,6402.06,5723.85,836.74,903.32,10385.85,4175.79,6832.03,0.07,1.19475545443162,6.35,,,,3878.696399999999,9.094947017729282e-13,
FY2016-17,2017,BANK OF MAHARASHTRA,159323.9807,38590.1848,95515.2299,1586.08,6990.4651,1168.3337,6211.1905,139052.8379,8136.6521,4754.9665,159323.9807,12061.9597,1508.0746,13570.0343,8887.2712,2855.6951,3174.6885,3199.5761,1827.068,-1372.5081,11.18,9.01,2.17,10385.85,9119.05,959.08,1357.11,17188.71,6919.33,11229.56,-0.86,-16.979480249115,11.76,-1.0147681729232527,0.04534152285220472,-11.20039195084841,3174.6885,0.0,-1463.1717367748292
FY2017-18,2018,BANK OF MAHARASHTRA,156328.747,43622.7988,85797.2775,1516.676,9508.0331,2598.4544,7345.508,138981.177,4063.7148,3339.8928,156328.747,11096.4099,1506.0548,12602.4647,7706.6786,2704.3879,3389.7313,3337.0463,2191.3982,-1145.6481,11.01,9.01,2.0,17188.71,5734.87,2030.02,2460.33,18433.23,11331.19,9641.19,-0.73,-13.226530275955,11.24,-1.8799641377526655,-0.05153501437457075,-10.17424384590212,3389.7313000000004,-4.547473508864641e-13,-16.52886420123859
FY2018-19,2019,BANK OF MAHARASHTRA,164535.5316,59697.0514,82666.2111,1775.5301,11241.8357,2753.1714,2986.2694,140650.0864,10149.1714,7996.833,164535.5316,10849.6026,1547.4543,12397.0569,7116.1161,3083.3288,3733.4865,6981.4884,2197.612,-4783.8764,11.86,9.91,1.95,18433.23,4304.22,2286.09,5126.87,15324.49,9641.19,4559.33,-3.01,-61.0055909293973,5.52,5.249696397809656,1.2008168559401344,-3.6493773360116166,3733.4865,0.0,317.5694438807169
FY2019-20,2020,BANK OF MAHARASHTRA,168867.1824,57740.8512,86871.6509,1676.1916,12131.5216,5824.1093,4931.1701,150066.4046,3670.0318,,168867.1824,11495.4471,1649.2267,13144.6738,7216.6498,3080.9607,4278.7973,2458.4823,2847.0633,388.581,13.52,10.67,2.85,15324.49,4040.6,1515.34,5697.6,12152.15,4559.33,4145.38,0.23,4.711580376,4.77,2.632653724017864,6.694854188159249,5.0872535997963375,4278.797299999999,9.094947017729282e-13,-108.12272240143996
FY2020-21,2021,BANK OF MAHARASHTRA,196665.0129,68111.6445,102405.1668,1674.0023,11532.4685,6560.1589,5573.0202,174005.6191,4238.7512,,196665.0129,11868.5408,2627.6703,14496.2111,6971.0682,3565.0572,4897.4726,3409.8341,3960.0857,550.2516,14.49,10.97,3.52,12152.15,2202.39,1643.72,4931.14,7779.68,4145.38,2544.32,0.3,4.808,2.48,16.461357443718462,15.952414242088132,17.880995398465505,4897.472600000001,-9.094947017729282e-13,41.605379573370804
FY2021-22,2022,BANK OF MAHARASHTRA,230611.3651,68589.9716,131170.4389,2241.6551,8693.3268,6730.4964,7154.3722,202294.2918,7746.7419,,230611.3651,13019.2199,2652.4793,15671.6992,6974.8231,3849.0128,6044.3968,3696.3271,4847.8633,1151.5362,16.48,12.38,4.1,7779.6793,2182.3567,1517.266,3117.557,5327.213,2544.32,1276.57,0.55,8.851826,0.97,17.261002198322384,16.25733286448794,28.089668713864157,6044.3968,0.0,109.2744846175822
FY2022-23,2023,BANK OF MAHARASHTRA,267651.3901,68866.951,171220.6712,2156.7097,6878.1475,6730.4964,8879.768,234082.6837,10765.6577,,267651.3901,15898.4586,2280.2707,18178.7293,8157.6809,3921.8356,7740.7777,3497.1754,6099.2128,2602.0374,18.14,14.25,3.89,5327.213,1629.7171,1132.354432,1490.572917,4334.002751,1276.57441,435.173993,1.1,17.643842,0.25,16.061665037166904,15.713934198117595,30.532971175413202,7740.7777,0.0,125.96227543693375
FY2023-24,2024,BANK OF MAHARASHTRA,307137.8595,68274.1197,200239.8843,2209.5999,6102.594,7081.3736,12592.5257,270747.1682,7718.855,,307137.8595,20494.6883,2997.8657,23492.554,10672.8437,4814.3729,9821.8446,3950.3102,8005.3374,4055.0272,17.38,13.72,3.66,4334.0,1255.2,766.18,989.97,3833.05,435.173993,408.990151,1.5,22.98497,0.2,14.752947625359635,15.66304859482437,16.948428537640247,9821.844600000002,-1.8189894035458565e-12,55.84046562897211
FY2024-25,2025,BANK OF MAHARASHTRA,369142.1546,82004.7908,236083.7953,2915.5869,5943.1137,7691.555,20797.7081,307142.6051,23852.515,,369142.1546,24947.4517,3454.1731,28401.6248,13281.8809,5800.7149,11665.5708,3799.2431,9319.029,5519.7859,20.53,16.86,3.67,3833.05,1687.86,540.8,795.59,4184.52,408.990151,431.780151,1.75,22.921194,0.18,20.18777339952127,13.442591899286205,17.900485273102994,11665.570800000001,-1.8189894035458565e-12,36.12204376828841
FY2015-16,2016,BANK OF NOVA SCOTIA,11260.6111,4673.1821,5123.7938,8.5683,722.3805,839.413,969.0885,4516.2579,4347.9402,587.9115,11260.6111,638.9657,107.2674,746.2331,379.0696,93.8018,259.8961,149.0624,273.3617,124.2993,22.46,21.88,0.58,193.1825,191.8562,,30.0,355.0387,32.0003,174.1324,1.12,6.87609176895925,3.4,,,,259.8961,0.0,
FY2016-17,2017,BANK OF NOVA SCOTIA,8637.0008,3411.8475,4072.9894,6.5991,810.9625,839.413,864.285,4140.1322,2259.668,533.5026,8637.0008,470.2242,114.9375,585.1617,310.1101,98.9383,160.1141,187.6923,176.1133,-11.579,23.38,22.59,0.79,355.0387,0.2295,,100.8436,254.4246,174.1324,31.0799,,-0.659358900313037,0.76,-23.299004616188192,-8.328259995958154,-20.508327247673396,160.1141,0.0,-109.31541850999966
FY2017-18,2018,BANK OF NOVA SCOTIA,7433.2559,2570.9432,3912.4935,6.9813,457.3218,839.413,921.3229,3125.5592,2236.8065,310.1543,7433.2559,312.6292,93.3521,405.9813,181.2099,98.3595,131.4193,69.374,126.4119,57.0379,24.5,23.74,0.76,254.4246,,34.0241,126.3756,94.0249,31.0799,,0.81,3.29276884168579,,-13.937070609047531,-24.505811674322864,-3.940493928120703,131.41930000000002,-2.842170943040401e-14,-592.5978063736073
FY2018-19,2019,BANK OF NOVA SCOTIA,6863.7223,2905.6032,2340.2024,5.153,397.3505,839.413,961.5949,3358.7762,1488.2866,215.6516,6863.7223,387.5187,38.3539,425.8726,251.2,101.0957,136.3187,33.3049,73.5769,40.272,34.19,33.15,1.04,94.0249,,,25.9796,68.0453,,,0.53,2.261364222772,,-7.661966810533183,7.461608789876695,-40.186420756992945,136.31870000000004,-2.842170943040401e-14,-29.39431500809111
FY2019-20,2020,BANK OF NOVA SCOTIA,6152.1521,3351.4651,1807.2779,4.4372,458.7693,839.413,1007.7137,3381.4063,649.0954,,6152.1521,303.4759,38.267,341.7429,177.2991,107.9631,126.1768,10.3619,56.4807,46.1188,31.72,30.63,1.09,68.0453,,,,68.0453,,,0.75,2.528349694,,-10.367118145208176,0.6737602820932276,-22.77258155106584,126.17680000000001,-1.4210854715202004e-14,14.51827572506954
FY2020-21,2021,BANK OF NOVA SCOTIA,5073.853,3363.1059,730.924,3.4018,364.7068,839.413,1025.517,3011.137,31.6089,,5073.853,233.928,8.942923,242.870923,108.0812,104.6627,125.8468,12.3237,30.127023,17.803323,48.19,45.77,2.42,68.0453,,4.521,,63.5243,,,0.31,0.959,,-17.52718532430302,-10.950157039690856,-59.55663487059738,125.8468,0.0,-61.39682081927545
FY2021-22,2022,BANK OF NOVA SCOTIA,5135.3383,3124.9795,526.2165,10.4928,225.9724,839.413,1124.8888,2844.9707,177.7914,,5135.3383,184.4498,61.6773,246.1271,101.0788,92.5415,83.371,-46.865,52.5068,99.3718,58.07,55.92,2.15,63.5243,,,,63.5243,,,1.85,5.190169,,1.211806885221156,-5.518390561439091,-28.006673744465903,83.37100000000001,-1.4210854715202004e-14,458.1643381968636
FY2022-23,2023,BANK OF NOVA SCOTIA,2053.0389,594.8928,168.8027,11.2948,209.1503,839.413,1103.2619,45.0189,,,2053.0389,140.7432,13.4452,154.1884,45.4583,124.2643,95.2849,6.0926,-15.5342,-21.6268,132.27,129.17,3.1,63.5243,,,63.1628,0.3615,,,-0.65,-1.107086,,-60.021350492137984,-98.41759705996269,-67.92143537878421,95.2849,0.0,-121.76351842273161
FY2023-24,2024,BANK OF NOVA SCOTIA,2097.9398,592.6931,2.7873,8.3496,89.0888,839.413,1168.8776,32.7016,,,2097.9398,125.5676,41.4276,166.9952,1.0236,77.8167,124.544,22.5392,88.1549,65.6157,510.88,499.59,11.29,0.3615,,,0.3615,,,,3.17,3.321502,,2.187045749595895,-27.360286457465644,-98.34878233582756,124.544,0.0,-403.3999482124031
FY2024-25,2025,BANK OF NOVA SCOTIA,2123.758,1240.5231,2.2414,5.3419,80.0338,839.413,1211.7328,20.4372,,,2123.758,128.7017,31.7759,160.4776,1.1772,72.8078,127.5245,43.6374,86.4926,42.8552,477.89,467.41,10.48,,,,,,,,2.03,2.111387,,1.2306454169943137,-37.50397534065611,-19.585261722814195,127.52449999999999,1.4210854715202004e-14,-34.68758239262859
FY2015-16,2016,BARCLAYS BANK PLC,32531.8805,9371.7052,16675.8594,33.3115,5705.0876,5249.5224,869.3179,15149.7296,4102.1117,7161.1989,32531.8805,1883.4144,182.3807,2065.7951,833.0308,392.6203,1050.3836,363.5566,840.144,476.5874,18.82,18.24,0.58,311.0591,3.4788,8.6739,120.3492,185.5148,3.1574,0.5719,1.62,8.01990685724035,,,,,1050.3836,0.0,
FY2016-17,2017,BARCLAYS BANK PLC,28355.7324,7928.2955,10988.1655,30.1078,7691.2579,5249.5224,1391.0046,10531.7788,2141.9527,9041.4739,28355.7324,1609.4039,558.2967,2167.7006,765.8099,409.0881,843.594,471.116,992.8026,521.6866,17.8,17.29,0.51,185.5148,78.1961,8.1959,172.913,82.602,0.5719,46.9177,1.8,8.17731142515194,0.43,-12.83709406223842,-30.48206748191731,-34.10735101304585,843.594,0.0,9.46294425744365
FY2017-18,2018,BARCLAYS BANK PLC,28861.2557,10381.0021,11607.7308,23.2284,5673.3003,5249.5224,1709.9065,8385.7206,6571.1716,6944.9346,28861.2557,1316.3438,312.8895,1629.2333,492.858,443.0169,823.4858,374.4565,693.3584,318.9019,17.63,17.15,0.48,82.602,,,4.25,78.352,46.9177,,1.24,4.68974903073031,,1.7827904878944256,-20.37697753393757,5.63847805168205,823.4858000000002,-1.1368683772161603e-13,-38.870981159953125
FY2018-19,2019,BARCLAYS BANK PLC,40072.282,12297.8459,15402.8518,18.1677,9569.4173,5249.5224,1378.0756,12633.3165,9911.4599,10899.9076,40072.282,1546.7029,233.5008,1780.2037,637.3838,427.7685,909.3191,422.8823,715.0514,292.1691,16.3,15.59,0.71,78.352,220.8462,3.359,,295.8392,,54.3718,1.0,4.3007068750265,0.35,38.8445548472792,50.65272386966959,32.69477097108422,909.3191,0.0,-8.382765985401775
FY2019-20,2020,BARCLAYS BANK PLC,40251.6233,8624.8552,10283.7063,13.6989,16984.5384,5249.5224,1405.7151,14439.2178,1185.0774,,40251.6233,1654.7854,326.9787,1981.7641,735.1045,512.1388,919.6809,451.5566,734.5208,282.9642,15.67,14.87,0.8,295.8392,121.427,26.146,52.0501,339.0701,54.3718,,0.86,4.260599328,,0.447544514684739,14.294752292479963,-33.23505001846476,919.6809,0.0,-3.1505385066388003
FY2020-21,2021,BARCLAYS BANK PLC,43871.9382,20547.1947,8047.607,9.9511,11022.797,5249.5224,1664.1897,22946.7836,182.8155,,43871.9382,1222.7493,467.5121,1690.2614,332.8925,527.8912,889.8568,571.003,829.4777,258.4747,15.44,14.23,1.21,339.0701,50.5733,48.1195,73.3075,268.2164,,30.344,0.75,3.81,0.38,8.994208439787311,58.91985229282988,-21.74409920672278,889.8568,0.0,-8.654628394687391
FY2021-22,2022,BARCLAYS BANK PLC,45659.9588,24334.3745,8324.089,10.2009,9711.9313,8673.8598,2360.1783,17037.7008,2683.1757,,45659.9588,1413.1085,962.1498,2375.2583,507.7342,554.8322,905.3743,616.7033,1312.6919,695.9886,25.04,23.33,1.71,268.2164,56.6894,50.5733,163.1154,111.2171,30.344,,1.87,7.75572,,4.075545037123529,-25.751246462271084,3.4355802911349986,905.3743000000001,-1.1368683772161603e-13,169.26759176043151
FY2022-23,2023,BARCLAYS BANK PLC,53205.0525,29425.5,9467.1054,15.8425,12790.4539,8673.8598,3029.2872,12660.3014,7775.3309,,53205.0525,2303.0276,373.6512,2676.6788,826.378,594.7356,1476.6496,586.4563,1255.5652,669.1089,17.28,15.94,1.34,111.2171,,,79.6584,31.5587,,,1.47,5.885591,,16.52453024114424,-25.692430283785704,13.731429349205658,1476.6495999999997,2.2737367544323206e-13,-3.8620891204252605
FY2023-24,2024,BARCLAYS BANK PLC,53910.0899,33137.0787,9026.06,28.3315,10146.9511,8673.8598,3046.1644,21620.3407,3646.3709,,53910.0899,2926.7665,382.7505,3309.517,1290.3848,584.807149,1636.3817,649.1235,1434.325051,785.201551,15.93,14.55,1.38,31.5587,,,31.4028,0.1559,,,1.55,6.704485,,1.3251324204595072,70.77271714874023,-4.658714373244443,1636.3817000000001,-2.2737367544323206e-13,17.3503372918818
FY2024-25,2025,BARCLAYS BANK PLC,70701.8719,43828.0435,10416.9703,73.6694,14888.9537,11041.6107,4270.7819,19668.9016,14103.262,,70701.8719,3579.2671,696.5958,4275.8629,1781.0558,748.002451,1798.2113,712.2218,1746.804649,1034.582849,19.16,17.61,1.55,0.1559,,,0.1559,,,,1.68,7.654387,,31.147753660117704,-9.025940557911738,15.409938555693191,1798.2113,0.0,31.7601637034973
FY2015-16,2016,BHARATIYA MAHILA BANK LTD.,2020.047,475.9836,620.5789,25.095,65.5818,1000.0,34.4293,927.9187,,57.699,2020.047,155.8462,15.7589,171.6051,67.2563,100.2145,88.5899,1.7564,4.1343,2.3779,130.7,130.41,0.29,,1.35,,,1.35,,0.71,0.12,0.230140063732509,0.11,,,,88.58990000000001,-1.4210854715202004e-14,
FY2016-17,2017,BHARATIYA MAHILA BANK LTD.,2059.0973,708.6198,576.3222,22.6842,69.7177,1000.0,38.7477,975.7745,,44.5751,2059.0973,155.8385,18.5232,174.3617,65.1738,90.7139,90.6647,14.1556,18.474,4.3184,139.25,138.89,0.36,1.35,53.95,0.31,,54.99,0.71,46.16,0.21,0.416597328641018,8.85,1.9331381893589628,5.157326821843333,-7.131518651375357,90.66470000000001,-1.4210854715202004e-14,81.60561840279237
FY2015-16,2016,BNP PARIBAS,36761.1081,8336.341,19989.5221,106.2757,6408.2811,1918.6861,2040.3614,22087.3423,2863.5494,7851.1689,36761.1081,1958.4065,442.8078,2401.2143,1230.8127,503.498,727.5938,326.5226,666.9036,340.381,11.76,9.88,1.88,12.17,,0.09,,12.08,,,1.26,8.98373836753406,,,,,727.5938000000001,-1.1368683772161603e-13,
FY2016-17,2017,BNP PARIBAS,42299.1779,9628.6524,17719.1079,102.0297,8615.0361,2771.1851,2395.3424,23079.623,4518.0418,9534.9856,42299.1779,2335.4054,307.4056,2642.811,1502.9471,460.685,832.4583,324.1979,679.1789,354.981,13.77,11.83,1.94,12.08,,5.18,,6.9,,,1.01,7.77991523821787,,15.06502411443904,4.492531000436384,-11.358021410626918,832.4583,0.0,4.289311095507697
FY2017-18,2018,BNP PARIBAS,44246.9624,13338.9391,19236.1469,96.1678,7381.9526,3361.5788,2781.4616,24636.886,5840.7048,7626.3312,44246.9624,2135.6853,354.4721,2490.1574,1256.8382,497.7572,878.8471,349.4428,735.562,386.1192,15.38,13.07,2.31,6.9,,,,6.9,,,1.1,6.82818660118748,,4.604780983225676,6.747350249178674,8.56159919879489,878.8471000000002,-2.2737367544323206e-13,8.771793419929509
FY2018-19,2019,BNP PARIBAS,40152.075,11606.9174,14848.4744,92.2531,8756.4392,3649.5433,3195.4949,20949.4386,3355.088,9002.5102,40152.075,2293.8793,244.2692,2538.1485,1377.1322,503.8304,916.7471,243.1526,657.1859,414.0333,17.53,15.01,2.52,6.9,,,,6.9,,,1.15,6.37558968883973,,-9.254618120406832,-14.967181323159096,-22.809518573597508,916.7471,0.0,7.229399625815036
FY2019-20,2020,BNP PARIBAS,48591.554977,13622.3777,14924.0592,89.188076,13958.683201,4481.2859,3383.243737,21255.5853,4082.2165,,48591.554977,2394.1993,41.1812,2435.3805,1301.0257,729.0324,1093.1736,217.5736,405.3224,187.7488,15.01,13.03,1.98,6.89866,,,,6.89866,,,0.49,2.552743929,,21.018789133562855,1.4613599239838182,0.5090408479944575,1093.1736000000003,-2.2737367544323206e-13,-54.65369572930487
FY2020-21,2021,BNP PARIBAS,44597.6882,15587.8057,10458.5284,98.4989,10008.3937,4481.2859,3849.2407,18000.886,7649.0356,,44597.6882,1970.9375,519.3512,2490.2887,669.8666,633.1642,1301.0709,628.6474,1187.2579,558.6105,16.76,14.1,2.66,6.89866,,,,6.89866,,,1.57,6.899,,-8.219261101832265,-15.312207375442167,-29.921690474130525,1301.0709000000002,-2.2737367544323206e-13,197.5307964684728
FY2021-22,2022,BNP PARIBAS,59317.6865,20827.574,11881.0229,87.5353,12784.4209,7078.6379,4193.0295,25591.9808,10121.4981,,59317.6865,2095.6665,254.5827,2350.2492,823.5641,610.8918,1272.1024,403.6598,915.7933,512.1335,17.21,14.22,2.99,6.89866,,,0.779263,6.119397,,,1.17,5.225267,,33.0061913388596,42.17067315464362,13.601287347462776,1272.1023999999998,2.2737367544323206e-13,-8.320108555066541
FY2022-23,2023,BNP PARIBAS,61632.21,28468.8116,11597.8755,78.8321,17448.8492,7078.6379,4412.963,18909.063,14296.5164,,61632.21,2607.6147,323.4911,2931.1058,1416.1135,633.498,1191.5012,408.0967,881.4943,473.3976,15.83,12.98,2.85,6.119397,,,6.119397,,,,0.95,4.159311,,3.9019112790246835,-26.113327656138296,-2.3831904237807677,1191.5012000000002,-2.2737367544323206e-13,-7.563633310455186
FY2023-24,2024,BNP PARIBAS,58854.4918,30292.5926,12923.0247,69.2581,13923.2564,6794.2259,4751.1632,19388.2782,14056.5256,,58854.4918,3087.2128,421.7568,3508.9696,1784.2496,652.5267,1302.9632,479.1413,1072.1933,593.052,17.0,14.02,2.98,,,,,,,,1.18,5.148693,,-4.506926167340087,2.5343148943974825,11.425792594514395,1302.9631999999997,2.2737367544323206e-13,25.275666796789853
FY2024-25,2025,BNP PARIBAS,86112.6426,45782.3712,14354.7225,63.1786,14817.6503,9585.7139,5312.1486,24790.1941,30509.7034,,86112.6426,4037.7316,215.291,4253.0226,2419.7118,768.9062,1618.0198,429.1479,1064.4046,635.2567,16.6221,14.0591,2.563,,,,,,,,1.01,4.804679,,46.314478243443105,27.86176185567628,11.078658698222554,1618.0198,0.0,7.116526038188886
FY2015-16,2016,CANARA BANK,552960.7783,142309.3011,324714.824,7198.1017,22004.893,542.991,31060.2095,479791.5621,26873.3164,14692.6993,552960.7783,44022.1354,4875.2292,48897.3646,34258.7746,7491.9346,9763.3608,9959.4783,7146.6554,-2812.8229,11.08,8.8,2.28,13039.96,24724.06,2739.22,3386.97,31637.83,8740.09,20832.91,-0.52,-8.86452903562648,6.42,,,,9763.360800000002,-1.8189894035458565e-12,
FY2016-17,2017,CANARA BANK,583519.4435,150265.8882,342008.7608,7168.3159,25251.0198,597.2902,33088.2473,495275.2422,39503.559,15055.1048,583519.4435,41387.6449,7554.3985,48942.0434,31515.8681,8512.2812,9871.7768,7791.9719,8913.8941,1121.9222,12.86,9.77,3.09,31637.83,11652.11,3543.12,5544.78,34202.04,20832.91,21648.98,0.2,3.4368016119411,6.33,5.526371200132552,3.2271680711160267,5.325884598357589,9871.7768,0.0,-139.88598784516438
FY2017-18,2018,CANARA BANK,616886.1048,144053.6704,381702.9864,8318.6432,32898.4727,733.2448,34871.5921,524771.8603,38808.5117,17700.8959,616886.1048,41252.0876,6942.8524,48194.94,29088.7625,9557.9354,12163.3251,13770.4797,9548.2421,-4222.2376,13.22,10.3,2.92,34202.04,24760.76,3184.66,8309.67,47468.47,21648.98,28542.4,-0.75,-12.1870826548745,7.48,5.718174719228508,5.955601166126678,11.606201404651273,12163.325099999998,1.8189894035458565e-12,-476.33960714923023
FY2018-19,2019,CANARA BANK,694766.6905,152985.296,427727.2684,8410.2336,39491.2037,753.2448,35423.9871,599033.2748,40992.2944,18563.8894,694766.6905,46810.3418,6574.9565,53385.2983,32332.2201,10462.2075,14478.1217,10243.8556,10590.8707,347.0151,11.9,9.04,2.86,47468.47,15480.16,9457.31,14267.2,39224.12,28542.4,22955.11,0.06,0.966857338611562,5.37,12.62479169072055,14.15118075453714,12.057616429484664,14478.121700000003,-3.637978807091713e-12,-108.21874875066244
FY2019-20,2020,CANARA BANK,723874.7453,176244.9403,432175.2049,8276.2919,38906.8437,1030.2334,38262.7312,625351.1737,42761.7672,,723874.7453,48934.9902,7813.1546,56748.1448,35811.0834,11577.2346,13123.9068,11595.5424,9359.8268,-2235.7156,13.65,10.12,3.53,39224.12,15044.75,9730.2,7497.52,37041.15,22955.11,18250.95,-0.32,-5.924764221,4.22,4.189615765697097,4.393395159690727,1.0399001486714576,13123.906799999997,3.637978807091713e-12,-744.2704078295152
FY2020-21,2021,CANARA BANK,1153675.0349,261690.394,639048.9861,11206.5324,63321.0857,1646.7382,57238.1939,1010874.5827,49983.5606,,1153675.0349,69280.4622,14924.3107,84204.7729,45177.6237,19338.1842,24102.8385,17131.3881,19688.965,2557.5769,13.18,10.08,3.1,,,,,,,,0.23,4.622,3.82,59.37495297226805,61.6491061684562,47.86803566110833,24102.838499999998,3.637978807091713e-12,-214.39634361365103
FY2021-22,2022,CANARA BANK,1228104.8807,282012.8998,703601.8239,11356.3017,49079.5498,1814.1303,64297.1813,1086409.2541,46284.9576,,1228104.8807,69410.2393,16496.9042,85907.1435,43026.2626,19791.9055,26383.9767,17410.5645,23088.9754,5678.4109,14.9,11.91,2.99,60288.0,13890.0,10104.0,8422.0,55652.0,24442.0,18668.0,0.48,9.08573,2.65,6.451543419802919,7.47220997467859,10.10139116156874,26383.9767,0.0,122.02307582618532
FY2022-23,2023,CANARA BANK,1345732.248,319038.4505,830672.5524,10230.6706,44367.3744,1814.1303,71793.0497,1179218.607,58089.7891,,1345732.248,84424.7822,18762.2026,103186.9848,52989.487,22481.4799,31435.2952,17112.2529,27716.0179,10603.765,16.68,13.78,2.9,55652.0,11979.0,8712.0,12760.0,46159.0,18668.0,14349.0,0.81,15.178757,1.73,9.577957807068893,8.542761629629613,18.06003398280844,31435.2952,0.0,86.73824749103662
FY2023-24,2024,CANARA BANK,1491540.72,357454.4215,931612.8331,12228.1748,39485.568,1814.1303,85140.4605,1312366.613,57592.2773,,1491540.72,108687.9256,18966.4363,127654.3619,72121.9886,26119.796,36565.937,14858.2581,29412.5773,14554.3192,16.28,13.95,2.33,46159.0,10626.0,4355.0,11825.0,40605.0,14349.0,11823.0,1.01,18.129246,1.27,10.834879837107092,11.291206330159254,12.151633084343615,36565.937000000005,-7.275957614183426e-12,37.256146283890686
FY2024-25,2025,CANARA BANK,1682849.599,380343.3966,1049155.02,10215.1494,37795.8566,1814.1303,98085.9766,1456883.177,89665.1181,,1682849.599,119755.0692,22452.8027,142207.8719,82683.1127,28134.4954,37071.9565,14363.5923,31390.2638,17026.6715,16.33,14.37,1.96,40605.0,8544.0,3269.0,14350.0,31530.0,11823.0,7353.0,1.09,18.224505,0.7,12.826259212018032,11.011904948545048,12.61706394799984,37071.9565,0.0,16.987069378002918
FY2016-17,2017,CAPITAL SMALL FINANCE BANK LIMITED,2720.8209,782.595,1365.3997,50.2493,35.1979,26.9871,163.2299,2378.2133,116.23,36.1606,2720.8209,223.6896,19.8906,243.5802,149.6622,70.6922,74.0274,8.1858,23.2258,15.04,22.95,14.47,8.48,8.4295,12.1146,6.4024,0.1561,13.9856,5.1319,9.7902,0.62,7.90675912247591,0.72,,,,74.0274,0.0,
FY2017-18,2018,CAPITAL SMALL FINANCE BANK LIMITED,3351.832,870.7321,1847.2911,64.5723,40.11,28.4807,205.1029,2850.52,222.2008,45.5276,3351.832,271.0046,22.8611,293.8657,166.4866,94.6838,104.518,13.6751,32.6953,19.0202,19.66,13.47,6.19,13.9856,19.1576,12.0146,,21.1286,9.7902,15.4314,0.63,8.97601371965967,0.84,23.191938138963852,19.859728309483437,35.29306473408482,104.51799999999997,2.842170943040401e-14,26.464095744680847
FY2018-19,2019,CAPITAL SMALL FINANCE BANK LIMITED,4321.2044,862.5797,2599.0453,83.5189,64.4324,28.4807,221.8412,3667.258,358.38,45.2445,4321.2044,346.2913,31.3067,377.598,211.1511,132.1699,135.1402,14.8629,34.277,19.4141,16.4,10.51,5.89,21.1286,27.8447,15.0047,0.013,33.9556,15.4314,24.2204,0.51,8.02392202609807,0.93,28.920673828521238,28.652245906010123,40.69495056842965,135.14019999999996,2.842170943040401e-14,2.0709561413654987
FY2019-20,2020,CAPITAL SMALL FINANCE BANK LIMITED,5329.8766,1051.8746,3308.3085,90.6236,63.3207,33.8072,372.9729,4446.6233,420.92,,5329.8766,458.1348,42.955,501.0898,285.512,163.3331,172.6228,26.8626,52.2447,25.3821,19.11,14.0,5.11,33.9556,42.19,17.6324,0.0063,58.5069,24.2204,41.2497,0.51,7.725467279,1.25,23.3423857478253,21.251989906355107,27.28937429447651,172.62279999999998,2.842170943040401e-14,30.74054424361674
FY2020-21,2021,CAPITAL SMALL FINANCE BANK LIMITED,6371.2382,1212.2519,3726.886,86.554,55.1232,33.9107,416.8797,5221.07,616.72,,6371.2382,511.4388,45.8333,557.2721,312.8278,172.9589,198.611,30.7011,71.4854,40.7843,19.8,14.27,5.53,58.5069,24.8532,5.1,0.0168,78.2433,41.2497,42.1421,0.69,9.512,1.13,19.53819343584804,17.416512435402364,12.65231159669662,198.611,0.0,60.68134630310338
FY2021-22,2022,CAPITAL SMALL FINANCE BANK LIMITED,7153.9212,1357.0627,4634.8002,83.5866,59.4151,34.0441,481.7374,6046.3591,498.43,,7153.9212,578.2177,54.1853,632.403,322.9361,196.2529,255.2816,50.6451,113.214,62.5689,18.63,13.21,5.42,78.2433,78.1127,39.1558,0.0664,117.1338,42.1421,63.2306,0.92,12.946559,1.36,12.284629383343404,15.806895904479346,24.361201281713463,255.28160000000003,-2.842170943040401e-14,53.414181437464904
FY2022-23,2023,CAPITAL SMALL FINANCE BANK LIMITED,7990.7747,1488.581,5428.6883,82.593,110.0508,34.2525,576.3582,6560.6212,721.3833,,7990.7747,676.0075,49.4748,725.4823,354.0237,222.7538,321.9838,55.1086,148.7048,93.5962,18.87,13.69,5.18,117.1338,154.3729,118.7636,0.1182,152.6249,63.2306,74.0465,1.22,16.618759,1.36,11.697829436533347,8.505318514740544,17.128852717318853,321.98380000000003,-5.684341886080802e-14,49.58901307198944
FY2023-24,2024,CAPITAL SMALL FINANCE BANK LIMITED,9295.2773,1705.7065,6074.692,83.7294,109.9918,45.0425,1152.3752,7477.7391,472.25,,9295.2773,794.3255,68.0796,862.4051,449.1774,258.3288,345.1481,43.3736,154.8989,111.5253,27.39,22.8,4.59,152.6249,128.4298,110.5451,0.3264,170.1832,74.0465,85.0792,1.27,12.336676,1.4,16.325108002356757,13.979132037069908,11.899811967469208,345.14810000000006,-5.684341886080802e-14,19.15579906021827
FY2024-25,2025,CAPITAL SMALL FINANCE BANK LIMITED,10107.5126,1819.4534,7090.3911,87.7485,110.2024,45.2469,1294.8885,8322.5995,320.58,,10107.5126,908.4958,86.0232,994.519,498.3049,310.7868,410.1909,53.7801,185.4273,131.6472,25.39,21.71,3.68,170.1832,84.4301,68.7692,0.5084,185.3357,85.0792,91.8372,1.35,10.375917,1.3,8.738150286274958,11.298340162737164,16.72017445493532,410.19090000000006,-5.684341886080802e-14,18.042453147402426
FY2015-16,2016,CENTRAL BANK OF INDIA,305466.0996,88867.5375,180009.588,4359.2873,16688.6409,1689.7143,15989.4264,266184.1873,9207.8934,12394.8782,305466.0996,25887.8971,1938.7857,27826.6828,18822.2689,6661.989,7065.6282,3760.6149,2342.4249,-1418.19,10.4,8.2,2.2,11873.0,15145.0,3018.0,1279.0,22721.0,6807.0,13242.0,-0.48,-8.07256295976102,7.36,,,,7065.628199999999,9.094947017729282e-13,
FY2016-17,2017,CENTRAL BANK OF INDIA,333401.9442,92094.8779,139398.7698,4290.374,18851.3903,1902.171,15365.969,296671.1934,9282.4453,10180.1655,333401.9442,24661.4083,2875.644,27537.0523,18087.3959,6361.0278,6574.0124,5527.7265,3088.6286,-2439.0979,10.94,8.62,2.32,22720.88,10487.82,3561.74,2395.63,27251.33,13241.8,14217.83,-0.8,-13.958727838873,10.2,9.145317479282088,11.453349806102487,-22.56036395128018,6574.0124,0.0,71.9866802050501
FY2017-18,2018,CENTRAL BANK OF INDIA,326225.2754,102631.6122,156542.1771,4343.3811,23479.6697,2618.1558,15367.3778,294838.8573,5706.1162,7694.7683,326225.2754,24035.5171,2622.3513,26657.8684,17518.5079,6406.3689,6517.0092,7837.889,2732.9916,-5104.8974,9.04,7.01,2.03,27251.33,17071.24,3268.26,2923.61,38130.7,14217.83,17377.87,-1.61,-28.9609386977475,11.1,-2.152557573478009,-0.6176319577915645,12.298105158744367,6517.0092,0.0,109.29448547350229
FY2018-19,2019,CENTRAL BANK OF INDIA,330717.6639,125298.0697,146525.3606,4310.2438,23384.059,4047.2014,14887.6552,299855.4368,5239.0616,6688.3089,330717.6639,22638.5707,2412.9368,25051.5075,15866.3898,6058.625,6772.1809,8767.9726,3126.4927,-5641.4799,9.61,7.49,2.12,38130.7,10328.64,5728.09,10375.21,32356.04,17377.87,11333.24,-1.7,-30.5602398535864,7.73,1.3770816790610985,1.70146484284317,-6.398797235074349,6772.180899999999,9.094947017729282e-13,10.5111319181459
FY2019-20,2020,CENTRAL BANK OF INDIA,356249.0973,142517.5354,151100.8778,4336.1846,22217.3858,5709.7627,15719.7102,313763.1641,5787.1971,,356249.0973,23562.4655,3636.8216,27199.2871,15933.6197,6921.5209,7628.8458,5465.4988,4344.1465,-1121.3523,11.72,9.33,2.39,32356.04,8150.61,3748.38,4169.19,32589.08,11333.24,11534.46,-0.35,-5.556154723,7.63,7.720008994657168,4.638144116518483,3.1226793650354523,7628.845799999999,9.094947017729282e-13,-80.12308259752906
FY2020-21,2021,CENTRAL BANK OF INDIA,369214.9938,148582.4347,156578.6472,5132.4206,19970.1828,5875.5625,15829.5276,329972.9496,5468.6391,,369214.9938,22730.2329,3115.6742,25845.9071,14485.1898,6782.233,8245.0431,5466.0689,4578.4843,-887.5846,14.81,12.82,1.99,32589.08,6448.53,3768.21,5992.44,29276.96,11534.46,9036.45,-0.26,-4.115,5.77,3.639559116996516,5.166248736207213,3.6252399587317408,8245.043099999999,1.8189894035458565e-12,-20.846945246377967
FY2021-22,2022,CENTRAL BANK OF INDIA,386422.5012,140786.9475,168173.5,4955.0429,19412.6866,8680.9394,18845.7659,342691.9375,7474.361,,386422.5012,22801.6476,2968.484,25770.1316,13314.8828,7258.0987,9486.7648,4152.322,5197.1501,1044.8281,13.84,11.48,2.36,29276.96,4717.93,4603.17,1235.5,28156.22,9036.45,6675.17,0.3,4.244526,3.97,4.660565710752573,3.8545547189302143,7.4051302698954435,9486.7648,0.0,-217.7158887164108
FY2022-23,2023,CENTRAL BANK OF INDIA,406165.4828,136583.476,202984.3065,4776.2762,17721.7708,8680.9394,20427.9672,359296.4686,8118.7478,,406165.4828,25541.8923,4083.7083,29625.6006,13855.0976,8886.7355,11686.7947,5301.5663,6883.7675,1582.2012,14.12,12.11,2.01,28156.22,4075.72,3587.44,10258.25,18386.25,6675.17,3591.72,0.44,5.587302,1.77,5.109169765914245,4.845322951316877,20.699341156603147,11686.7947,0.0,51.43172355337686
FY2023-24,2024,CENTRAL BANK OF INDIA,446672.6847,143923.4863,243406.2841,5335.739,16399.6788,8680.9394,23467.0251,385011.3226,19805.6503,,446672.6847,30722.2358,4711.2798,35433.5156,17825.9122,10244.9154,12896.3236,4813.63,7362.688,2549.058,15.08,12.46,2.62,18386.25,5124.35,2168.81,10001.45,11340.34,3591.72,3001.95,0.63,8.322521,1.23,9.973078367160548,7.15700159820607,19.9138437335302,12896.3236,0.0,61.10833438882488
FY2024-25,2025,CENTRAL BANK OF INDIA,479128.1253,141435.248,282419.8724,5204.2772,13871.8807,9051.4012,27454.6828,412697.1413,21591.9465,,479128.1253,33665.8529,5854.5882,39520.4411,19768.9629,11627.1658,13896.89,4339.0546,8124.3124,3785.2578,17.02,14.73,2.29,11340.34,3494.58,2270.78,3339.36,9224.78,3001.95,1543.25,0.86,11.027049,0.55,7.266045520960862,7.1909102602583985,16.02817628322686,13896.89,0.0,48.496338647453285
FY2015-16,2016,CITIBANK N.A,154116.61,70923.18,61550.5,1629.42,10192.24,3743.84,16781.87,100215.37,21139.99,12235.54,154116.61,10697.6,3165.38,13862.98,4248.16,3453.23,6449.44,2928.62,6161.59,3232.97,15.76,14.85,0.91,780.57,752.07,312.95,359.18,860.51,244.88,302.2,2.2,16.0318139994788,0.49,,,,6449.4400000000005,-9.094947017729282e-13,
FY2016-17,2017,CITIBANK N.A,148390.72,57820.62,54856.92,1558.51,13935.04,3743.84,18002.63,104018.97,5934.66,16690.62,148390.72,10450.85,3732.99,14183.84,3600.17,3795.68,6850.68,3162.38,6787.99,3625.61,17.63,16.71,0.92,860.51,794.67,442.3,365.37,847.51,302.2,252.02,2.45,17.1536457310695,0.46,-3.7152971376673727,3.7954257914729173,-10.87494008984493,6850.68,0.0,12.144869887440969
FY2017-18,2018,CITIBANK N.A,163927.91,78442.51,55712.93,1419.77,8699.92,3743.84,18780.25,113691.69,16762.34,10949.79,163927.91,10475.72,3433.53,13909.25,3086.95,3990.26,7388.77,3428.99,6832.04,3403.05,17.0,16.32,0.68,847.51,905.3,427.34,459.65,865.82,252.02,305.07,2.23,15.3738737436346,0.55,10.470459338697191,9.298996135031912,1.5604412351258645,7388.7699999999995,9.094947017729282e-13,-6.138553236558808
FY2018-19,2019,CITIBANK N.A,186664.24,96557.86,61596.69,1372.8,14386.01,3743.84,20389.02,127886.79,18008.26,16636.33,186664.24,11410.01,3827.83,15237.84,3589.01,4249.88,7821.0,3213.65,7398.95,4185.3,16.49,15.6,0.89,865.82,952.97,464.89,504.79,849.11,305.07,312.61,2.57,17.940735517431,0.51,13.86971260720642,12.485609106523077,10.560851852523289,7821.0,0.0,22.986732489972226
FY2019-20,2020,CITIBANK N.A,218801.888942,101480.473544,66507.947551,1052.201135,22867.484937,3743.8375,22790.022656,157869.33862,10149.801203,,218801.888942,12949.143639,4752.813235,17701.956874,4385.507026,4218.192921,8563.636613,4179.894529,9098.256927,4918.362398,15.61,13.81,1.8,849.11,1128.35,457.375,559.045,961.04,312.62,370.505,2.55,19.41456792,0.56,17.216821466179066,23.444601760666608,7.973249132380333,8563.636612999999,1.8189894035458565e-12,17.515169713043278
FY2020-21,2021,CITIBANK N.A,216889.861542,92187.224935,68746.573373,1031.172961,13385.243634,3743.8375,24528.952138,166431.37584,4100.266948,,216889.861542,12195.229246,3333.228084,15528.45733,3310.201981,4261.833741,8885.027265,3863.565832,7956.421608,4092.855776,16.22,14.45,1.77,961.04,852.73,452.73,370.1,990.94,370.51,446.93,1.84,14.936,0.65,-0.8738623826537562,5.423495971316683,3.365952347700052,8885.027265,0.0,-16.7841764229428
FY2021-22,2022,CITIBANK N.A,233264.544766,95822.364407,70681.674612,1003.643374,13200.417461,3743.8375,26150.84501,179641.036647,4335.709161,,233264.544769,11854.416111,2805.970401,14660.386512,2635.70684,4762.494214,9218.709271,3535.323721,7262.185458,3726.861737,17.43,15.74,1.69,990.935476,954.051906,610.473718,575.90882,758.604844,446.934345,275.333548,1.63,12.814247,0.63,7.549768858526895,7.9370015060737265,2.8148330077495842,9218.709271,0.0,-8.9422657193577
FY2022-23,2023,CITIBANK N.A,217302.1802,115004.8127,49965.42148,1292.013148,14770.50511,3743.8375,37139.35796,147382.5873,7956.74993,,217302.1802,14264.99793,14454.24245,28719.24038,3401.482931,5336.3975,10863.515,6367.620323,19981.35995,13613.73962,20.68,18.7,1.98,758.604844,531.2316,731.6891,350.8494,207.297944,275.333548,0.000901,1.92,38.468912,,-6.8430307666399575,-17.95717167363535,-29.309227951544457,10863.514998999999,1.0000003385357559e-06,265.2869513468618
FY2023-24,2024,CITIBANK N.A,259587.6451,110758.8105,68307.6173,1533.731707,13047.56783,3743.8375,40235.38699,191625.5492,6046.785403,,259587.6451,15411.10037,4625.931954,20037.03233,4554.572054,4268.162687,10856.52832,4977.167719,11214.29759,6237.129866,18.71,16.71,2.0,207.2972,50.5978,58.4991,3.3367,196.0592,,,2.52,14.699392,,19.459291600793605,30.019124179128866,36.70977903657224,10856.528316,3.99999953515362e-06,-54.18503629350302
FY2024-25,2025,CITIBANK N.A,270544.7242,132157.3287,72260.24078,1583.751977,16842.22042,3743.8375,39405.21702,199807.2948,5246.085249,,270544.7242,17000.01297,5173.316749,22173.32972,5273.320524,6026.997851,11726.69245,4680.22099,10873.01134,6192.790353,20.38,17.9,2.48,196.0592,1282.457659,1282.50594,91.255425,104.755494,,,2.29,14.21534,,4.220955545006411,4.2696527859448885,5.786504691915217,11726.692446000001,3.99999953515362e-06,-0.7108961004917425
FY2015-16,2016,CITY UNION BANK LIMITED,31803.9613,6826.4514,21056.9162,217.556,1052.9667,59.8191,2992.1766,27158.1313,664.5457,929.2886,31803.9613,2944.2078,409.9777,3354.1855,1963.1739,557.7285,981.0339,388.59,833.2831,444.6931,15.58,15.09,0.49,335.82,428.99,128.05,124.78,511.98,232.79,323.15,1.5,15.4742658565709,1.53,,,,981.0339000000001,-1.1368683772161603e-13,
FY2016-17,2017,CITY UNION BANK LIMITED,35270.776,7031.4504,23832.6994,215.08,1312.5711,60.1065,3510.091,30115.7384,530.9973,1053.8428,35270.776,3173.7873,483.9467,3657.734,1975.0206,688.9749,1198.7667,490.9697,993.7385,502.7688,15.83,15.35,0.48,511.98,479.61,146.15,163.46,681.98,323.15,408.34,1.5,15.184359163668,1.71,10.90057514313476,10.890318878456839,13.1822873474702,1198.7667,0.0,13.059725909846588
FY2017-18,2018,CITY UNION BANK LIMITED,39937.2453,7879.1061,27852.7858,223.1266,1345.7831,66.4729,4096.7624,32852.6218,1735.8805,1185.5077,39937.2453,3402.4216,532.1004,3934.522,1972.1212,754.6487,1430.3004,615.7542,1207.7521,591.9979,16.22,15.79,0.43,681.98,574.87,205.54,194.76,856.55,408.34,474.78,1.6,15.3100935977617,1.7,13.230412906140776,9.087884094517173,16.867944048335538,1430.3004,0.0,17.747541215763583
FY2018-19,2019,CITY UNION BANK LIMITED,45258.8883,7712.2006,32673.3408,250.0331,1660.0293,73.4501,4767.3074,38447.9485,480.9085,1489.2738,45258.8883,3767.1666,514.3887,4281.5553,2155.6774,885.8862,1611.4892,557.1403,1239.9917,682.8514,15.55,15.03,0.52,856.55,632.16,247.56,264.1,977.05,474.78,591.46,1.64,15.1677464690998,1.81,13.325012679329685,17.031598677460803,17.307263390507966,1611.4892,0.0,15.346929440121325
FY2019-20,2020,CITY UNION BANK LIMITED,49733.5331,9116.7861,33927.4461,245.162,1722.4912,73.7319,5222.3354,40832.4936,2032.4031,,49733.5331,4168.6028,679.9462,4848.549,2493.4119,1013.7397,1675.1909,865.0819,1341.3974,476.3155,16.76,15.8,0.96,977.05,1110.47,300.27,373.85,1413.4,591.46,778.49,1.0,9.397725805,2.29,9.88677576510424,6.202008671541992,3.8383136504975823,1675.1908999999996,4.547473508864641e-13,-30.246097467179535
FY2020-21,2021,CITY UNION BANK LIMITED,53311.6831,9435.9442,36157.8288,232.6901,1870.1596,73.8822,5768.594,44537.3637,1345.6957,,53311.6831,4134.6849,688.7666,4823.4515,2305.0182,1050.5927,1829.6667,875.0178,1467.8406,592.8228,19.52,18.45,1.07,1413.4,1113.05,221.39,411.87,1893.19,778.49,1075.19,1.15,10.645,2.97,7.194642682645047,9.073337857573316,6.57397757976248,1829.6667000000002,-2.2737367544323206e-13,24.46011099785752
FY2021-22,2022,CITY UNION BANK LIMITED,61530.9147,12221.2247,40358.4682,214.6546,2049.6373,73.9585,6511.7469,47689.6698,5311.8236,,61530.9147,4104.7785,759.0844,4863.8629,2188.2905,1080.2614,1916.488,835.1459,1595.311,760.1651,20.85,19.78,1.07,1893.19,1275.68,606.27,629.42,1933.18,1075.19,1191.1,1.35,12.232926,2.95,15.417317784889061,7.077891096638944,11.617510064652992,1916.4880000000003,-2.2737367544323206e-13,28.22804723435064
FY2022-23,2023,CITY UNION BANK LIMITED,66594.562,14332.6282,43053.3457,239.3252,2319.988,74.0416,7383.1686,52397.858,4688.0949,,66594.562,4714.3371,810.3593,5524.6964,2551.5407,1155.1762,2162.7964,880.5,1817.9795,937.4795,22.34,21.27,1.07,1933.18,1329.03,812.5,529.55,1920.16,1191.1,1017.63,1.46,13.351636,2.36,8.229436088652854,9.872553573436571,6.677353279726295,2162.7963999999997,4.547473508864641e-13,23.325774887586913
FY2023-24,2024,CITY UNION BANK LIMITED,70825.8685,15664.1108,45525.7193,270.3733,2422.1381,74.0672,8327.3643,55656.6411,4724.1577,,70825.8685,5270.5652,741.6552,6012.2204,3147.1008,1348.3887,2123.4644,501.0,1516.7309,1015.7309,23.73,22.69,1.04,1920.16,1013.51,815.78,263.46,1854.43,1017.63,898.68,1.52,12.80981,1.97,6.35383186392906,6.219305949491294,5.742581812869418,2123.4644,0.0,8.346998521034333
FY2024-25,2025,CITY UNION BANK LIMITED,77623.2149,17336.1436,52081.2546,322.3385,2592.9355,74.0986,9392.5186,63525.9539,2169.41,,77623.2149,5834.0426,898.0624,6732.105,3518.3292,1535.1495,2315.7134,555.0,1678.6263,1123.6263,23.75,22.7,1.05,1854.43,814.96,834.44,196.78,1638.17,898.68,653.07,1.55,12.576933,1.25,9.597265157433267,14.139036500353953,14.399630364544302,2315.7133999999996,4.547473508864641e-13,10.62243946698873
FY2015-16,2016,COMMONWEALTH BANK OF AUSTRALIA,473.6326,98.0245,300.0151,0.2359,52.5631,179.3933,,98.1992,183.4589,12.5812,473.6326,31.8856,-2.57,29.3156,10.9675,27.6127,20.9181,-0.2125,-9.2646,-9.0521,35.22,34.86,0.36,,,,,,,,-1.94,-5.11246796977058,,,,,20.918100000000003,-3.552713678800501e-15,
FY2016-17,2017,COMMONWEALTH BANK OF AUSTRALIA,193.1476,,,0.1473,66.9412,185.5061,,0.6444,,6.9971,193.1476,17.7296,-0.5136,17.216,6.1421,31.6908,11.5875,-1.3946,-20.6169,-19.2223,144.63,144.63,,,,,,,,,-6.75,-10.5356709273844,,-59.21995234280748,-99.34378284140809,,11.587500000000002,-1.7763568394002505e-15,112.35182996210824
FY2015-16,2016,COOPERATIEVE RABOBANK U.A.,3152.8945,1049.782,1787.3894,5.6827,119.3304,1220.0775,87.4688,1534.9686,159.2339,151.1457,3152.8945,187.4997,59.8803,247.38,95.3613,84.0661,92.1384,39.0964,67.9526,28.8562,47.05,46.7,0.35,,20.0,,,20.0,,17.0,1.13,2.93522217273596,0.95,,,,92.13839999999999,1.4210854715202004e-14,
FY2016-17,2017,COOPERATIEVE RABOBANK U.A.,3426.6874,689.3133,1736.0593,2.6664,235.6279,1220.0775,-49.6662,1970.6012,165.4285,120.2464,3426.6874,227.0182,39.2455,266.2637,113.6019,95.1558,113.4163,194.641,57.506,-137.135,35.3,34.83,0.47,20.0,424.3479,,,444.3479,17.0,167.729,-4.15,-11.0683895479083,9.66,8.68385859406333,28.380554494730383,-2.871791675613611,113.4163,0.0,-575.2358245368413
FY2017-18,2018,COOPERATIEVE RABOBANK U.A.,4884.2584,678.7262,3181.9458,1.831,110.5062,1220.0775,-293.9498,2489.6057,1324.275,144.25,4884.2584,245.3083,30.6633,275.9716,125.5087,86.6391,119.7996,308.1074,63.8238,-244.2836,27.29,26.48,0.81,444.3479,,1.5437,206.388,236.4162,167.729,,-6.35,-23.3035111676911,,42.535861310255505,26.337368514745663,83.28554790726332,119.7996,0.0,78.13366390782808
FY2018-19,2019,COOPERATIEVE RABOBANK U.A.,6694.1709,1213.2626,4012.2265,2.1946,217.7221,1220.0775,-190.3029,4325.4839,1103.6603,235.2521,6694.1709,383.3783,36.5135,419.8918,241.356,110.7042,142.0223,-35.8153,67.8316,103.6469,26.07,24.98,1.09,236.4162,,29.92,79.9645,126.5317,,,1.85,10.5983719125439,,37.05603495507119,73.74172544672435,26.093489713118313,142.02230000000003,-2.842170943040401e-14,-142.4289227766416
FY2019-20,2020,COOPERATIEVE RABOBANK U.A.,6337.455022,1753.142922,2531.7141,3.6249,235.1081,1220.0775,-241.17046,4637.240698,467.6505,,6337.455022,407.3002,10.5731,417.8733,253.4704,135.238,153.8298,80.0325,29.1649,-50.8676,38.33,37.35,0.98,126.5317,169.811,3.9924,122.5393,169.811,,,-0.85,-5.064774725,3.14,-5.328753677322462,7.207443264324698,-36.90002047491586,153.8298,0.0,-149.0777823552851
FY2020-21,2021,COOPERATIEVE RABOBANK U.A.,5154.746748,1369.339048,2289.777,3.4631,216.1573,1220.0775,-238.94466,3489.3602,470.0055,,5154.746748,284.6609,15.7877,300.4486,138.2083,113.6356,146.4526,46.37895,48.6047,2.22575,35.51,34.48,1.03,169.811,202.462,,,372.273,79.4803,251.9423,0.03,0.227,11.0,-18.662195942919002,-24.75352419155361,-9.556256766907456,146.45260000000002,-2.842170943040401e-14,-104.37557502221453
FY2021-22,2022,COOPERATIEVE RABOBANK U.A.,3774.697543,704.220995,1377.0721,1.6007,253.723948,1220.0775,-328.759057,2250.4287,366.4693,,3774.697543,309.7704,18.1796,327.95,98.9926,139.8292,210.7778,178.9426,89.1282,-89.8144,27.92,26.88,1.04,372.273,27.5168,74.48,174.842,150.4678,251.9423,65.9048,-1.42,-9.593243,4.79,-26.772395860872255,-35.505979004403166,-39.859990732722004,210.7778,0.0,-4135.24205324048
FY2022-23,2023,COOPERATIEVE RABOBANK U.A.,1383.36295,160.042381,225.9284,0.8397,234.203369,1220.0775,-287.62405,149.6032,0.8217,,1383.36295,142.1609,27.0183,169.1792,36.2751,78.6449,105.8858,13.1241,54.2592,41.1351,74.4,73.21,1.19,150.4678,40.7187,27.4618,59.7921,103.9326,65.9048,37.9284,0.87,4.510992,16.79,-63.35168753943261,-93.35223550961645,-83.59356783134304,105.88579999999999,1.4210854715202004e-14,-145.800116685075
FY2023-24,2024,COOPERATIEVE RABOBANK U.A.,1045.586003,82.4254,,,154.570303,1220.0775,-224.877997,,,,1045.586003,91.6916,5.0813,96.7729,2.4792,51.7781,89.2124,-20.2304,42.5156,62.746,160.76,159.88,0.88,103.9326,,44.8102,59.1224,,37.9284,,4.12,6.510093,,-24.41708786548028,,,89.21239999999999,1.4210854715202004e-14,52.53639835566219
FY2024-25,2025,COOPERATIEVE RABOBANK U.A.,1051.107003,,,,152.120703,1220.0775,-207.234097,,,,1051.107003,61.407,0.9374,62.3444,,20.8724,61.407,23.8281,41.472,17.6439,187.44,187.44,,,,,,,,,1.68,1.757323,,0.5280292567191314,,,,,-71.88043859369522
FY2015-16,2016,CORPORATION BANK,234863.6156,63280.6345,140322.2406,1277.1335,14802.4088,204.4971,11161.3849,205170.8436,13112.1944,5214.6956,234863.6156,19411.2369,1735.1597,21146.3966,15171.778,2879.6014,4239.4589,3601.4976,3095.0172,-506.4804,10.56,7.93,2.63,7106.67,10581.98,649.56,2494.84,14544.25,4464.98,9160.14,-0.23,-4.63589986284803,6.53,,,,4239.4589,0.0,
FY2016-17,2017,CORPORATION BANK,247891.0547,64072.9765,140356.7937,1290.0139,17121.3143,229.4113,12482.5338,220559.6192,6468.1735,8151.3169,247891.0547,19471.4718,3090.3087,22561.7805,15020.4618,3101.7898,4451.01,3878.3229,4439.5289,561.206,11.32,8.9,2.42,14544.25,7762.42,1687.76,3573.69,17045.22,9160.14,11692.18,0.23,4.66160004944965,8.33,5.5468102484580895,7.500469038379487,0.02462410794772385,4451.01,0.0,-210.80507755087856
FY2017-18,2018,CORPORATION BANK,221891.3054,70349.756,119868.8371,1229.211,19125.8212,333.1097,10512.7423,183315.9499,22171.1335,5558.37,221891.3054,17628.3327,2313.0808,19941.4135,12790.1086,3200.8885,4838.2241,8004.3595,3950.4164,-4053.9431,9.23,7.27,1.96,17045.22,14576.86,1180.27,8228.37,22213.44,11692.18,14077.02,-1.67,-34.4169964856349,11.74,-10.488377376692803,-16.885987305875794,-14.597053737057553,4838.224099999999,9.094947017729282e-13,-822.3627509328126
FY2018-19,2019,CORPORATION BANK,213577.8538,59979.1981,121251.2092,1421.8482,18356.564,1198.8368,15366.0245,184567.8445,8394.2552,4050.8928,213577.8538,15622.6303,1872.0687,17494.699,10114.166,3486.068,5508.4643,10227.4479,3894.465,-6332.9829,12.3,10.52,1.78,22213.44,6282.6,1782.92,5989.44,20723.68,14077.02,6926.64,-3.14,-46.2080853620106,5.71,-3.746632426634955,0.6829163532594551,1.1532372662018453,5508.4643000000015,-1.8189894035458565e-12,56.217853674364605
FY2019-20,2020,CORPORATION BANK,229539.7699,66432.4373,127399.0574,1379.4014,17320.7098,1198.8368,12551.6356,205354.7818,2301.0624,,229539.7699,16170.5794,3749.1996,19919.779,10942.0953,5175.1916,5228.4841,6194.0861,3802.4921,-2391.594,11.53,9.04,2.49,20723.68,4336.27,1847.3,3813.63,19399.02,6926.64,6256.97,-1.13,-15.7781142946812,4.91,7.473582029224413,11.26249122988483,5.070339702641102,5228.4841,0.0,-62.23589992639962
FY2015-16,2016,CREDIT AGRICOLE CORPORATE AND INVESTMENT BANK,13401.6575,1381.4953,5622.9555,25.4044,6024.7913,978.3701,1045.0833,2053.6664,3096.9156,6227.6221,13401.6575,410.2026,98.0421,508.2447,191.7742,116.256,218.4284,128.781,200.2145,71.4335,12.85,11.41,1.44,0.59,237.03,,,237.62,,175.58,0.67,3.59371046461311,3.12,,,,218.4284,0.0,
FY2016-17,2017,CREDIT AGRICOLE CORPORATE AND INVESTMENT BANK,12747.8714,1584.8834,4409.8083,17.2826,6536.5579,978.3701,841.3679,1850.828,2089.9458,6987.3596,12747.8714,429.2272,62.4622,491.6894,222.8129,128.7297,206.4143,290.2871,140.1468,-150.1403,16.83,13.0,3.83,237.62,360.11,58.31,263.17,276.25,175.58,204.55,-1.28,-7.81331369548756,4.64,-4.878397317645222,-9.876891397746002,-21.57490309144364,206.41429999999997,2.842170943040401e-14,-310.1819174476961
FY2017-18,2018,CREDIT AGRICOLE CORPORATE AND INVESTMENT BANK,9119.2237,1793.1744,3887.7441,18.0416,2954.0635,978.3701,571.7026,2702.2381,1499.4837,3367.4292,9119.2237,425.0068,2.3503,427.3571,218.8894,131.1001,206.1174,347.0329,77.3676,-269.6653,14.8,11.47,3.33,276.25,207.46,28.11,72.04,383.56,204.55,56.99,-2.36,-16.0047743928168,1.47,-28.464734120239076,46.00157875286088,-11.838705097452873,206.1174,0.0,79.60887250125384
FY2018-19,2019,CREDIT AGRICOLE CORPORATE AND INVESTMENT BANK,15443.2339,2302.1469,5030.9614,22.9842,6954.0226,978.3701,731.5801,2704.8614,3446.4271,7581.9952,15443.2339,527.7702,8.1505,535.9207,301.9059,166.045,225.8643,-91.9077,67.9698,159.8775,12.74,10.26,2.48,383.56,13.45,142.81,251.03,3.17,56.99,,1.17,9.80836668355919,,69.34812005982481,0.09707878813489668,29.40567255956996,225.86430000000007,-8.526512829121202e-14,-159.28738328587326
FY2019-20,2020,CREDIT AGRICOLE CORPORATE AND INVESTMENT BANK,21313.028062,3501.034268,5040.987188,20.814978,11182.416896,1097.166539,830.82861,6550.642322,852.49448,,21313.028062,569.682341,46.4021,616.084441,305.782165,159.563822,263.900176,51.48991,150.738454,99.248544,12.43,10.17,2.26,3.1695,,,0.2405,2.929,,,0.68,5.456296589,,38.008840635380146,142.180332123487,0.1992817515952261,263.90017599999993,5.684341886080802e-14,-37.922131632030776
FY2020-21,2021,CREDIT AGRICOLE CORPORATE AND INVESTMENT BANK,15126.583701,3851.091757,3957.580244,17.441097,5092.191678,1373.2366,1051.923066,6698.120537,328.995048,,15126.583701,568.4507,23.277801,591.728501,228.393721,174.142123,340.056979,-31.901799,189.192657,221.094456,13.89,11.55,2.34,2.929,,,,2.929,,,1.32,10.158,,-29.026585724954323,2.2513550236852753,-21.491959879982137,340.05697899999996,5.684341886080802e-14,122.76846298117987
FY2021-22,2022,CREDIT AGRICOLE CORPORATE AND INVESTMENT BANK,16652.5673,5126.536573,4937.4478,20.031,3899.867711,2377.9812,1127.617254,7906.610403,341.0662,,16652.5673,541.369196,15.252862,556.622058,222.939331,190.356266,318.429865,67.632261,143.326461,75.6942,14.87,12.61,2.26,2.929,,,,2.929,,,0.44,2.552598,,10.088091463104899,18.042223327041928,24.759259334932125,318.42986499999995,5.684341886080802e-14,-65.76386338696797
FY2022-23,2023,CREDIT AGRICOLE CORPORATE AND INVESTMENT BANK,19842.88682,6630.942894,5090.078458,26.671541,6182.9273,2375.260928,1208.352422,8412.626131,405.845547,,19842.88682,799.475363,-52.685841,746.789522,385.375451,192.333407,414.099912,88.345643,169.080664,80.735021,13.65,11.62,2.03,2.929,,,,2.929,,,0.36,2.277687,,19.158124165034906,6.399907194213128,3.091286514461977,414.099912,0.0,6.659454753468563
FY2023-24,2024,CREDIT AGRICOLE CORPORATE AND INVESTMENT BANK,21260.97778,9994.785756,4898.439044,27.886,3945.312618,2380.134236,1339.545658,9001.336204,3575.825422,,21260.97778,1126.558397,-52.179548,1074.378849,611.910894,230.819476,514.647503,100.455179,231.648479,131.1933,14.4,12.22,2.18,2.929,,,,2.929,,,0.63,3.592716,,7.146596021354523,6.997934578723752,-3.764959923138389,514.647503,0.0,62.498626215753376
FY2024-25,2025,CREDIT AGRICOLE CORPORATE AND INVESTMENT BANK,31444.28467,13621.30906,6837.989019,39.880029,8677.847025,4854.414377,1617.59551,7841.056126,7469.910754,,31444.28467,1376.488926,25.907283,1402.396209,805.893777,240.762026,570.595149,141.663306,355.740406,214.0771,20.34,18.81,1.53,2.929,,,,2.929,,,0.84,4.201013,,47.896700685042525,-12.890087112671067,39.59526611596231,570.595149,0.0,63.176854305822026
FY2015-16,2016,CREDIT SUISSE AG,11423.018,6861.1387,1819.8145,0.5702,806.4253,1135.0,629.0473,6697.5648,1984.0601,977.3458,11423.018,724.9797,87.3574,812.3371,475.8767,77.2175,249.103,114.5864,259.2429,144.6565,26.17,25.62,0.55,,,,,,,,1.48,8.55085837095705,,,,,249.10299999999995,5.684341886080802e-14,
FY2016-17,2017,CREDIT SUISSE AG,6825.647,5055.3708,1099.8421,0.8988,479.4308,1135.0,868.7712,2923.5725,1325.1438,573.1595,6825.647,555.6472,260.5837,816.2309,332.464,76.4297,223.1832,167.6133,407.3372,239.7239,34.57,34.2,0.37,,,,,,,,2.99,12.7248114525686,,-40.24655305629388,-56.34872394217074,-39.56295545507522,223.1832,0.0,65.71941115677484
FY2017-18,2018,CREDIT SUISSE AG,8800.3942,6121.4142,1323.4233,0.7863,540.5649,1775.0,976.4572,3546.2764,2346.7292,155.9314,8800.3942,429.9488,-12.2465,417.7023,147.7211,75.3457,282.2277,86.9495,194.6355,107.686,36.81,36.5,0.31,,,,,,,,1.63,4.52916204824147,,28.93128226525632,21.29941706593559,20.328481697509115,282.2277,0.0,-55.07915564530694
FY2018-19,2019,CREDIT SUISSE AG,8409.8817,4865.9535,1278.143,3.6181,393.9994,1775.0,992.5395,3445.785,1952.9293,243.6279,8409.8817,488.7772,-24.8022,463.975,180.6369,67.2774,308.1403,199.9784,216.0607,16.0823,42.02,41.71,0.31,,260.0,,,260.0,,107.69,0.22,0.582797956737318,8.43,-4.437443268166341,-2.8337159506235943,-3.42145253147651,308.1403,0.0,-85.06556098285756
FY2019-20,2020,CREDIT SUISSE AG,9951.528,7534.6622,1226.995,8.6286,833.0906,1775.0,878.63,2831.7446,4029.4864,,9951.528,459.3006,-69.6557,389.6449,174.3403,59.0466,284.9603,270.1675,156.258,-113.9095,33.78,33.56,0.22,260.0,,,260.0,,107.69,,-1.57,-4.202395811,,18.331367253358643,-17.82004390871745,-4.001743153935056,284.96029999999996,5.684341886080802e-14,-808.2911026407913
FY2020-21,2021,CREDIT SUISSE AG,19189.4833,13390.1958,1270.0,11.0654,734.2948,3225.0,1208.9544,5254.5622,9243.1482,,19189.4833,765.0931,133.0191,898.1122,254.1252,77.6578,510.9679,236.0048,566.3292,330.3244,34.62,32.61,2.01,,,,,,,,2.56,9.321,,92.82951623107527,85.55918496322022,3.5049042579635703,510.96790000000004,-5.684341886080802e-14,-389.9884557477647
FY2021-22,2022,CREDIT SUISSE AG,20732.0668,16056.3908,946.5696,8.9223,1829.3984,3225.0,1511.5561,2833.4972,12178.5418,,20732.0668,1134.6107,-330.9905,803.6202,428.0406,95.1253,706.5701,-22.1474,280.4543,302.6017,60.02,55.73,4.29,,,,,,,,1.57,6.599452,,8.038692214292187,-46.07548465217521,-25.466960629921253,706.5700999999999,1.1368683772161603e-13,-8.392568033121384
FY2022-23,2023,CREDIT SUISSE AG,18286.5637,14473.8658,656.9827,7.794,1588.5132,3225.0,1772.3026,1695.9919,10621.7154,,18286.5637,1394.9309,-69.9465,1324.9844,760.5873,88.4464,634.3436,215.2042,475.9507,260.7465,46.96,43.78,3.18,,,,,,,,1.16,5.357516,,-11.79575159385461,-40.144924088860925,-30.59330238368103,634.3436,0.0,-13.831779530650346
FY2023-24,2024,CREDIT SUISSE AG,8148.6793,2817.3202,2233.1489,6.0125,856.0249,3225.0,1969.6254,2394.5127,,,8148.6793,871.4413,13.0661,884.5074,420.3995,104.4838,451.0418,162.3013,359.6241,197.3228,86.97,85.12,1.85,,,,,,,,1.32,3.872139,,-55.438980041941946,41.18656462922967,239.90984846328524,451.04179999999997,5.684341886080802e-14,-24.323893129917384
FY2015-16,2016,CSB BANK LIMITED,15651.9417,5986.6893,7852.6456,215.0934,871.2212,71.7602,821.0327,14438.4049,41.8,278.9439,15651.9417,1482.8854,104.681,1587.5664,1159.2715,432.0411,323.6139,145.9782,-3.7462,-149.7244,10.55,9.76,0.79,474.81,403.09,288.65,142.34,446.91,364.59,345.15,-0.92,-16.8108294399364,4.4,,,,323.61389999999983,1.7053025658242404e-13,
FY2016-17,2017,CSB BANK LIMITED,16223.236,5761.5162,8118.9338,215.2614,916.3749,81.0143,918.3421,14911.5623,41.8,270.5173,16223.236,1336.2949,281.2013,1617.4962,1022.6935,443.0891,313.6014,150.1591,151.7136,1.5545,12.15,11.54,0.61,446.91,367.0,75.06,138.75,600.1,345.15,447.64,0.01,0.164310501290781,5.51,3.6499899561982296,3.2770752952079985,3.391063516224402,313.6014000000001,-1.1368683772161603e-13,-101.03824092799837
FY2017-18,2018,CSB BANK LIMITED,15870.0515,4113.9508,9337.3564,216.1176,987.4927,81.0143,808.0182,14690.6493,41.8,248.5697,15870.0515,1296.8059,125.4202,1422.2261,912.0005,435.8987,384.8054,171.7962,74.3269,-97.4693,9.91,9.45,0.46,600.1,281.16,112.1,5.03,764.13,447.64,416.29,-0.59,-10.323011324627,4.46,-2.1770286766462643,-1.481487959179173,15.007174956889058,384.8054000000001,-5.684341886080802e-14,-6370.138308137665
FY2018-19,2019,CSB BANK LIMITED,16911.1578,4027.6116,10615.2373,217.7288,1076.9495,85.9723,1345.7205,15123.8729,,355.5921,16911.1578,1347.5154,135.9177,1483.4331,907.5609,562.5137,439.9545,210.7777,13.3585,-197.4192,16.7,16.03,0.67,764.13,197.45,130.95,300.01,530.62,416.29,240.68,-1.13,-17.0135776086898,2.27,6.5601948424679035,2.948975168851131,13.685681955976325,439.95450000000005,-5.684341886080802e-14,102.54500647896312
FY2019-20,2020,CSB BANK LIMITED,18864.2381,5359.8353,11366.3539,253.4832,945.224,173.5081,1787.1564,15790.6789,794.0,,18864.2381,1509.8865,221.6099,1731.4964,917.6003,533.3202,592.2862,267.8512,280.5759,12.7247,22.46,21.79,0.67,530.62,181.78,104.7,198.27,409.43,240.68,216.94,0.07,0.7501981,1.91,11.549063187146169,4.408963262313592,7.075834282103144,592.2862000000001,-1.1368683772161603e-13,-106.44552302916838
FY2020-21,2021,CSB BANK LIMITED,23337.3538,6125.9907,14438.1223,269.4891,789.6845,173.5381,2006.6887,19140.0427,1425.9194,,23337.3538,1872.2945,303.13,2175.4245,930.9064,728.9952,941.3881,297.1227,515.5229,218.4002,21.37,19.96,1.41,409.434,192.1203,81.28,126.78,393.4943,216.94,168.81,0.99,10.548,1.17,23.712146105704647,21.21101835589856,27.025099051332546,941.3881,0.0,1616.3485190220595
FY2021-22,2022,CSB BANK LIMITED,25356.2722,7011.6186,15814.6804,287.8632,668.3507,173.5381,2477.8599,20188.296,2007.1878,,25356.2722,2038.3113,246.8,2285.1113,885.0106,786.3799,1153.3007,155.2268,613.7208,458.494,25.9,24.35,1.55,393.4943,118.7078,127.7321,94.959,289.511,168.81,106.9894,1.9,18.978874,0.68,8.65101680894087,5.476755284354695,9.534190605934945,1153.3007000000002,-2.2737367544323206e-13,109.93295793685172
FY2022-23,2023,CSB BANK LIMITED,29162.2815,5848.6951,20650.6453,319.3615,506.8731,173.5381,3030.0883,24505.8119,782.97,,29162.2815,2319.6534,315.6809,2635.3343,985.8065,942.1281,1333.8469,160.0383,707.3997,547.3614,27.1,25.87,1.23,289.511037,81.076795,92.291258,15.736214,262.56036,106.9894,71.8214,2.06,18.697152,0.35,15.0101295252699,21.386232399207938,30.5789606725154,1333.8469,0.0,19.38245647707495
FY2023-24,2024,CSB BANK LIMITED,36055.9902,7551.429,24335.5757,405.9157,608.1822,173.5381,3630.1087,29718.8036,1757.38,,36055.9902,2927.5423,584.2864,3511.8287,1451.1279,1280.779,1476.4144,213.1001,779.9218,566.8217,24.47,23.1,1.37,262.5604,175.7262,71.1279,6.0862,361.0725,71.8203,124.8996,1.79,16.178096,0.51,23.63912679465767,21.272470878632667,17.844141654982582,1476.4144000000001,-2.2737367544323206e-13,3.555292718850822
FY2024-25,2025,CSB BANK LIMITED,47836.2719,11389.3376,31507.0485,628.6839,719.0226,173.5381,4324.1934,36861.4881,5546.2839,,47836.2719,3597.1444,972.0526,4569.197,2120.9693,1537.9923,1476.1751,316.4377,910.2354,593.7977,22.46,20.59,1.87,361.0725,228.7455,68.6945,22.6636,498.4599,124.8996,163.5307,1.49,14.306003,0.52,32.67219020932617,24.034226263401813,29.469090390164876,1476.1751,0.0,4.759168535714142
FY2015-16,2016,"CTBC BANK CO., LTD.",783.6215,84.5329,547.0623,3.4584,29.659,340.85,-25.9761,384.6466,71.5259,12.5751,783.6215,50.5665,9.3011,59.8676,16.0986,29.7853,34.4679,22.1412,13.9837,-8.1575,42.09,41.69,0.4,7.7,60.0,,3.89,63.81,1.8,45.26,-1.21,-2.55758966103589,8.27,,,,34.4679,0.0,
FY2016-17,2017,"CTBC BANK CO., LTD.",895.1307,120.9166,674.9061,2.8549,50.3321,340.85,-42.435,487.9659,91.4616,17.2882,895.1307,60.9878,8.0606,69.0484,20.8685,34.4116,40.1193,30.2272,13.7683,-16.4589,43.06,42.43,0.63,63.81,8.13,,,71.94,45.26,6.74,-1.88,-5.36742145504345,1.0,14.229982204418846,26.860837974390005,23.36914826702552,40.119299999999996,7.105427357601002e-15,101.76402083971806
FY2017-18,2018,"CTBC BANK CO., LTD.",811.4163,159.4587,473.5925,3.8114,53.7981,340.85,-40.5847,403.3156,94.5583,13.2771,811.4163,61.3203,7.5962,68.9165,21.4811,40.5711,39.8392,5.014,6.8643,1.8503,46.21,45.74,0.47,71.94,,4.28,60.0,7.66,6.74,0.17,0.2,0.618126235321256,0.04,-9.352198511345888,-17.347585148880274,-29.828386497025296,39.839200000000005,-7.105427357601002e-15,-111.2419420495902
FY2018-19,2019,"CTBC BANK CO., LTD.",1345.0695,290.9838,814.8058,4.6025,49.6783,340.85,-34.4487,834.286,183.0457,21.3365,1345.0695,79.7262,12.3216,92.0478,32.4341,42.7472,47.2921,10.7305,16.8665,6.136,35.36,34.79,0.57,7.66,,4.2,,3.46,2.19,-0.35,0.54,2.02285736514916,,65.76811434525041,106.85686345879009,72.0478681566959,47.292100000000005,-7.105427357601002e-15,231.62189915148895
FY2019-20,2020,"CTBC BANK CO., LTD.",2058.0094,513.8329,1243.902,9.1504,55.7431,553.5549,-27.1073,1373.9075,125.246,,2058.0094,107.4227,12.1273,119.55,50.6405,49.0431,56.7822,12.525,19.8664,7.3414,39.73,38.71,1.02,3.461832,,0.885,,2.576832,-0.35,,0.45,1.762960844,,53.00394514930269,64.68063709567224,52.66238900115832,56.7822,0.0,19.64471968709256
FY2020-21,2021,"CTBC BANK CO., LTD.",2109.4656,562.2341,1377.2304,10.714,50.279,553.5549,-16.1245,1385.8113,145.3089,,2109.4656,107.2715,20.8378,128.1093,50.746,47.9971,56.5255,18.3834,29.3662,10.9828,36.8,35.54,1.26,2.576832,,0.804375,,1.772457,,,0.54,2.065,,2.500289843185355,0.866419318622258,10.718561430080499,56.5255,0.0,49.600893562535745
FY2021-22,2022,"CTBC BANK CO., LTD.",2666.5241,660.9881,1534.1039,10.5312,73.1498,553.5549,-4.7194,1859.0681,196.0524,,2666.5241,111.4108,19.6008,131.0116,58.1018,56.6604,53.309,4.8443,16.2494,11.4051,31.82,30.56,1.26,1.772457,,0.2925,,1.479957,,,0.48,2.099873,,26.407565024999702,34.15016171393608,11.390505176185496,53.309,0.0,3.8451032523582285
FY2022-23,2023,"CTBC BANK CO., LTD.",3217.4049,980.5273,1776.7639,8.7198,65.5254,553.5549,5.4866,2203.5471,398.6868,,3217.4049,163.2613,14.7866,178.0479,93.65,62.4542,69.6113,11.7377,21.9437,10.206,23.53,22.31,1.22,1.479957,,0.816,,0.663957,,,0.37,1.842443,,20.659134488977603,18.529660102284563,15.817703090383883,69.6113,0.0,-10.513717547412993
FY2023-24,2024,"CTBC BANK CO., LTD.",3507.8062,1030.6007,2122.4194,15.4851,66.8992,965.7126,38.629,2262.9805,183.1509,,3507.8062,243.1146,29.7277,272.8423,135.9967,77.0261,107.1179,26.6771,59.8195,33.1424,35.1,33.91,1.19,0.663957,,0.663957,,,,,0.96,4.239831,,9.025948210621548,2.697169486415807,19.454216736393647,107.11789999999999,1.4210854715202004e-14,224.73446991965514
FY2024-25,2025,"CTBC BANK CO., LTD.",4740.277,1382.2046,2521.389,23.3361,100.7897,965.7126,74.0024,3242.845,331.3224,,4740.277,289.9697,30.4161,320.3858,167.1366,90.1025,122.8331,30.2672,63.1467,32.8795,24.07,23.19,0.88,,,,,,,,0.8,3.217083,,35.13508813571286,43.29973236623115,18.797868131058348,122.8331,0.0,-0.7932436999131043
FY2015-16,2016,DBS BANK INDIA LIMITED,43845.4242,15583.9572,17653.0995,74.0446,5433.3412,3211.3534,1206.173,23427.5293,11536.3613,4464.0072,43845.4242,2091.8759,280.0086,2371.8845,1339.0135,602.6943,752.8624,421.6169,430.1767,8.5598,18.64,13.01,5.63,1283.8723,640.6823,156.5735,135.2757,1632.7054,657.5235,766.6062,0.02,0.209824072499245,4.34,,,,752.8624,0.0,
FY2016-17,2017,DBS BANK INDIA LIMITED,44542.0575,10248.1286,21838.2258,58.058,7713.1519,3211.3534,1405.1501,26990.9652,5781.5001,7153.0887,44542.0575,2577.9291,622.6691,3200.5982,1853.3812,825.006,724.5479,509.4116,522.211,12.7994,16.49,11.62,4.87,1632.7054,601.9036,451.5822,944.6434,838.3834,766.6062,462.4657,0.03,0.283359699750385,2.12,1.5888392294309384,15.210463956179975,23.707600469821166,724.5478999999998,2.2737367544323206e-13,49.52919460735066
FY2017-18,2018,DBS BANK INDIA LIMITED,46853.2152,17797.6818,17867.0566,64.5369,5149.3192,3705.7895,872.2791,29221.6578,8600.1868,4453.302,46853.2152,2485.3948,296.6412,2782.036,1837.4895,948.8309,647.9053,528.5866,-4.2844,-532.871,16.14,11.34,4.8,838.3834,497.7238,254.1367,143.7284,938.2421,462.4657,195.1196,-1.16,-11.5909907324562,1.09,5.188708896080962,8.264589959902601,-18.18448639724204,647.9053000000001,-1.1368683772161603e-13,-4263.249839836242
FY2018-19,2019,DBS BANK INDIA LIMITED,57920.463,20982.0457,18107.9424,68.3112,8114.7928,5037.65,886.8012,33827.8379,10446.3484,7721.8255,57920.463,281.5464,89.5674,371.1138,211.5593,148.3225,69.9871,-9.2598,11.232,20.4918,19.69,14.62,5.07,,605.2391,4.6631,17.4044,583.1716,,58.8628,0.04,0.390226353108137,0.33,23.6211063696649,15.76289795577579,1.3482119936867543,69.9871,0.0,-103.84554610778218
FY2019-20,2020,DBS BANK INDIA LIMITED,62864.3524,23426.9222,19130.6865,90.8356,12717.572,5037.65,997.8068,35652.1099,9086.6897,,62864.3524,3246.3978,274.3318,3520.7296,2076.8696,1242.3843,1169.5282,90.4701,201.4757,111.0056,16.33,13.12,3.21,583.1716,148.8991,40.8073,183.6968,507.5666,58.8628,89.6638,0.2,1.856295216,0.47,8.535652417005025,5.392812882079001,5.648041491450728,1169.5282000000002,-2.2737367544323206e-13,441.70741467318635
FY2020-21,2021,DBS BANK INDIA LIMITED,77242.6354,20972.9896,36972.7891,429.9684,9141.3856,6679.147,2168.1,51501.0448,9159.8518,,77242.6354,3373.3312,1021.2969,4394.6281,1795.8506,1719.0654,1577.4806,567.9219,879.7121,311.7902,15.13,12.34,2.79,507.5666,5229.9893,157.492,246.9084,5333.1555,89.6638,1045.4753,0.46,3.87,2.83,22.87191778977109,44.45440941491094,93.26430915064132,1577.4806,0.0,180.87790165541202
FY2021-22,2022,DBS BANK INDIA LIMITED,84361.6094,21565.5079,43898.0204,459.5798,8448.2431,7257.8894,2795.9293,48977.8971,17641.4361,,84361.6094,4315.3992,886.8706,5202.2698,2310.3677,2652.1829,2005.0315,73.1475,239.7192,166.5717,16.29,13.71,2.58,5333.1555,620.0254,1419.3804,,4533.8005,1045.4753,707.9814,0.2,1.762564,1.61,9.21637896368306,-4.899216530069306,18.73061640351066,2005.0315,0.0,-46.575710205131536
FY2022-23,2023,DBS BANK INDIA LIMITED,111502.7887,43070.8139,47159.5386,597.5529,12399.2802,7257.8894,3024.0706,61375.0902,27775.7207,,111502.7887,5734.8931,969.9033,6704.7964,3353.4481,2966.8751,2381.445,156.3319,384.4732,228.1413,14.99,12.55,2.44,4533.8005,490.1558,647.7679,1603.7675,2772.4209,732.616996,550.418696,0.22,2.243743,1.17,32.1724294889993,25.311811723333456,7.42976145685148,2381.445,0.0,36.962821415642644
FY2023-24,2024,DBS BANK INDIA LIMITED,130455.5067,55328.6412,52201.3474,597.5755,12649.4434,8105.1974,4473.6011,79438.4141,26991.3392,,130455.5067,7836.763,1547.170936,9383.933936,5119.6922,3552.624936,2717.0708,334.7783,711.6168,376.8385,15.75,13.3,2.45,2772.4209,585.9308,874.2273,691.4749,1792.6495,550.4187,125.1782,0.33,3.296815,0.24,16.9975282420896,29.431034384043954,10.690962951872486,2717.0707999999995,4.547473508864641e-13,65.17767716761497
FY2024-25,2025,DBS BANK INDIA LIMITED,139950.735,56169.0965,53972.7676,538.9265,15991.7712,8105.1974,5374.7522,83313.5287,27184.0909,,139950.735,9295.23,2036.8638,11332.0938,6177.0176,3857.1023,3118.2124,613.6616,1297.9739,684.3123,16.81,13.55,3.26,1792.6495,822.9323,476.6597,600.7796,1538.1425,125.1782,150.482607,0.53,5.252073,0.28,7.278518584758209,4.8781369113460205,3.393437695058421,3118.2123999999994,4.547473508864641e-13,81.5929901005338
FY2015-16,2016,DCB BANK LIMITED,19118.5231,4333.3307,12921.3868,248.0208,724.2204,284.4361,1507.7357,14925.9858,1147.896,1252.4695,19118.5231,1698.4635,220.4585,1918.922,1078.9627,490.9314,619.5008,154.5042,349.0279,194.5237,14.11,12.79,1.32,186.07,225.49,154.38,59.8,197.38,105.7,97.46,1.14,11.5077344886283,0.75,,,,619.5008,0.0,
FY2016-17,2017,DCB BANK LIMITED,24046.3786,5817.9442,15817.6325,488.5678,729.7719,285.3644,1919.5196,19289.2114,1275.8073,1276.4759,24046.3786,2076.1459,248.8485,2324.9944,1279.0592,627.7286,797.0867,218.5314,418.2066,199.6752,13.76,11.87,1.89,197.38,261.97,160.8,44.35,254.2,97.46,124.41,0.93,9.99111395942984,0.79,25.77529380394452,29.232411570430415,22.414356483779272,797.0867000000001,-1.1368683772161603e-13,2.6482634249708426
FY2017-18,2018,DCB BANK LIMITED,30222.0921,6218.9574,20336.6884,494.0176,800.444,308.0849,2499.747,24006.8628,1926.7105,1480.6869,30222.0921,2412.9851,310.2757,2723.2608,1417.5584,780.7316,995.4267,279.6282,524.9708,245.3426,16.47,12.72,3.75,254.2,348.91,201.84,32.24,369.03,124.41,146.72,0.94,9.78880929597466,0.72,25.682509631616647,24.457461231411457,28.569736336964446,995.4267,0.0,22.870842247810465
FY2018-19,2019,DCB BANK LIMITED,35791.8325,7844.0909,23567.9972,525.9832,1060.3856,309.5469,2806.0543,28435.1142,2723.2036,1517.9135,35791.8325,3041.488,350.1589,3391.6469,1892.1955,852.8513,1149.2925,321.234,646.6001,325.3661,16.81,13.1,3.71,369.03,420.47,283.23,66.79,439.48,146.72,153.77,0.99,10.9857271790577,0.65,18.429367436147803,18.44577293123031,15.889060875811033,1149.2924999999998,2.2737367544323206e-13,32.61704245410295
FY2019-20,2020,DCB BANK LIMITED,38505.1407,7741.5027,25345.2923,545.8728,1326.6029,310.4154,3111.7363,30369.9287,3407.9512,,38505.1407,3536.6329,391.092,3927.7249,2271.7186,902.9445,1264.9143,415.1257,753.0618,337.9361,17.75,13.9,3.85,439.479198,664.051841,351.779376,120.238367,631.513296,153.77,293.51,0.9,10.33798937,1.16,7.580802687317023,6.804314153238034,7.5411376067203495,1264.9143,0.0,3.863340403317994
FY2020-21,2021,DCB BANK LIMITED,39602.1289,8413.6927,25737.197,568.5098,1843.3874,310.5361,3448.0518,29703.8646,4482.2513,,39602.1289,3458.2144,445.8259,3904.0403,2171.5978,846.6272,1286.6166,550.0255,885.8153,335.7898,19.67,15.49,4.18,631.513296,686.158631,107.916306,126.319021,1083.4366,293.51,594.15,0.87,9.353,2.31,2.8489395962653985,-2.193169785084148,1.546262301342649,1286.6165999999998,2.2737367544323206e-13,-0.6351200715164818
FY2021-22,2022,DCB BANK LIMITED,44792.5614,9050.6537,29095.7812,661.1838,1894.1823,310.9765,3737.8478,34691.6866,4081.8396,,44792.5614,3512.765,452.0392,3964.8042,2155.2576,1012.5643,1357.5074,509.478,796.9823,287.5043,18.92,15.84,3.08,1083.4366,1771.9121,1476.9672,88.4468,1289.9347,594.15,573.2306,0.7,7.364906,1.97,13.106448173800068,16.791828494935967,13.049533715734473,1357.5074,0.0,-14.379680383382698
FY2022-23,2023,DCB BANK LIMITED,52365.8692,12582.4569,34378.0425,826.268,2210.6776,311.5017,4254.6118,41238.9076,4118.12,,52365.8692,4200.271,409.3904,4609.6614,2483.2658,1339.6619,1717.0052,321.1748,786.7337,465.5589,17.55,15.18,2.37,1289.9347,1698.4584,1703.5125,162.0429,1122.8377,573.2306,356.9195,0.97,10.808178,1.04,16.907512237065326,18.872593527926075,18.154732686813023,1717.0051999999996,4.547473508864641e-13,61.93110850863797
FY2023-24,2024,DCB BANK LIMITED,63036.9669,16210.8481,40924.5645,864.8834,1970.7837,312.8045,4758.4651,49353.0343,6219.475,,63036.9669,5362.0393,474.2371,5836.2764,3434.1407,1537.691,1927.8986,328.4702,864.4447,535.9745,16.59,14.53,2.06,1122.8377,1488.3881,1146.132,111.6278,1353.466,356.9195,454.3305,0.93,11.122822,1.11,20.37796347701988,19.675901162813545,19.042742180564808,1927.8986000000004,-4.547473508864641e-13,15.12496055815924
FY2024-25,2025,DCB BANK LIMITED,76809.7809,20149.9016,51046.9134,898.3981,2015.9772,314.2874,5376.3927,60030.9531,9115.1786,,76809.7809,6470.5853,750.5124,7221.0977,4364.0176,1820.0804,2106.5677,421.665,1036.9997,615.3347,16.77,14.3,2.47,1353.466,1523.9621,1203.2878,119.7094,1554.4309,454.3305,571.5502,0.89,11.435376,1.12,21.84878917453117,21.635789878880864,24.73416400069448,2106.5676999999996,4.547473508864641e-13,14.806711886479661
FY2015-16,2016,DENA BANK,133441.6391,35226.2182,82328.3348,1368.219,9140.9786,666.9343,6474.5416,117430.9603,6271.3255,2597.8774,133441.6391,10645.7339,716.7971,11362.531,8168.9885,2268.2459,2476.7454,1860.6155,925.2966,-935.3189,11.0,8.59,2.41,4393.04,6098.45,1171.34,759.66,8560.49,3014.3,5230.47,-1.02,-12.8287493472342,6.35,,,,2476.745399999999,9.094947017729282e-13,
FY2016-17,2017,DENA BANK,129530.5146,39737.2257,72574.6161,1577.0062,9377.3353,787.1499,6897.9899,113942.7674,5060.8767,2841.7307,129530.5146,10181.6729,1251.3985,11433.0714,7773.3129,2269.5453,2408.36,2253.838,1390.2132,-863.6248,11.39,9.05,2.34,8560.49,6767.37,1875.74,833.39,12618.73,5230.47,7735.12,-0.67,-11.6496551536033,10.66,-2.930962573885232,-2.970420143962671,-11.847341165948123,2408.3599999999997,4.547473508864641e-13,-7.665203814442323
FY2017-18,2018,DENA BANK,120859.7962,37609.5544,65581.5144,1557.3355,10153.9308,2259.0463,6943.7548,106130.1424,3561.0,1965.8527,120859.7962,8932.2247,1163.5209,10095.7456,6456.412,2468.1767,2475.8127,3094.3101,1171.1569,-1923.1532,11.09,8.81,2.28,12618.73,6008.47,1604.64,661.12,16361.44,7735.12,7838.78,-1.59,-22.7754610391845,11.95,-6.693958120042853,-6.856622125539147,-9.63574053270121,2475.8127000000004,-4.547473508864641e-13,122.68387846203584
FY2018-19,2019,DENA BANK,109100.3223,38522.5,51958.9656,1765.2154,8525.0224,2259.0463,813.7947,100651.8522,2455.0,2920.6291,109100.3223,8239.5461,972.2272,9211.7733,5767.3156,3246.7401,2472.2305,6536.4,197.7176,-6338.6824,2.0,,2.0,16361.44,5375.17,4296.21,4672.46,12767.94,7838.78,4166.97,-5.49,-103.272518836306,8.02,-9.729847533865021,-5.161860783482752,-20.77193386677877,2472.2304999999997,4.547473508864641e-13,229.59841160860194
FY2015-16,2016,DEUTSCHE BANK AG,69371.2648,13359.6649,43254.2662,137.7163,3346.5808,4497.1087,7120.8207,43708.785,8856.867,5187.6834,69371.2648,4957.4968,955.6976,5913.1944,2139.9982,1327.7798,2817.4986,1259.841,2445.4164,1185.5754,13.73,13.03,0.7,119.2981,138.6191,44.19,14.6028,199.1244,46.5815,110.4723,1.83,10.7533801583702,0.26,,,,2817.4986,0.0,
FY2016-17,2017,DEUTSCHE BANK AG,76068.5068,14074.3609,35091.6635,110.8079,14136.5254,4497.1087,7151.0672,38871.9082,9636.5369,15911.8858,76068.5068,5000.9042,1121.7588,6122.663,2312.4819,1384.9374,2688.4223,1438.7078,2425.2437,986.5359,15.38,14.73,0.65,199.1244,968.6485,157.0074,15.9927,994.7728,110.4723,327.6886,1.39,8.4804559016588,0.93,9.654201951353203,-11.066143339376755,-18.871208361870206,2688.4222999999997,4.547473508864641e-13,-16.78843032674261
FY2017-18,2018,DEUTSCHE BANK AG,78424.0018,19021.1528,39247.4563,109.2966,7607.1154,4734.1087,7171.3921,47358.4367,10758.3598,8401.7045,78424.0018,4741.182,975.0996,5716.2816,2081.2887,1672.6311,2659.8933,1052.3256,1962.3618,910.0362,15.22,14.63,0.59,994.7728,384.1361,325.1466,30.4463,1023.316,327.6886,304.9161,1.14,7.72733880651423,0.78,3.0965442849996805,21.832034734019047,11.84267824749885,2659.8932999999997,4.547473508864641e-13,-7.7543756897240135
FY2018-19,2019,DEUTSCHE BANK AG,106288.6039,25785.6672,48269.5715,123.8112,15858.7236,7588.1087,8370.5521,55540.8831,16725.2499,18063.8101,106288.6039,5676.2129,1214.7854,6890.9983,2542.1677,1862.0632,3134.0452,1287.6074,2486.7674,1199.16,16.03,15.37,0.66,1023.316,821.6081,251.6318,168.855,1424.4373,304.9161,694.6507,1.27,8.60718522390424,1.44,35.53070674850465,17.277695317168273,22.9877705475654,3134.0452000000005,-4.547473508864641e-13,31.770582313099194
FY2019-20,2020,DEUTSCHE BANK AG,121244.0419,33179.9673,51067.7596,113.8329,27002.6746,7588.1087,9401.4941,59909.5565,13973.6932,,121244.0419,6654.1712,731.8779,7386.0491,2876.0907,1995.9024,3778.0805,1483.114,2514.056,1030.942,14.93,14.11,0.82,1424.4373,815.6514,624.88,104.9334,1510.2753,694.6507,668.3155,0.95,6.257944349,1.31,14.070594072409293,7.865689481628002,5.79700215486687,3778.0804999999996,4.547473508864641e-13,-14.02798625704661
FY2020-21,2021,DEUTSCHE BANK AG,129429.9224,51767.7357,52437.7619,178.32,12198.4853,8443.1087,10928.1672,66223.5472,27654.9681,,129429.9224,6432.1541,1115.3705,7547.5246,2214.0827,2306.087,4218.0714,1500.6818,3027.3549,1526.6731,17.28,15.81,1.47,1510.2753,709.6128,277.9191,485.3513,1456.6177,668.3155,453.3866,1.3,8.397,0.86,6.7515734148417605,10.53920454243389,2.6827147122389094,4218.0714,0.0,48.08525600858245
FY2021-22,2022,DEUTSCHE BANK AG,147954.8614,57813.4872,57649.2925,207.992,11037.9016,8443.1087,12401.9118,79908.0246,32313.0753,,147954.8614,6836.2406,1545.417,8381.6576,2380.2394,2632.4239,4456.0012,1895.2497,3368.9943,1473.7446,16.18,14.73,1.45,1456.6177,3046.1726,1558.642,212.5437,2731.6046,453.3866,1304.5553,1.14,7.329092,2.26,14.312717381340256,20.664065847563062,9.938506929297475,4456.001200000001,-9.094947017729282e-13,-3.4669177049101108
FY2022-23,2023,DEUTSCHE BANK AG,131841.1378,46839.4459,57196.0856,190.0306,13147.6952,8443.1087,13868.8125,70069.682,19285.9155,,131841.1378,8517.8807,476.0739,8993.9546,3416.6874,2820.9894,5101.1933,1289.3771,2756.2778,1466.9007,15.41,14.14,1.27,2731.6046,903.0175,1786.795,99.857,1747.9701,1304.5553,520.3435,1.07,6.797983,0.91,-10.890972724739411,-12.312083359898251,-0.7861447735893812,5101.1933,0.0,-0.46438847002391315
FY2023-24,2024,DEUTSCHE BANK AG,145234.8022,59235.9258,60240.6721,210.6403,12723.3732,8443.1087,15845.6731,76993.4954,25109.2322,,145234.8022,9723.0885,1510.8234,11233.9119,3998.1407,3213.2211,5724.9478,2045.6895,4022.5501,1976.8606,16.26,14.53,1.73,1747.9701,782.2061,961.4554,806.9511,761.7697,520.3435,190.5002,1.34,8.484252,0.32,10.158941756341555,9.881325563886524,5.323067947852711,5724.9478,0.0,34.76444588239682
FY2024-25,2025,DEUTSCHE BANK AG,167292.1912,63051.6115,67420.5697,212.2934,18321.2082,13602.0289,19054.447,93186.603,16969.0523,,167292.1912,10358.5788,2056.5508,12415.1296,4145.6211,3182.1963,6212.9577,2017.2957,5087.3122,3070.0165,17.69,16.49,1.2,761.7697,1117.4695,976.2496,260.6005,642.3891,190.5002,187.3697,2.12,10.782343,0.28,15.187399070937001,21.031786537126095,11.918687739873324,6212.957699999999,9.094947017729282e-13,55.29757131079451
FY2015-16,2016,DHANLAXMI BANK LIMITED,12462.9826,3792.2357,6952.6817,178.9173,706.0147,177.4416,330.513,11353.7574,251.8459,349.4247,12462.9826,1204.2729,76.7267,1280.9996,899.5965,380.9029,304.6764,209.9524,0.5002,-209.4522,7.51,6.12,1.39,558.29,250.75,238.37,111.75,458.92,252.63,193.19,-1.61,-34.0072361832543,2.78,,,,304.67639999999994,5.684341886080802e-14,
FY2016-17,2017,DHANLAXMI BANK LIMITED,12333.1221,4194.149,6446.3496,214.2651,670.7794,209.8466,444.6354,11293.6779,145.2,239.7622,12333.1221,1089.0557,111.0189,1200.0746,757.4563,348.5462,331.5994,81.6943,94.0721,12.3778,10.26,9.01,1.25,458.92,154.76,109.12,188.96,315.6,193.19,166.48,0.1,2.12963012348372,2.58,-1.041969680676591,-0.529159624284381,-7.282543942720698,331.59939999999983,1.7053025658242404e-13,-105.90960610583227
FY2017-18,2018,DHANLAXMI BANK LIMITED,12286.4596,4364.6007,6110.4934,203.7571,736.0,253.0121,496.4509,10919.6596,392.1741,225.1629,12286.4596,1013.3158,102.4687,1115.7845,667.517,302.0877,345.7988,171.0543,146.1798,-24.8745,13.87,10.6,3.27,315.6,358.33,202.4,2.22,469.31,166.48,194.65,-0.2,-3.54351488128096,3.19,-0.3783510746236729,-3.311749310647505,-5.210021498058359,345.7987999999999,1.1368683772161603e-13,-300.96059073502556
FY2018-19,2019,DHANLAXMI BANK LIMITED,11798.889,4036.7001,6289.2819,202.0229,647.6046,253.0121,508.1199,10603.3206,200.4,234.0364,11798.889,971.4885,52.733,1024.2215,624.7152,304.5805,346.7733,83.2568,94.9258,11.669,13.75,10.57,3.18,469.31,142.69,112.94,3.22,495.84,194.65,151.71,0.1,1.54495414058699,2.41,-3.968357166127834,-2.8969675941180606,2.925925752575065,346.77330000000006,-5.684341886080802e-14,-146.91149570845644
FY2019-20,2020,DHANLAXMI BANK LIMITED,12265.0916,3682.4028,6496.0991,213.6998,743.5453,253.0121,573.8984,10904.0692,177.5,,12265.0916,987.5897,112.8499,1100.4396,614.4088,324.0594,373.1809,96.1929,161.9714,65.7785,14.41,10.69,3.72,495.84,167.59,158.956048,103.249713,401.224239,151.71,100.94,0.55,8.284224131,1.55,3.9512415109592247,2.83636241273324,3.2884072186365243,373.18089999999995,5.684341886080802e-14,463.702973690976
FY2020-21,2021,DHANLAXMI BANK LIMITED,13096.5067,4438.9692,6787.3984,224.9285,660.2377,253.0121,611.0865,11711.9041,150.0,,13096.5067,930.7467,122.2216,1052.9683,601.0965,366.039,329.6502,48.6447,85.8328,37.1881,14.47,11.31,3.16,401.222489,391.235188,121.512421,13.735256,657.21,100.943316,322.922381,0.29,4.398,4.76,6.778710890345074,7.408563584684513,4.484218844506227,329.65020000000004,-5.684341886080802e-14,-43.46465790493854
FY2021-22,2022,DHANLAXMI BANK LIMITED,13795.7636,4044.0582,8141.9836,221.0001,652.881,253.0121,646.9906,12402.8899,150.0,,13795.7636,916.6375,169.1181,1085.7556,554.3242,397.1328,362.3133,98.3945,134.2986,35.9041,12.98,10.31,2.67,657.206697,365.623194,406.475755,82.818105,533.536031,322.922381,232.162559,0.27,4.070526,2.85,5.339262721104099,5.899858759943233,19.95735508910159,362.3133,0.0,-3.4527174015343554
FY2022-23,2023,DHANLAXMI BANK LIMITED,15132.1325,3888.6427,9451.5216,257.5741,687.7672,253.0121,708.1385,13351.6494,492.3785,,15132.1325,1071.2371,74.517,1145.7541,595.4838,427.0666,475.7533,73.8412,123.2037,49.3625,12.32,10.55,1.77,533.536031,100.113073,117.766153,4.733582,511.149369,232.162559,109.200381,0.34,5.304507,1.16,9.686806317846731,7.649503524174639,16.083771035844396,475.7533000000001,-5.684341886080802e-14,37.48429845059478
FY2023-24,2024,DHANLAXMI BANK LIMITED,15961.8888,3942.3992,10102.1561,274.3353,668.3735,253.0121,776.7501,14290.3085,299.035,,15961.8888,1206.9906,152.5595,1359.5501,748.5389,541.7495,458.4517,11.4398,69.2617,57.8219,12.71,11.36,1.35,511.149369,152.242434,151.65038,90.530811,421.210612,109.200381,126.467609,0.38,5.808582,1.25,5.483406254868584,7.030285711366857,6.883912744800802,458.4517000000001,-5.684341886080802e-14,17.13730058242593
FY2024-25,2025,DHANLAXMI BANK LIMITED,17936.9373,3955.1519,11959.4899,281.5576,660.9148,394.6989,1000.5867,16013.4513,200.0,,17936.9373,1319.8772,169.2072,1489.0844,836.5919,557.3883,483.2853,28.4628,95.1042,66.6414,16.12,15.24,0.88,421.210612,152.262051,141.577034,67.783573,364.112056,126.467609,117.939209,0.41,5.49609,0.99,12.373526245841294,12.058121768329922,18.38551871119869,483.2852999999999,1.1368683772161603e-13,15.252871316923189
FY2015-16,2016,DOHA BANK Q.P.S.C.,725.2889,130.4647,343.3616,47.0565,33.9093,304.2002,13.2845,302.6788,94.753,10.3724,725.2889,31.0211,9.1834,40.2045,10.8353,25.8872,20.1858,-8.0444,3.482,11.5264,48.26,48.19,0.07,,,,,,,,2.64,3.70160439038849,,,,,20.1858,0.0,
FY2016-17,2017,DOHA BANK Q.P.S.C.,1154.6521,204.533,415.4715,48.7576,45.922,304.2002,3.737,819.5848,,27.1301,1154.6521,80.6794,5.4543,86.1337,56.4442,35.7105,24.2352,3.5265,-6.021,-9.5475,38.52,38.29,0.23,,9.3807,,,9.3807,,2.3452,-1.0,-3.05313900904334,0.56,59.19892059564127,170.77707457542445,21.001154468059326,24.2352,0.0,-182.83158661854523
FY2017-18,2018,DOHA BANK Q.P.S.C.,1145.2608,178.9182,651.2086,51.446,46.4011,304.2002,-7.7159,741.8093,86.4586,20.5086,1145.2608,60.2283,11.4261,71.6544,39.011,39.2884,21.2173,4.8079,-6.645,-11.4529,30.64,30.33,0.31,9.3807,,0.5,,8.8807,2.3452,,-1.11,-3.78970635558133,,-0.8133445563386577,-9.489622062293002,56.73965602935462,21.217299999999994,7.105427357601002e-15,19.95705682115738
FY2018-19,2019,DOHA BANK Q.P.S.C.,1507.8841,314.3721,960.8788,52.5347,54.0125,304.2002,11.8755,963.3399,206.4907,21.9778,1507.8841,80.9203,33.8473,114.7676,55.1169,44.2985,25.8034,0.6692,15.3522,14.683,30.47,29.81,0.66,8.8807,,,,8.8807,,,1.09,4.79397936528667,,31.662945243563744,29.863551184920432,47.5531496359231,25.803399999999996,3.552713678800501e-15,-228.20333714605033
FY2019-20,2020,DOHA BANK Q.P.S.C.,1674.5171,259.0601,976.3068,47.9909,53.3678,304.2002,16.5783,1319.3155,6.5,,1674.5171,96.0643,19.5649,115.6292,67.1033,44.0856,28.961,-0.4521,4.4403,4.8924,26.87,26.06,0.81,8.8807,,,,8.8807,,,0.32,1.536427019,,11.050783014423992,36.95223254014497,1.605613527949612,28.961,0.0,-66.67983382142614
FY2020-21,2021,DOHA BANK Q.P.S.C.,1538.08,286.8434,692.8226,44.0699,64.4912,304.2002,8.3772,1193.4262,,,1538.08,82.0897,16.1144,98.2041,59.9994,43.1567,22.0903,3.0604,-4.952,-8.0124,31.54,30.74,0.8,8.8807,17.6189,,,26.4996,,13.9199,-0.49,-2.53,2.01,-8.147847519741669,-9.542016295571443,-29.036384874098996,22.090299999999992,7.105427357601002e-15,-263.77238165317635
FY2021-22,2022,DOHA BANK Q.P.S.C.,1281.9937,267.429,736.6696,45.0787,61.2157,304.2002,4.4822,938.7347,,,1281.9937,65.8336,17.227,83.0606,36.7697,41.5282,29.0639,4.1106,4.7627,0.6521,28.26,27.4,0.86,26.4996,,,,26.4996,13.9199,8.8095,0.05,0.209928,1.18,-16.64973863518152,-21.341202329896902,6.328748513688787,29.063900000000004,-3.552713678800501e-15,-108.13863511557086
FY2022-23,2023,DOHA BANK Q.P.S.C.,1199.9295,358.3528,606.5837,41.8916,67.5941,304.2002,48.2708,787.4233,25.6842,,1199.9295,72.2274,45.1984,117.4258,29.2536,41.4997,42.9738,11.3116,46.6725,35.3609,29.34,28.36,0.98,26.4996,,,,26.4996,8.8095,,2.86,10.696731,,-6.401295107768467,-16.118654184190696,-17.65864914203056,42.973800000000004,-7.105427357601002e-15,5322.619230179421
FY2023-24,2024,DOHA BANK Q.P.S.C.,1317.7511,411.9566,681.3769,37.2768,65.7383,304.2002,76.5914,879.4533,24.9769,,1317.7511,85.0589,16.1997,101.2586,42.4713,36.6135,42.5876,-6.5301,22.1738,28.7039,40.0,39.06,0.94,26.4996,9.3734,9.3132,17.1864,9.3734,,5.4636,2.23,7.829092,0.8,9.819043535474382,11.687487530531548,12.330235711905857,42.587599999999995,7.105427357601002e-15,-18.825878300608867
FY2024-25,2025,DOHA BANK Q.P.S.C.,1607.75,371.1027,856.2074,35.3763,76.4011,304.2002,91.6806,1037.0294,140.8946,,1607.75,101.8787,11.1252,113.0039,59.9009,36.2056,41.9778,3.681,16.8974,13.2164,41.43,40.35,1.08,9.3734,,,,9.3734,5.4636,4.3376,0.89,3.40334,0.51,22.007107412014303,17.917506250758276,25.658413133759005,41.977799999999995,7.105427357601002e-15,-53.95608262291884
FY2017-18,2018,EMIRATES NBD BANK (P.J.S.C.),1057.0255,296.6988,578.2725,32.9597,31.0359,654.0758,-17.1707,91.3461,296.7303,32.044,1057.0255,32.2141,0.5572,32.7713,1.5033,45.145,30.7108,3.2937,-13.877,-17.1707,125.89,125.42,0.47,,,,,,,,-2.21,-2.69595894270591,,,,,30.710800000000003,-3.552713678800501e-15,
FY2018-19,2019,EMIRATES NBD BANK (P.J.S.C.),1740.3527,658.5623,889.2205,35.9227,36.6943,686.1976,-10.549,504.7982,531.453,28.4529,1740.3527,93.4254,7.7297,101.1551,35.8174,58.4155,57.608,0.3005,6.9222,6.6217,63.07,62.39,0.68,,,,,,,,0.43,1.00897967069843,,64.64623606526048,452.62151312426033,53.7718809038991,57.608,0.0,-138.56394905274684
FY2019-20,2020,EMIRATES NBD BANK (P.J.S.C.),2879.7112,1003.9778,1478.1706,25.5204,67.9251,1397.7426,8.3072,801.9768,619.1687,,2879.7112,144.5508,17.9449,162.4957,60.8196,69.3845,83.7312,13.4354,32.2916,18.8562,86.05,84.68,1.37,,,,,,,,0.82,1.811616899,,65.4671033061287,58.870772518602486,66.2321775082783,83.7312,0.0,184.7637313680777
FY2020-21,2021,EMIRATES NBD BANK (P.J.S.C.),3243.6423,974.9843,1583.9652,15.1925,102.8378,1397.7426,41.6041,1594.667,161.5543,,3243.6423,153.4343,32.5197,185.954,52.5306,70.547,100.9037,29.5795,62.8764,33.2969,79.47,77.9,1.57,,,,,,,,1.12,2.34,,12.637763814649183,98.84203632823292,7.15713057748546,100.90370000000001,-1.4210854715202004e-14,76.5832988619128
FY2021-22,2022,EMIRATES NBD BANK (P.J.S.C.),4581.8572,1273.0519,2502.5477,8.7379,110.5928,2152.8889,65.8368,1553.1372,740.7381,,4581.8572,163.3138,28.8139,192.1277,61.2522,80.2653,102.0616,26.3775,50.6102,24.2327,75.31,73.94,1.37,,,,,,,,0.67,1.324889,,41.25654977430775,-2.604292933885255,57.99259352415065,102.06159999999998,1.4210854715202004e-14,-27.22235403295802
FY2022-23,2023,EMIRATES NBD BANK (P.J.S.C.),6309.3833,1938.6238,3417.2048,16.116,142.504,2152.8889,107.5372,3308.7155,624.5877,,6309.3833,290.8404,42.6338,333.4742,137.42,105.7157,153.4204,48.6381,90.3385,41.7004,52.25,50.64,1.61,,,,,,,,0.8,1.861978,,37.703621579476554,113.03433463572956,36.5490376067557,153.4204,0.0,72.08317686431971
FY2023-24,2024,EMIRATES NBD BANK (P.J.S.C.),8245.9293,1941.5228,4641.6267,25.3912,178.831,2152.8889,181.6251,4646.8922,1064.7588,,8245.9293,538.4282,55.8838,594.312,332.0729,133.2759,206.3553,54.8753,128.9632,74.0879,38.91,37.61,1.3,,3.4012,3.4012,,,,,0.97,3.22476,,30.69311068801288,40.44399405146804,35.831095051721796,206.35529999999994,5.684341886080802e-14,77.66712069908203
FY2024-25,2025,EMIRATES NBD BANK (P.J.S.C.),12456.66,3421.889,6568.2732,20.3375,263.9477,2152.8889,263.3593,7804.6407,1940.7794,,12456.66,642.4709,103.1193,745.5902,441.8856,158.0404,200.5853,61.9728,145.6642,83.6914,30.02,29.52,0.5,,,,,,,,0.91,3.523283,,51.064356081733564,67.95398653749703,41.508001925273305,200.58530000000002,-2.842170943040401e-14,12.962305585662426
FY2016-17,2017,EQUITAS SMALL FINANCE BANK LIMITED,9245.342,1890.4955,5701.834,288.3499,250.5891,1005.9434,1005.9776,1921.289,4778.8962,533.2358,9245.342,981.0534,233.2274,1214.2808,447.1578,509.2439,533.8956,153.7451,257.8791,104.134,35.51,32.3,3.21,55.25,274.54,96.14,27.17,206.48,40.55,104.95,1.28,5.17584934994963,1.51,,,,533.8956000000001,-1.1368683772161603e-13,
FY2017-18,2018,EQUITAS SMALL FINANCE BANK LIMITED,13309.9583,3856.8415,7706.6926,280.8826,254.376,1005.9434,1037.8092,5603.9727,5177.2081,485.0249,13309.9583,1542.7124,241.2151,1783.9275,682.172,881.1119,860.5404,188.8122,220.6436,31.8314,29.63,27.09,2.54,206.48,344.27,147.99,190.23,212.53,104.95,131.5,0.3,1.56972198157169,1.46,43.9639366504776,191.6777590461404,35.161644481407215,860.5403999999999,1.1368683772161603e-13,-69.43226995985941
FY2018-19,2019,EQUITAS SMALL FINANCE BANK LIMITED,15762.6909,2344.454,11595.0045,237.3362,325.281,1005.9434,1248.3751,9006.7363,3973.0261,528.61,15762.6909,2111.9345,282.8975,2394.832,960.2006,1008.4865,1151.7339,215.5788,426.1449,210.5661,22.44,20.92,1.52,212.53,317.3,173.35,60.77,295.71,131.5,186.42,1.43,9.79816736861333,1.44,18.427800784319516,60.72055989851628,50.45370435561423,1151.7338999999997,2.2737367544323206e-13,561.5043636158008
FY2019-20,2020,EQUITAS SMALL FINANCE BANK LIMITED,19295.5468,2342.5062,13728.2415,212.7694,475.1872,1053.4016,1690.7473,10788.4055,5134.8736,,19295.5468,2645.4439,282.3516,2927.7955,1150.1381,1180.0786,1495.3058,353.9434,597.5788,243.6354,23.61,22.44,1.17,295.71,409.301552,216.186106,71.50776,417.317686,167.4164,228.605276,1.38,9.748404081,1.67,22.41277154016894,19.781518417498244,18.397897128888573,1495.3058000000003,-2.2737367544323206e-13,15.704949657138535
FY2020-21,2021,EQUITAS SMALL FINANCE BANK LIMITED,24708.4747,3705.1661,16848.189,185.05,591.3572,1139.2783,2257.0628,16391.9717,4165.32,,24708.4747,3194.4132,418.0547,3612.4679,1396.4529,1329.4286,1797.9603,502.3632,886.5864,384.2232,24.18,23.23,0.95,417.32,589.37,119.18,244.73,642.78,228.62,266.17,1.65,12.514,1.58,28.05273131725916,51.94063385919261,22.726490497708674,1797.9603,0.0,57.70417599412894
FY2021-22,2022,EQUITAS SMALL FINANCE BANK LIMITED,26947.6215,4449.8496,19374.206,200.4445,790.6068,1252.0277,2994.1409,18950.7973,2616.4,,26947.6215,3459.6693,537.5565,3997.2258,1421.1336,1704.1453,2038.5357,591.2151,871.9469,280.7318,25.16,24.53,0.63,642.78,1389.33,834.47,360.46,837.18,266.17,479.47,1.07,7.346587,2.47,9.062262350010641,15.61023680879099,14.992810206485686,2038.5357000000001,-2.2737367544323206e-13,-26.93522931462754
FY2022-23,2023,EQUITAS SMALL FINANCE BANK LIMITED,34958.1286,6664.5624,25798.5566,379.1304,871.6215,1110.5582,4047.3895,25348.4826,2973.76,,34958.1286,4161.8781,669.5857,4831.4638,1617.1539,2038.3024,2544.7242,602.417,1176.0075,573.5905,23.8,23.08,0.72,837.18,1087.09,790.47,409.84,723.96,479.47,312.01,1.82,12.198711,1.21,29.72621201466703,33.759451904432545,33.1592974700486,2544.7241999999997,4.547473508864641e-13,104.31974575021425
FY2023-24,2024,EQUITAS SMALL FINANCE BANK LIMITED,45303.8699,9065.2723,30964.2999,604.7251,1090.621,1134.8873,4833.8146,36129.2022,1787.53,,45303.8699,5486.4034,798.6706,6285.074,2406.6428,2501.0668,3079.7606,578.4042,1377.3644,798.9602,21.7,20.71,0.99,723.9646,1138.8712,809.5321,232.0265,821.2772,312.0164,360.8988,1.96,14.3612,1.17,29.594665716745496,42.5300392537106,20.023381075513356,3079.7606,0.0,39.2910447435932
FY2024-25,2025,EQUITAS SMALL FINANCE BANK LIMITED,52835.6344,9288.6851,36208.8881,695.7024,1106.0595,1139.8624,4932.6579,43106.7209,2136.99,,52835.6344,6311.725,911.4891,7223.2141,3060.1124,2828.8345,3251.6126,1187.2173,1334.2672,147.0499,20.6,17.84,2.76,821.2772,2031.6257,958.8217,826.3513,1067.7299,360.8988,354.1952,0.3,2.442441,0.98,16.624991455752003,19.312684131176304,16.937531986634703,3251.6126000000004,-4.547473508864641e-13,-81.59484039380185
FY2018-19,2019,ESAF SMALL FINANCE BANK LIMITED,7058.4131,1530.7499,4548.2545,89.9406,108.0123,427.7955,465.8955,4317.0082,1702.3595,145.3544,7058.4131,1031.6385,109.1505,1140.789,458.2817,453.3942,573.3568,138.8293,229.1131,90.2838,27.59,23.3,4.29,121.05,76.08,33.75,89.37,74.01,84.81,35.2,1.52,10.1023508125292,0.77,,,,573.3568,0.0,
FY2019-20,2020,ESAF SMALL FINANCE BANK LIMITED,9469.9721,1733.6253,6547.8216,120.1069,165.6267,427.7955,656.2853,7028.3823,1203.317,,9469.9721,1413.2453,133.1896,1546.4349,621.0572,600.6765,792.1881,134.3114,324.7012,190.3898,24.03,20.99,3.04,74.0137,80.1058,23.9918,29.2673,100.8604,35.2155,42.1686,2.24,19.25295932,0.64,34.165739038424945,62.80678595884992,43.96339518819803,792.1881000000001,-1.1368683772161603e-13,110.87924965497686
FY2020-21,2021,ESAF SMALL FINANCE BANK LIMITED,12338.6516,1932.069,8167.5855,138.5119,281.3587,449.4738,902.5896,8999.426,1694.0,,12338.6516,1641.1729,127.2479,1768.4208,719.5821,631.8552,921.5908,311.5882,416.9835,105.3953,24.23,21.54,2.69,100.8604,473.465,10.3281,,563.9973,42.17,316.5782,0.95,8.653,3.88,30.292375412594907,28.044059299392398,24.73744703123859,921.5908000000001,-1.1368683772161603e-13,-44.642360042397236
FY2021-22,2022,ESAF SMALL FINANCE BANK LIMITED,17707.5641,4070.2983,11637.0048,159.4747,328.8817,449.4738,962.1272,12815.0725,2952.8333,,17707.5641,1939.9255,207.5828,2147.5083,792.7866,862.8711,1147.1389,437.1188,491.8506,54.7318,18.64,16.16,2.48,564.0,642.46,182.4,74.46,949.6,316.58,455.96,0.39,3.960814,3.92,43.512959714333775,42.39877632195655,42.47790610823725,1147.1389,0.0,-48.06998035016742
FY2022-23,2023,ESAF SMALL FINANCE BANK LIMITED,20223.679,4888.5274,13924.3307,187.9269,455.8451,449.4738,1259.6545,14665.6237,3354.1956,,20223.679,2853.598,287.9742,3141.5722,1017.3185,1230.5412,1836.2795,591.3794,893.7125,302.3331,19.83,18.12,1.71,949.6,719.05,820.36,496.5922,351.6978,455.96,157.89,1.63,19.375798,1.13,14.209266084204097,14.44042708303055,19.655623928246555,1836.2795,0.0,452.39020094351
FY2023-24,2024,ESAF SMALL FINANCE BANK LIMITED,26086.8945,5541.0223,18293.1116,207.5529,622.2829,514.7799,1971.3342,19867.8036,3222.53,,26086.8945,3818.5309,441.7211,4260.252,1448.7344,1648.8295,2369.7965,737.1204,1162.6881,425.5677,23.27,19.7,3.57,351.6978,894.91,47.4327,306.13,893.0451,157.89,413.79,1.86,20.28811,2.26,28.991834275059446,35.47193086646563,31.375159022903688,2369.7965000000004,-4.547473508864641e-13,40.761200146460965
FY2024-25,2025,ESAF SMALL FINANCE BANK LIMITED,27178.2894,5995.2619,18027.872,300.4175,875.6246,515.4275,1429.5845,23276.44,1405.73,,27178.2894,3862.22,467.0884,4329.3084,1810.6897,1961.5082,2051.5303,1078.5,557.1105,-521.3895,21.84,17.58,4.26,893.0451,1699.94,77.49,1224.93,1290.5651,413.79,539.64,-1.94,-23.533047,2.99,4.183690396723927,17.156583931602775,-1.4499425018540957,2051.5303,0.0,-222.5162294976804
FY2015-16,2016,FEDERAL BANK LTD,94581.3712,25155.4942,58090.1448,519.9751,5395.9471,343.789,7747.4281,79171.7068,5114.5666,2203.8807,94581.3712,7748.1585,808.1903,8556.3488,5240.4476,1892.1204,2507.7109,948.1327,1423.7808,475.6481,13.93,13.36,0.57,1057.73,1895.41,833.3,452.07,1667.77,373.27,950.01,0.57,6.00969760468151,1.64,,,,2507.710899999999,9.094947017729282e-13,
FY2016-17,2017,FEDERAL BANK LTD,114976.9323,28196.0887,73336.2715,489.4689,5502.9294,344.8087,8597.5732,97664.5621,5897.3233,2472.665,114976.9323,8677.3836,1081.8067,9759.1903,5624.7436,2209.5336,3052.64,1094.1249,1924.9131,830.7882,12.39,11.81,0.58,1667.77,1074.99,779.29,236.42,1727.05,950.01,941.2,0.84,9.75469952063566,1.28,21.564036174599256,23.357909090826865,26.245633837703906,3052.6399999999994,4.547473508864641e-13,74.66446307679983
FY2017-18,2018,FEDERAL BANK LTD,138313.9542,30781.0747,91957.4732,457.3701,5914.6275,394.4285,11815.8065,111992.4866,11533.4992,2577.7334,138313.9542,9752.8637,1159.1182,10911.9819,6170.0537,2450.9004,3582.81,1412.182,2291.0278,878.8458,14.7,14.18,0.52,1727.05,2200.67,920.5,211.6,2795.62,941.2,1551.96,0.75,8.30957043428513,1.69,20.29713389735308,14.6705459912158,25.39153043797706,3582.8099999999995,4.547473508864641e-13,5.784579029889936
FY2018-19,2019,FEDERAL BANK LTD,159339.9947,31824.4727,110222.9537,472.0411,6753.7259,397.0096,12876.0322,134954.3444,7781.3235,3331.285,159339.9947,11419.0245,1351.024,12770.0485,7242.6796,2764.2669,4176.3449,1519.2137,2763.102,1243.8883,14.14,13.38,0.76,2795.62,1667.98,1016.61,186.31,3260.68,1551.96,1626.2,0.88,9.76238895619577,1.48,15.20167695415362,20.503034174080035,19.862964764455924,4176.344899999999,9.094947017729282e-13,41.53658127512243
FY2019-20,2020,FEDERAL BANK LTD,180638.046911,35892.67889,122267.914759,479.985338,9422.886598,398.532489,14119.075742,152290.084903,10372.426265,,180638.046911,13210.753352,1931.407542,15142.160894,8561.849392,3375.613222,4648.90396,1661.917161,3204.69828,1542.781119,14.35,13.29,1.06,3260.68,1918.8,914.46,734.19,3530.83,1626.2,1607.17,0.94,11.10287897,1.31,13.366419555303267,12.84563352152448,10.927815536302399,4648.90396,0.0,24.02891151882367
FY2020-21,2021,FEDERAL BANK LTD,201367.3878,37186.21,131878.6014,491.1286,12220.0607,399.2301,15725.2349,172644.4801,9068.5033,,201367.3878,13757.9023,1958.7064,15716.6087,8224.1953,3691.7229,5533.707,2210.3932,3800.6905,1590.2973,14.62,13.85,0.77,3530.83,1921.9,452.83,397.51,4602.39,1607.17,1569.28,0.85,10.38,1.19,11.475622795685613,13.365541958929605,7.860350493376322,5533.707,0.0,3.079904233647812
FY2021-22,2022,FEDERAL BANK LTD,220946.3088,39179.4616,144928.3246,633.9444,15194.2327,420.5089,18373.3307,181700.5861,15393.1151,,220946.3088,13660.7529,2089.0935,15749.8464,7698.802,4293.1938,5961.9509,1868.0291,3757.8506,1889.8215,15.77,14.43,1.34,4602.39,1880.81,1534.75,811.71,4136.74,1569.28,1392.62,0.94,10.824245,0.96,9.722985044353848,5.245523051043666,9.895254469994686,5961.9509,0.0,18.83447830792393
FY2022-23,2023,FEDERAL BANK LTD,260341.8295,48983.347,174446.8846,933.974,18288.9433,423.2402,21082.9966,213386.0385,19319.2891,,260341.8295,16803.6338,2330.0006,19133.6344,9571.4736,4767.7655,7232.1602,1783.801,4794.3953,3010.5943,14.81,13.02,1.79,4136.74,1719.13,1297.07,375.03,4183.77,1392.62,1205.01,1.28,14.940886,0.69,17.830359291342912,17.438277487207298,20.36769560503151,7232.1602,0.0,59.30574924668812
FY2023-24,2024,FEDERAL BANK LTD,308311.8017,60859.5267,209403.3349,1020.0583,18065.9651,487.0703,28607.3479,252534.0153,18026.4164,,308311.8017,22188.2573,3079.2717,25267.529,13894.7754,6198.2694,8293.4819,1453.8861,5174.4842,3720.5981,16.13,14.61,1.52,4183.77,1741.53,1351.15,45.28,4528.87,1205.01,1255.33,1.32,14.705731,0.6,18.42576442369206,18.34608162520437,20.03844917044737,8293.4819,0.0,23.583509740917275
FY2024-25,2025,FEDERAL BANK LTD,349004.8014,66245.6067,234836.3947,1478.2703,15585.2854,491.1658,32929.4508,283647.4727,23726.3046,,349004.8014,26365.2523,3801.2493,30166.5016,16897.2565,7168.111,9467.9958,2049.2466,6101.1341,4051.8875,16.4,15.04,1.36,4528.87,1847.13,1289.24,711.22,4375.54,1255.33,1040.38,1.23,12.962922,0.44,13.198651324932387,12.320501601749957,12.145489379214292,9467.9958,0.0,8.904197419226744
FY2019-20,2020,FINCARE SMALL FINANCE BANK LIMITED,7116.269114,1006.960058,4815.578684,40.368554,170.458263,63.610481,840.160186,4653.930864,1368.16,,7116.269114,1070.263667,145.462096,1215.725763,451.498223,426.130529,618.765444,194.632677,338.097011,143.464334,29.28,23.46,5.82,35.887149,74.330235,20.062952,45.44095,44.713482,9.50102,19.755146,2.44,15.87397547,0.41,,,,618.7654439999999,1.1368683772161603e-13,
FY2020-21,2021,FINCARE SMALL FINANCE BANK LIMITED,7967.889625,1279.386678,5301.11968,36.195476,195.555484,63.610481,954.288791,5318.497639,1400.427,,7967.889625,1251.03181,125.68394,1376.71575,550.042282,463.280836,700.989528,250.245926,363.392632,113.146706,29.56,24.91,4.65,44.713482,357.117628,14.316972,33.931018,353.58312,19.755146,148.414789,1.44,11.776,2.8,11.96723307336125,14.279687309940247,10.082713373851293,700.989528,0.0,-21.13251925039432
FY2021-22,2022,FINCARE SMALL FINANCE BANK LIMITED,10905.903633,2151.62317,7036.374495,42.339289,439.618441,220.77972,981.083485,6455.578833,2943.542958,,10905.903633,1445.870256,201.776867,1647.647123,569.781404,646.804284,876.088852,422.202307,431.061435,8.859128,22.32,19.48,2.84,353.58312,1098.460086,509.314039,369.508006,573.221161,148.414789,249.830157,0.1,0.798205,3.55,36.87317654077067,21.37974426578475,32.73374154420148,876.088852,0.0,-92.17022897688246
FY2022-23,2023,FINCARE SMALL FINANCE BANK LIMITED,12467.69122,2522.84219,8702.414286,56.305738,413.940318,220.77972,1092.929936,8033.188937,2783.995,,12467.69122,1744.120618,226.676997,1970.797615,653.675266,874.048372,1090.445352,339.432021,443.073977,103.641956,20.04,18.64,1.4,573.221161,596.757065,329.931528,551.585139,288.461559,249.830157,113.022403,0.95,8.240028,1.3,14.320570211845741,24.437934146748887,23.67753154957679,1090.445352,0.0,1069.8889100597712
FY2023-24,2024,FINCARE SMALL FINANCE BANK LIMITED,17267.431,3184.611064,12357.78079,66.10743,507.095932,253.973579,2166.543055,10521.70086,3760.273,,17267.431,2670.628303,342.653274,3013.281577,1023.4426,1283.087407,1647.185703,311.777596,706.75157,394.973974,24.53,22.15,2.38,288.461559,594.919707,381.042233,302.806373,199.53266,113.022403,78.416494,2.69,21.15426,0.63,38.49742262064137,30.97788365885663,42.00405064466499,1647.185703,0.0,281.0946736667147
FY2020-21,2021,FINO PAYMENTS BANK LIMITED,1010.2914,503.558,0.1317,64.218,171.5661,44.58,105.9675,242.8362,180.7977,,1010.2914,20.2549,770.7721,791.027,9.5416,756.9891,10.7133,4.022,24.4963,20.4743,56.25,56.25,,,,,,,,,4.03,13.6,,,,,10.713299999999998,1.7763568394002505e-15,
FY2021-22,2022,FINO PAYMENTS BANK LIMITED,1680.0023,631.3985,0.2447,92.7485,189.4474,83.2143,396.6172,502.67,249.6535,,1680.0023,35.6279,973.226,1008.8539,15.3061,950.807,20.3218,,42.7408,42.7408,125.6,125.57,0.03,,,,,,,,4.01,13.56035,,66.28888457330233,106.99961537859677,85.80106302201973,20.321799999999996,3.552713678800501e-15,108.75341281509012
FY2022-23,2023,FINO PAYMENTS BANK LIMITED,2466.4016,1146.4335,0.1168,144.9118,341.0,83.2143,469.3317,917.147,434.0645,,2466.4016,94.8649,1135.0484,1229.9133,47.3686,1117.4577,47.4963,,65.087,65.087,86.05,82.12,3.93,,,,,,,,3.54,12.609147,,46.8094180585348,82.45508982035929,-52.26808336738864,47.496300000000005,-7.105427357601002e-15,52.28306442556059
FY2023-24,2024,FINO PAYMENTS BANK LIMITED,3419.1124,1746.9301,0.0689,195.2387,411.3247,83.2143,559.9545,1412.54,712.65,,3419.1124,150.046,1328.3351,1478.3811,78.9006,1312.6196,71.1454,0.6369,86.8609,86.224,74.5,70.05,4.45,,,,,,,,2.87,14.422168,,38.627561707712154,54.01456909306794,-41.01027397260274,71.1454,0.0,32.47499500668336
FY2024-25,2025,FINO PAYMENTS BANK LIMITED,4205.9319,2388.1285,0.1694,297.5752,415.8698,83.2184,663.6582,1939.4353,839.4572,,4205.9319,195.2304,1651.8739,1847.1043,100.5844,1638.1656,94.646,15.8196,108.3543,92.5347,80.45,73.87,6.58,,,,,,,,2.47,13.31391,,23.012390584176167,37.30126580486217,145.86357039187226,94.646,0.0,7.318959918352186
FY2015-16,2016,FIRST ABU DHABI BANK PJSC,207.6042,,,7.9394,5.656,209.0258,-8.8196,,,7.398,207.6042,6.9351,10.7894,17.7245,,24.658,6.9351,-2.8297,-6.9335,-4.1038,208.06,208.06,,,,,,,,,-1.98,-2.04978666994329,,,,,,,
FY2016-17,2017,FIRST ABU DHABI BANK PJSC,681.7676,586.6005,0.2194,7.6772,16.0558,677.0353,-3.6815,,,8.4138,681.7676,23.9208,24.4253,48.3461,0.0724,39.2143,23.8484,3.9213,9.0594,5.1381,408.76,408.76,,,,,,,,,1.27,1.17635880763771,,228.39778771335074,,,23.8484,0.0,-225.20346995467614
FY2017-18,2018,FIRST ABU DHABI BANK PJSC,1411.8413,1365.2345,,4.4998,33.9953,1323.8041,14.2472,,51.0,22.79,1411.8413,59.7707,23.665,83.4357,2.3208,47.9749,57.4499,15.2113,33.14,17.9287,350.07,350.0,0.07,,,,,,,,1.77,1.78270404107059,,107.08542031038144,,,57.4499,0.0,248.93637726007668
FY2018-19,2019,FIRST ABU DHABI BANK PJSC,3109.6794,2164.7174,150.0,2.9432,209.76,2012.5891,76.2665,185.0408,680.8429,154.9401,3109.6794,116.6881,68.9107,185.5988,15.2212,54.058,101.4669,54.3003,116.3196,62.0193,118.29,117.19,1.1,,,,,,,,3.3,3.61954974615739,,120.25700763959799,,,101.46690000000001,-1.4210854715202004e-14,245.92190175528623
FY2019-20,2020,FIRST ABU DHABI BANK PJSC,5951.086,3626.0164,1449.0163,3.0849,784.7109,2012.5891,179.9078,374.642,2652.9827,,5951.086,309.6712,66.2233,375.8945,99.7287,78.0392,209.9425,94.4853,198.1266,103.6413,38.53,37.33,1.2,,,,,,,,2.2,4.841521458,,91.37297561928732,102.46453755063749,866.0108666666666,209.9425,0.0,67.11136694545085
FY2020-21,2021,FIRST ABU DHABI BANK PJSC,8027.1144,5379.4162,1852.5216,2.4095,705.6209,2012.5891,346.9044,409.0267,4660.5463,,8027.1144,442.6097,68.6746,511.2843,120.0259,85.0276,322.5838,139.2342,306.2308,166.9966,39.68,37.39,2.29,,,,,,,,2.33,7.337,,34.884866392453404,9.17801527858595,27.846843406799504,322.5838,0.0,61.1293953279243
FY2021-22,2022,FIRST ABU DHABI BANK PJSC,10297.4239,7546.791,1695.3535,1.2531,914.9933,2012.5891,448.466,801.3323,6185.0303,,10297.4239,523.5436,36.4931,560.0367,190.1019,100.761,333.4417,167.6122,269.1738,101.5616,33.5,30.95,2.55,,,,,,,,1.11,4.213695,,28.283009147097737,95.91197836229273,-8.4840090393548,333.44169999999997,5.684341886080802e-14,-39.18343247706839
FY2022-23,2023,FIRST ABU DHABI BANK PJSC,8950.2291,6521.4415,1100.2899,0.9251,1173.9885,2012.5891,418.7179,708.8323,4597.1085,,8950.2291,557.3613,-36.1376,521.2237,303.796,88.1717,253.5653,159.0041,129.256,-29.7481,33.16,30.78,2.38,,,,,,,,-0.31,-1.216104,,-13.082833270561967,-11.543276116537427,-35.09967685205475,253.56530000000004,-2.842170943040401e-14,-129.29069648371038
FY2023-24,2024,FIRST ABU DHABI BANK PJSC,8172.433,5806.8488,1193.0711,1.1111,978.5766,2012.5891,531.3977,502.0321,4071.0981,,8172.433,536.2357,-0.226,536.0097,345.8903,91.3087,190.3454,-13.869,98.8107,112.6797,37.4,34.26,3.14,,,,,,,,1.25,4.52957,,-8.690236767235382,-29.17477095781329,8.432432216273167,190.34539999999993,8.526512829121202e-14,-478.77948507635784
FY2024-25,2025,FIRST ABU DHABI BANK PJSC,9620.1865,4959.1209,2284.4512,16.7144,1548.6393,2012.5891,663.3316,1506.8642,3696.7605,,9620.1865,475.5262,51.3079,526.8341,311.0023,105.0902,164.5239,58.93,110.7416,51.8116,26.03,24.55,1.48,,,,,,,,0.6,1.985154,,17.71508558100139,200.15295834668737,91.476534801656,164.52390000000003,-2.842170943040401e-14,-54.01869192055002
FY2015-16,2016,FIRSTRAND BANK LTD,1983.098,1099.8658,463.7876,4.1942,172.1275,661.714,-317.5827,633.0281,824.332,181.6066,1983.098,119.8742,42.2927,162.1669,76.3479,127.5113,43.5263,29.0886,-41.6923,-70.7809,25.79,25.36,0.43,22.1433,43.6502,,0.0017,65.7918,15.0837,31.3877,-4.3,-18.9803997283569,6.77,,,,43.526300000000006,-7.105427357601002e-15,
FY2016-17,2017,FIRSTRAND BANK LTD,1475.8263,709.2013,244.136,3.2599,415.8859,661.714,-370.5715,493.4469,278.2151,413.0218,1475.8263,137.1926,52.4452,189.6378,82.179,130.0762,55.0136,30.3714,-22.6174,-52.9888,21.51,21.17,0.34,65.7918,0.238,,41.6203,24.4095,31.3877,,-2.94,-16.6821927804987,,-25.57975954793964,-22.0497636676792,-47.36038652176126,55.0136,0.0,-25.13686601894014
FY2017-18,2018,FIRSTRAND BANK LTD,1416.2993,842.0983,216.008,1.4981,240.4997,661.714,-345.9844,435.5321,438.7231,226.3145,1416.2993,97.5858,43.8582,141.444,50.3446,75.357,47.2412,-8.8447,15.7424,24.5871,28.92,28.43,0.49,24.4095,4.7437,15.5792,13.574,,,,1.67,8.10289350919246,,-4.03346925041247,-11.736784646939725,-11.521447062293145,47.241200000000006,-7.105427357601002e-15,-146.40056011836464
FY2018-19,2019,FIRSTRAND BANK LTD,1840.9273,1161.3124,405.2113,0.7389,64.9958,661.714,-344.5591,526.618,929.4361,67.7183,1840.9273,105.7452,27.2168,132.962,66.6575,58.4783,39.0877,6.4009,7.8262,1.4253,29.18,28.54,0.64,,28.0,,,28.0,,21.0,0.08,0.450413938088229,5.18,29.981515912632318,20.91370532734558,87.59087626384208,39.0877,0.0,-94.20305770098955
FY2019-20,2020,FIRSTRAND BANK LTD,2083.1671,1208.8655,420.3151,1.0036,111.8818,661.714,-339.1839,318.7777,1356.0138,,2083.1671,121.8102,39.081,160.8912,78.5469,56.1991,43.2633,20.77,26.1452,5.3752,29.99,29.09,0.9,28.0,0.0002,,0.0002,28.0,21.0,,0.29,1.680577159,,13.158575029008478,-39.466995051441465,3.7273886488357943,43.2633,0.0,277.1276222549639
FY2020-21,2021,FIRSTRAND BANK LTD,772.4848,476.9175,28.433,2.2424,64.9932,661.714,-337.026,148.3738,227.9951,,772.4848,72.7109,36.0098,108.7207,30.1728,72.1094,42.5381,4.2806,6.4385,2.1579,46.03,44.61,1.42,28.0,,,,28.0,,,0.16,0.667,,-62.91777073476248,-53.45540167960306,-93.23531322096208,42.5381,0.0,-59.85451704122637
FY2021-22,2022,FIRSTRAND BANK LTD,352.7424,,,0.1319,25.9087,661.714,-341.8001,,,,352.7424,15.12,20.8859,36.0059,0.7887,41.9034,14.3313,-1.9119,-6.6862,-4.7743,188.04,187.85,0.19,28.0,,,28.0,,,,-1.21,-1.481317,,-54.33665490893802,,,14.331299999999999,1.7763568394002505e-15,-321.2475091524167
FY2022-23,2023,FIRSTRAND BANK LTD,360.8077,,,0.099,27.1146,661.714,-324.5742,,,,360.8077,17.6346,26.1555,43.7901,0.0001,25.9457,17.6345,0.6184,17.8443,17.2259,218.1,217.88,0.22,,,,,,,,4.9,5.243377,,2.286456065389375,,,17.6345,0.0,-460.8047253000439
FY2023-24,2024,FIRSTRAND BANK LTD,374.1117,,,0.4508,38.6185,661.714,-316.2172,,,,374.1117,21.3304,21.6376,42.968,,34.0687,21.3304,0.5422,8.8993,8.3571,252.74,252.41,0.33,,,,,,,,2.28,2.448477,,3.6872827270593156,,,,,-51.48526346954294
FY2024-25,2025,FIRSTRAND BANK LTD,381.6369,,,0.5733,42.1907,661.714,-309.9667,,,,381.6369,21.5306,13.1179,34.6485,,27.7611,21.5306,0.637,6.8874,6.2504,304.26,304.26,,,,,,,,,1.68,1.792887,,2.011484805206587,,,,,-25.208505342762454
FY2015-16,2016,HDFC BANK LTD.,740796.0728,195836.2768,464593.9589,3343.1573,38103.8418,505.6373,72172.1274,546424.192,84968.9823,36725.1338,740796.0728,60221.4451,10751.7233,70973.1684,32629.933,16979.7,27591.5121,9067.3223,21363.5354,12296.2131,15.53,13.22,2.31,3438.38,5712.64,2815.77,1942.42,4392.83,896.28,1320.37,1.89,18.2589211392598,0.28,,,,27591.512099999996,3.637978807091713e-12,
FY2016-17,2017,HDFC BANK LTD.,863840.1917,214463.3366,554568.2021,3626.7379,42229.82,512.5091,88949.8416,643639.6563,74028.8666,56709.3181,863840.1917,69305.9578,12296.499,81602.4568,36166.7334,19703.3442,33139.2244,11182.738,25732.3792,14549.6412,14.55,12.79,1.76,4392.83,7126.17,3247.4,2385.94,5885.66,1320.37,1843.99,1.88,17.9469974646385,0.33,16.60971533433324,17.791207952227705,19.366210316859966,33139.22440000001,-7.275957614183426e-12,18.326195891969377
FY2017-18,2018,HDFC BANK LTD.,1063934.3234,242200.2416,658333.0908,3607.2045,36878.7038,519.0181,105775.9776,788770.6396,123104.97,45763.7181,1063934.3234,80241.355,15220.3042,95461.6592,40146.4913,22690.3821,40094.8637,15138.0575,32624.7858,17486.7283,14.82,13.25,1.57,5885.66,12958.99,6971.85,3265.83,8606.97,1843.99,2601.02,1.93,17.8657185761688,0.4,23.163327386541678,22.548483748545543,18.710933715108503,40094.863699999994,7.275957614183426e-12,20.18666343469693
FY2018-19,2019,HDFC BANK LTD.,1244540.6906,293116.0725,819401.2167,4030.0043,46645.7579,544.6613,148661.6908,923140.9284,117085.1238,55108.2863,1244540.6906,98972.0505,17625.8849,116597.9354,50728.8285,26119.37,48243.222,18671.5716,39749.7369,21078.1653,17.11,15.78,1.33,8606.97,14382.03,7184.48,4580.36,11224.16,2601.02,3214.52,1.9,16.4994552721495,0.39,16.97533045299626,17.03540700603938,24.466053453924296,48243.221999999994,7.275957614183426e-12,20.5380728652369
FY2019-20,2020,HDFC BANK LTD.,1530511.2589,391826.6581,993702.8781,4431.9155,53931.0892,548.3286,170437.7008,1147502.2947,144628.5372,,1530511.2589,114812.6509,23260.8187,138073.4696,58626.3979,30697.5289,56186.253,22492.2278,48749.5428,26257.315,18.52,17.23,1.29,11224.16,17563.13,7882.83,8254.49,12649.97,3214.52,3542.36,2.01,16.40096174,0.36,22.978000676067232,24.304129456037238,21.271833364120507,56186.25299999999,7.275957614183426e-12,24.57115990071488
FY2020-21,2021,HDFC BANK LTD.,1746870.5237,443728.2921,1132836.6309,4909.3169,45925.8881,551.2776,203169.5513,1335060.2208,135487.3236,,1746870.5237,120858.2265,25204.8927,146063.1192,55978.656,32722.6301,64879.5705,26245.3079,57361.8331,31116.5252,18.79,17.56,1.23,12649.97,16040.01,4314.9,9289.08,15086.0,3542.36,4554.82,1.97,16.608,0.4,14.136404651835122,16.344884621693478,14.001544713851422,64879.5705,0.0,18.506119913631693
FY2021-22,2022,HDFC BANK LTD.,2068535.0503,455535.693,1368820.9314,6083.6735,85767.828,554.5541,239538.3846,1559217.44,184817.2073,,2068535.0503,127753.1191,29509.9004,157263.0195,55743.5282,37442.1858,72009.5909,27115.9503,64077.3055,36961.3552,18.9,17.87,1.03,15086.0,26861.43,16376.6,9429.87,16140.96,4554.82,4407.68,2.03,16.656245,0.32,18.413758904048084,16.79004555058046,20.831273818583917,72009.5909,0.0,18.783684754106144
FY2022-23,2023,HDFC BANK LTD.,2466081.467,517001.428,1600585.9,8016.541,146712.5151,557.9743,279641.0334,1883394.646,206765.5655,,2466081.467,161585.5367,31214.8251,192800.3618,74743.3173,47652.0844,86842.2194,26296.2587,70404.9601,44108.7014,19.26,17.13,2.13,16140.96,24536.31,11856.84,10801.4,18019.03,4407.68,4368.43,2.07,16.955366,0.27,19.218742106513687,20.791019756679987,16.93172300944843,86842.2194,0.0,19.33734886430787
FY2023-24,2024,HDFC BANK LTD.,3617623.087,702414.9587,2484861.519,11398.9878,199800.2035,759.6911,439486.114,2379786.276,662153.0751,,3617623.087,258340.5755,49240.9994,307581.5749,149808.1008,63386.024,108532.4747,33575.1716,94387.4501,60812.2785,18.8,16.79,2.01,18019.03,40262.1,16077.86,11029.95,31173.32,4368.43,8091.74,1.98,16.88187,0.33,46.69519784359986,26.356219661888126,55.24699542836158,108532.47470000002,-1.4551915228366852e-11,37.869120082506
FY2024-25,2025,HDFC BANK LTD.,3910198.945,836359.6736,2619608.617,13655.3987,201004.584,765.2222,500659.4173,2714714.896,547930.8926,,3910198.945,300517.0417,45632.2818,346149.3235,177846.9527,68174.882,122670.089,32780.1307,100127.4888,67347.3581,19.55,17.69,1.86,31173.32,31977.43,16082.31,11845.8,35222.64,8091.74,11320.43,1.91,14.303806,0.43,8.08751633223972,14.073894928201526,5.422720621237165,122670.089,0.0,10.746315976304022
FY2015-16,2016,HONGKONG AND SHANGHAI BANKING CORPN.LTD.,140957.6548,53425.4728,54970.267,1122.6759,13078.0811,4499.166,14354.9223,87943.8211,19522.3095,14637.4359,140957.6548,8477.9541,1830.265,10308.2191,4126.7616,2699.9042,4351.1925,1547.4345,3481.5533,1934.1188,15.99,15.31,0.68,791.4574,338.3758,231.6221,62.4251,835.786,238.1173,211.3123,1.53,10.6451753740646,0.38,,,,4351.192500000001,-9.094947017729282e-13,
FY2016-17,2017,HONGKONG AND SHANGHAI BANKING CORPN.LTD.,130475.2144,45907.2761,46269.1694,833.3651,14437.1493,4499.166,15983.6826,87024.1644,7863.9978,15104.2036,130475.2144,8791.8397,2272.9389,11064.7786,3977.6083,2827.7344,4814.2314,1868.157,4259.4359,2391.2789,18.76,18.04,0.72,835.786,560.8391,360.1593,139.4907,896.9751,211.3123,203.9783,1.76,12.1579313919585,0.44,-7.436588254020804,-1.0457320235770506,-15.828734468399075,4814.231400000001,-9.094947017729282e-13,23.63660908523302
FY2017-18,2018,HONGKONG AND SHANGHAI BANKING CORPN.LTD.,144454.7962,56428.6509,51450.4291,782.5643,11045.0736,4499.166,17123.2242,92169.2963,20874.7639,9788.3458,144454.7962,8769.6878,1701.7399,10471.4277,3553.5128,2643.4288,5216.175,1961.814,4274.4861,2312.6721,18.48,17.82,0.66,896.9751,338.5256,245.2728,65.9616,924.2663,203.9783,144.0101,1.76,10.9851988299375,0.28,10.714358174681804,5.912302560413907,11.198082367132356,5216.174999999999,9.094947017729282e-13,-3.2872284366328053
FY2018-19,2019,HONGKONG AND SHANGHAI BANKING CORPN.LTD.,176467.5266,70973.7621,66904.6305,780.1275,20405.2325,4499.166,18582.1432,102609.6713,33351.6295,17424.9166,176467.5266,9974.5787,2063.9208,12038.4995,4501.8601,3024.2963,5472.7186,1946.7089,4512.3431,2565.6342,17.89,16.88,1.01,924.2663,391.4319,358.7871,359.2029,597.7082,144.0101,129.117,1.67,11.4783976916237,0.19,22.16107131235563,11.327389292436196,30.03706999209459,5472.7186,0.0,10.938087591405644
FY2019-20,2020,HONGKONG AND SHANGHAI BANKING CORPN.LTD.,211114.6589,71622.013,76580.6656,764.1322,37125.8207,4499.166,21362.7232,124852.9766,24441.7354,,211114.6589,11639.6308,2162.6155,13802.2463,4609.3088,3525.3238,7030.322,2889.9894,5667.6137,2777.6243,16.11,14.38,1.73,597.7082,469.412,279.296,118.4976,669.3266,129.117,126.192,1.61,11.35039961,0.16,19.633715600567612,21.677591418227248,14.462429622117101,7030.322000000001,-9.094947017729282e-13,8.262678288276625
FY2020-21,2021,HONGKONG AND SHANGHAI BANKING CORPN.LTD.,229945.8295,83494.26,71673.0742,778.1039,22170.3705,4499.166,24966.2076,165271.4658,13429.5802,,229945.8295,12185.5943,2261.0833,14446.6776,3825.3619,3951.9655,8360.2324,3037.4395,6669.3502,3631.9107,17.07,15.14,1.93,669.3266,592.6666,164.2343,185.155,912.6039,126.192,290.229,1.67,13.129,0.4,8.9198782775761,32.37286791286642,-6.408394810295293,8360.2324,0.0,30.75600973104966
FY2021-22,2022,HONGKONG AND SHANGHAI BANKING CORPN.LTD.,247310.082,95415.2393,81846.2488,740.0876,18424.0822,4499.166,28178.03,185481.7497,12102.2697,,247310.082,13129.8495,1171.1989,14301.0484,4370.7984,4084.2274,8759.0511,2654.8527,5846.0226,3191.1699,16.5,14.79,1.71,912.6039,438.0136,472.613,234.206,643.7985,290.229,150.0981,1.28,10.270479,0.18,7.551453547888776,12.228537940395023,14.193858312275376,8759.0511,0.0,-12.135232289714615
FY2015-16,2016,ICICI BANK LIMITED,720695.1047,160411.7966,435263.9419,7576.92,57573.7043,1163.1656,88572.4176,421425.7086,174807.3779,34726.435,720695.1047,52739.4348,15323.0516,68062.4864,31515.3949,12683.5582,21224.0399,14137.246,23863.5333,9726.2873,16.64,13.09,3.55,15094.69,16710.85,2628.95,2955.34,26221.25,6255.53,12963.08,1.49,11.4315997005458,2.98,,,,21224.039900000003,-3.637978807091713e-12,
FY2016-17,2017,ICICI BANK LIMITED,771791.446,161506.5454,464232.0842,7805.2072,62534.5478,1165.1071,98785.9632,490039.0648,147556.1521,34245.1588,771791.446,54156.2793,19504.4831,73660.7624,32418.9585,14755.0576,21737.3208,16685.6557,26486.7463,9801.0906,17.39,14.36,3.03,26221.25,33546.61,5416.56,12191.91,42159.39,12963.08,25216.81,1.35,10.3339801922332,5.43,7.089869345133071,16.281245970478974,6.655304864802081,21737.3208,0.0,0.769083800352055
FY2017-18,2018,ICICI BANK LIMITED,879189.1613,202994.1808,512395.2856,7903.5149,71726.7992,1285.81,103873.1264,560975.2085,182858.6206,30196.3958,879189.1613,54965.8922,17419.6326,72385.5248,31940.0463,15703.9436,23025.8459,17964.112,24741.5349,6777.4229,18.42,15.92,2.5,42159.39,28634.95,9185.5,8368.66,53240.18,25216.81,27823.56,0.87,6.60857362255647,5.43,13.915380360408914,14.475609965697567,10.374811013546914,23025.8459,0.0,-30.850318841048164
FY2018-19,2019,ICICI BANK LIMITED,964459.1478,207732.68,586646.5827,7931.4287,81852.1704,1289.4598,107078.5818,652919.6711,165319.9742,37851.4609,964459.1478,63401.1926,14512.1636,77913.3562,36386.3951,18089.062,27014.7975,20074.5975,23437.8991,3363.3016,16.89,15.09,1.8,53240.18,10595.96,6602.97,11557.13,45676.04,27823.56,13449.72,0.39,3.15023575147493,2.29,9.698707656258732,16.390111578344403,14.491018787000343,27014.7975,0.0,-50.374919056622545
FY2019-20,2020,ICICI BANK LIMITED,1098365.1492,249531.4805,645289.9697,8410.2853,75977.6748,1294.7649,115209.6421,770968.9946,162896.7599,,1098365.1492,74798.3166,16448.622,91246.9386,41531.2517,21614.4109,33267.0649,20170.4636,28101.276,7930.8124,16.11,14.72,1.39,45676.0423,13801.9984,7697.0968,10951.8539,40829.09,13449.7235,9923.2411,0.81,7.053609679,1.54,13.884051149854205,18.080221614569748,9.996374091211413,33267.064900000005,-7.275957614183426e-12,135.80437746052868
FY2020-21,2021,ICICI BANK LIMITED,1230432.6758,281286.5399,733729.0904,8877.5806,73411.2148,1383.4104,146125.7746,932522.1605,91630.9564,,1230432.6758,79118.271,18968.5274,98086.7984,40128.8374,21560.834,38989.4336,20204.4429,36397.127,16192.6841,19.12,18.06,1.06,40829.09,16048.2246,6529.2673,9506.6277,40841.4196,9923.2411,9117.6637,1.42,12.267,1.24,12.024009200964914,20.95456069330237,13.705330138808126,38989.4336,0.0,104.17434284538115
FY2021-22,2022,ICICI BANK LIMITED,1411297.742,310241.0024,859020.439,9373.8159,64840.1215,1389.9662,169122.0082,1064571.6132,107231.3597,,1411297.742,86374.5452,18517.5299,104892.0751,38908.4507,26733.316,47466.0945,15910.8177,39250.3084,23339.4907,19.16,18.35,0.81,40841.4196,19291.0195,16689.7242,10147.7906,33294.9243,9117.6637,6931.0462,1.84,14.677948,0.81,14.6993061674346,14.160462699266873,17.075968533794427,47466.09449999999,7.275957614183426e-12,44.13602189645629
FY2022-23,2023,ICICI BANK LIMITED,1584206.652,362329.7355,1019638.305,9599.8412,73200.498,1396.775,199318.6029,1180840.697,119325.4936,,1584206.652,109231.338,19831.4479,129062.7859,47102.736,32873.2391,62128.602,17190.3146,49086.8108,31896.4962,18.34,17.6,0.74,33294.9243,18309.3833,17097.0354,4521.198,29986.0742,6931.0462,5150.0699,2.16,17.184346,0.51,12.251766927293772,10.92167801191939,18.69779328964256,62128.602000000006,-7.275957614183426e-12,36.66320576566824
FY2023-24,2024,ICICI BANK LIMITED,1871514.577,461942.2722,1184406.389,10859.8403,74380.0667,1404.679,236994.6426,1412824.951,124967.5779,,1871514.577,142890.942,22957.7689,165848.7109,68585.2236,39132.7336,74305.7184,17242.4843,58130.7537,40888.2694,16.33,15.6,0.73,29986.0742,18998.7893,15472.7442,6198.253294,27313.86601,5150.0699,5377.7934,2.37,18.623047,0.45,18.135760548491888,19.645685873578934,16.159463918923667,74305.71840000001,-1.4551915228366852e-11,28.1904731592431
FY2024-25,2025,ICICI BANK LIMITED,2118239.969,504756.7369,1341766.161,12838.7372,73316.3375,1424.5974,290651.703,1610348.021,123538.2601,,2118239.969,163263.7814,28506.7029,191770.4843,82099.3438,42372.3243,81164.4376,20071.8235,67298.8162,47226.9927,16.55,15.94,0.61,27313.86601,20201.13094,13796.95578,10194.93794,23523.10323,5377.7934,5589.413112,2.41,17.805528,0.42,13.183193710171137,13.98071784195154,13.285961090843124,81164.4376,0.0,15.502547290495027
FY2015-16,2016,IDBI BANK LIMITED,375389.8307,92997.1351,215893.4489,7447.315,35451.391,2058.8151,25662.974,265719.8313,70591.6426,11356.5677,375389.8307,28042.7591,3410.6996,31453.4587,21953.8077,4129.5842,6088.9514,9034.8693,5370.0668,-3664.8025,11.67,8.89,2.78,12684.97,19086.6,1437.08,5459.43,24875.06,5992.52,14643.39,-1.09,-14.0848596766642,6.78,,,,6088.951399999998,1.8189894035458565e-12,
FY2016-17,2017,IDBI BANK LIMITED,361874.4732,92934.4137,190825.9271,7348.7828,38081.2708,2058.8151,20504.8344,268538.0959,56363.9773,14408.7505,361874.4732,27791.3673,4007.8344,31799.2017,22039.7056,5140.8095,5751.6617,9776.8262,4618.6866,-5158.1396,10.7,7.81,2.89,24875.07,27595.02,4849.3,2868.2,44752.59,14643.39,25205.8,-1.37,-20.5154404281163,13.21,-3.60035259207675,1.0606150795038571,-11.611061812075196,5751.661700000001,-9.094947017729282e-13,40.7480921550343
FY2017-18,2018,IDBI BANK LIMITED,350085.7228,91606.0641,171739.9451,6770.9845,46282.6436,3083.8627,18125.8672,247931.6111,63185.5272,17758.8546,350085.7228,23026.5325,7013.5799,30040.1124,17386.2083,4744.6876,5640.3242,16147.1361,7909.2165,-8237.9196,10.41,7.73,2.68,44752.59,38351.09,15000.65,12514.78,55588.25,25205.8,28665.14,-2.46,-37.6389472913302,16.69,-3.257690517862155,-7.673579694880084,-10.001776116092554,5640.324200000003,-2.7284841053187847e-12,59.70718590090114
FY2018-19,2019,IDBI BANK LIMITED,320284.494,93072.6304,146790.4379,8230.9861,50956.7401,7736.2949,29875.4029,227371.7247,45287.7239,10013.3476,320284.494,22071.2369,3300.2972,25371.5341,16165.622,5153.7875,5905.6149,19168.4186,4052.1246,-15116.294,11.58,9.13,2.45,,,,,,,,-4.68,-51.3972359769839,10.11,-8.51255188633473,-8.29256354556074,-14.527492241523966,5905.6149000000005,-9.094947017729282e-13,83.49649831493866
FY2019-20,2020,IDBI BANK LIMITED,299928.100468,81780.415529,129841.788719,8129.179496,49746.311255,10380.593998,23643.772601,222424.125156,36748.856073,,299928.100468,20825.113818,4470.363814,25295.477632,13847.30414,6336.16018,6977.809678,17999.344423,5112.013312,-12887.331111,13.31,10.57,2.74,50027.94,11021.99,7841.65,5935.91,47272.37,14837.44,5439.49,-4.26,-35.98000873,4.19,-6.355722463417168,-2.175995960152033,-11.546153430338657,6977.809678000001,-1.8189894035458565e-12,-14.745432240203849
FY2020-21,2021,IDBI BANK LIMITED,297764.076618,81022.562675,128149.941203,7827.417412,45541.966131,10752.402175,26058.666412,230851.777883,15908.053231,,297764.076618,19938.204659,4558.600574,24496.805233,11414.206531,6047.501673,8523.998128,5675.632887,7035.097029,1359.464142,15.59,13.06,2.53,47272.0,2631.66,5300.28,8391.75,36211.63,5439.49,2519.38,0.46,3.838,1.97,-0.7215142051122614,3.7890011801054335,-1.3030069384375564,8523.998128,0.0,-110.54884157387426
FY2021-22,2022,IDBI BANK LIMITED,301602.752889,82988.205837,136955.227763,9936.909021,36011.822094,10752.40218,30909.57996,233134.415939,14344.97996,,301602.752891,18291.907213,4689.895381,22981.802594,9129.41099,6357.23439,9162.496223,5055.886859,7495.157214,2439.270355,19.06,16.68,2.38,36212.0,5866.0,5074.0,2889.0,34115.0,2519.38,1861.38,0.84,6.216836,1.36,1.2891670192723081,0.988789463495876,6.871081232922083,9162.496222999998,1.8189894035458565e-12,79.42881166482434
FY2022-23,2023,IDBI BANK LIMITED,330502.1721,99689.7449,162567.7293,9756.8655,29307.0782,10752.4022,34566.0788,255490.0509,12637.7501,,330502.1721,20569.7839,4371.9837,24941.7676,9139.2316,7066.7,11430.5523,5090.7433,8735.836,3645.0927,20.44,18.08,2.36,34115.0,3750.0,4970.0,21926.0,10969.0,1864.0,1495.0,1.2,8.381406,0.92,9.581948087070668,9.58916120168607,18.701368290462227,11430.5523,0.0,49.43373097321147
FY2023-24,2024,IDBI BANK LIMITED,363578.1682,114934.2444,188620.6145,9519.9155,24570.5086,10752.4022,39129.4634,277657.2234,17082.6959,,363578.1682,26426.134,3610.907,30037.041,12239.6949,8205.2963,14186.4391,3957.9561,9592.0498,5634.0937,22.26,20.11,2.15,10969.0,3559.0,2627.0,2984.0,8917.0,1495.0,644.0,1.65,11.836288,0.34,10.007799915454774,8.676334918683914,16.025865226869463,14186.439099999998,1.8189894035458565e-12,54.566540927751994
FY2024-25,2025,IDBI BANK LIMITED,411661.3146,117467.5344,218399.1556,12181.14077,19197.2952,10752.4022,49498.61454,310293.5516,19882.27945,,411661.3146,28902.03345,4923.987757,33826.02121,14275.57262,8471.845625,14626.46083,3563.425768,11078.60296,7515.177192,25.05,23.51,1.54,8917.0,1923.0,3021.0,1124.0,6695.0,644.0,337.0,1.98,13.647472,0.15,13.224981752355935,11.754179416028832,15.787532650626579,14626.460829999998,1.8189894035458565e-12,33.38750812752722
FY2015-16,2016,IDFC BANK LIMITED,83215.8705,29728.6099,45699.4297,672.8549,4211.0691,3392.6233,10239.9289,8219.0453,57159.8308,4204.4422,83215.8705,3648.8324,403.1974,4052.0298,2801.5025,510.5816,847.3299,273.0924,739.9457,466.8533,22.04,21.5,0.54,,3424.9,366.6,,3058.3,,1139.04,1.1,3.42454804610981,2.39,,,,847.3298999999997,2.2737367544323206e-13,
FY2016-17,2017,IDFC BANK LIMITED,112159.6581,50471.6961,49401.6832,786.5515,6397.7302,3399.0062,11279.0428,40208.2246,50262.1857,7011.1988,112159.6581,8532.7145,1013.1156,9545.8301,6515.3943,1276.9764,2017.3202,733.7216,1753.4594,1019.7378,18.9,18.54,0.36,3058.3,980.68,2496.87,0.01,1542.1,1139.04,576.47,1.04,7.20392896495607,1.14,34.78157162340805,389.2079692029438,8.101312257732607,2017.3202,0.0,118.42788730421314
FY2017-18,2018,IDFC BANK LIMITED,126520.1788,61201.5342,52164.8881,784.1307,7477.8284,3404.0749,11852.4635,48198.2025,57287.0654,5778.3725,126520.1788,8930.0046,1117.8927,10047.8973,7131.9074,1652.5943,1798.0972,404.0923,1263.3956,859.3033,18.0,17.68,0.32,1542.1,1251.58,16.8,997.83,1779.05,576.47,891.16,0.72,5.74120690903526,1.69,12.80364165090122,19.871501364424816,5.593341605008306,1798.0972000000002,-2.2737367544323206e-13,-15.732916834111666
FY2018-19,2019,IDFC FIRST BANK LIMITED,167184.8615,58475.3854,86302.2859,950.2051,11890.2081,4781.6764,13377.585,70479.0087,69983.3902,8563.2012,167184.8615,11948.1724,852.0839,12800.2563,8749.0834,5886.7333,3199.089,108.618,-1835.5604,-1944.1784,15.47,15.28,0.19,1779.05,2369.47,1696.03,316.45,2136.04,891.16,1106.63,-1.2,-11.6362817088699,1.27,,,,3199.089,0.0,
FY2019-20,2020,IDFC FIRST BANK LIMITED,149200.398649,45404.579766,85595.359468,1037.726561,12971.947734,4809.903,10532.697537,65107.971211,57397.185507,,149200.398649,16307.56452,1722.157666,18029.722186,10231.998921,5860.987348,6075.565599,4800.946314,1936.735917,-2864.210397,13.38,13.3,0.08,2136.044377,2693.49423,1039.75,1510.23,2279.558607,1106.634498,808.574498,-1.79,-17.09881321,0.94,-10.75723165939877,-7.620761965966771,-0.8191282822092805,6075.565599,0.0,47.322406061089865
FY2020-21,2021,IDFC FIRST BANK LIMITED,163143.882727,45411.742707,100550.125949,1266.423008,10087.735695,5675.849855,12132.043687,88688.421381,45786.085434,,163143.882727,15967.859475,2211.328745,18179.18822,8587.596792,7093.283255,7380.262683,2046.027908,2498.308173,452.280265,13.77,13.27,0.5,2279.561536,5626.758335,931.322507,2671.988409,4303.008955,808.566324,1883.27502,0.28,2.729,1.86,9.34547374152974,36.21745499269387,17.471468750114738,7380.262682999999,9.094947017729282e-13,-115.79074866405495
FY2021-22,2022,IDFC FIRST BANK LIMITED,190181.606095,46144.835198,117857.800336,1361.223094,9059.838453,6217.70831,14785.77331,105634.36384,52962.599326,,190181.606128,17172.683665,3222.038518,20394.722183,7466.520595,9644.449764,9706.16307,3138.261803,3283.751824,145.490021,16.74,14.88,1.86,4303.008955,7551.875553,3184.174287,4201.564731,4469.14549,1883.27502,1808.05887,0.08,0.749729,1.53,16.572931155036997,19.10727713395788,17.21298131021598,9706.16307,0.0,-67.83188826512252
FY2022-23,2023,IDFC FIRST BANK LIMITED,239941.6597,61123.55203,151794.5314,2090.134531,11035.48691,6618.121816,19103.04069,144637.3101,57212.09201,,239941.6597,22727.54461,4466.967661,27194.51227,10092.20878,12170.34997,12635.33583,2494.818579,4931.953525,2437.134946,16.82,14.2,2.62,4469.13,4543.05,2330.45,2797.28998,3884.44002,1808.07,1304.05,1.13,10.431904,0.86,26.164493310748327,36.922593029552516,28.794641480877804,12635.33583,0.0,1575.1217226094152
FY2023-24,2024,IDFC FIRST BANK LIMITED,296115.1016,74710.39334,194592.3662,2619.427545,11712.70257,7069.923853,25091.38117,200576.3123,50935.5743,,296115.1016,30322.50119,6001.993872,36324.49506,13871.74579,16215.7804,16450.7554,3280.457419,6236.96887,2956.511451,16.11,13.36,2.75,3884.45,5257.78,2440.24,2983.63,3718.36,1304.05,1160.47,1.1,10.215568,0.6,23.411291715758686,38.67536126143705,28.19458277269664,16450.7554,0.0,21.310945700911542
FY2024-25,2025,IDFC FIRST BANK LIMITED,343818.6512,80715.52186,233112.527,2662.647947,12230.59982,7322.106984,30755.88613,252065.2454,38974.83738,,343818.6512,36501.48657,7021.716007,43523.20258,17209.5194,18898.83645,19291.96717,5889.99743,7414.846725,1524.849295,15.48,13.17,2.31,3718.36,8054.78,2479.59,4859.97,4433.58,1160.47,1229.92,0.47,4.341869,0.53,16.109799649610324,25.670495438658048,19.79530931876814,19291.96717,0.0,-48.42403554756264
FY2019-20,2020,INDIA POST PAYMENTS BANK LIMITED,1645.266854,694.249347,,200.451688,263.240971,1035.0,-460.98822,855.031214,,,1645.266854,45.756794,9.00556,54.762354,13.599335,487.526459,32.157459,-112.350036,-446.36344,-334.013404,79.24,79.24,,,,,,,,,-25.39,-58.1892943,,,,,32.157459,0.0,
FY2020-21,2021,INDIA POST PAYMENTS BANK LIMITED,3061.7396,1909.0898,,157.7433,280.0393,1255.0,-810.3856,2299.6851,16.9964,,3061.7396,80.443,132.6009,213.0439,45.9081,494.0231,34.5349,-6.3434,-326.8873,-320.5439,36.15,36.15,,,,,,,,,-10.96,-62.937,,86.093799468229,168.9591984883958,,34.5349,0.0,-4.032623792546952
FY2021-22,2022,INDIA POST PAYMENTS BANK LIMITED,4501.1081,2900.8863,1.562,78.8712,279.4426,1455.0,-981.9377,3691.7218,,,4501.1081,128.4559,332.7482,461.2041,71.1243,559.545,57.3316,-9.8479,-169.4652,-159.6173,40.83,40.83,,,,,,,,,-3.53,-34.787262,,47.01146041289732,60.53162235125147,,57.33160000000001,-7.105427357601002e-15,-50.204230996128764
FY2022-23,2023,INDIA POST PAYMENTS BANK LIMITED,7620.7205,4599.1846,0.0098,59.6447,434.7414,1655.0,-962.0234,6292.3585,,,7620.7205,279.0522,487.098,766.1502,94.0216,646.141,185.0306,5.8267,25.9876,20.1609,56.96,56.7,0.26,,,,,,,,0.3,3.458015,,69.30765337539881,70.44508879298546,-99.37259923175417,185.03060000000002,-2.842170943040401e-14,-112.63077373192003
FY2023-24,2024,INDIA POST PAYMENTS BANK LIMITED,13662.7628,8839.4493,,369.2152,732.6275,2105.0,-927.7856,11552.192,,,13662.7628,607.5759,657.715,1265.2909,169.736,1003.6823,437.8399,57.6348,91.8726,34.2378,54.86,54.64,0.22,,,,,,,,0.32,3.661423,,79.28439705930693,83.59081098128785,,437.83990000000006,-5.684341886080802e-14,69.82277576893887
FY2024-25,2025,INDIA POST PAYMENTS BANK LIMITED,22907.277,16536.7934,,317.2512,599.0711,2355.0,-815.9693,19345.2366,961.0,,22907.277,1122.8473,1025.2756,2148.1229,366.6713,1513.0364,756.176,134.5593,268.4152,133.8559,49.24,48.85,0.39,,,,,,,,0.71,9.855952,,67.66211442974036,67.45944492612313,,756.1759999999999,1.1368683772161603e-13,290.95940743856204
FY2015-16,2016,INDIAN BANK,203710.382,53089.3136,129049.0763,3511.072,6061.6294,480.2917,15779.4851,178285.8426,3509.3165,5655.4461,203710.382,16243.7835,1781.4163,18025.1998,11797.6039,3195.5035,4446.1796,2320.709,3032.0924,711.3834,13.2,12.08,1.12,5670.44,5703.82,1620.8,926.42,8827.04,3146.95,5419.4,0.36,4.53757129248804,4.2,,,,4446.1795999999995,9.094947017729282e-13,
FY2016-17,2017,INDIAN BANK,218233.147,67551.7886,127699.282,3442.6046,9497.7525,480.2917,16681.7183,182509.2825,12636.889,5924.9655,218233.147,16039.7455,2211.3716,18251.1171,10893.6906,3356.7195,5146.0549,2595.0298,4000.707,1405.6772,13.64,12.2,1.44,8827.04,3330.66,1067.14,1225.42,9865.14,5419.4,5606.57,0.67,8.41174176839642,4.39,7.12912363985454,2.368914905641528,-1.0459542514369757,5146.054900000001,-9.094947017729282e-13,97.59769485765342
FY2017-18,2018,INDIAN BANK,252715.8226,71397.7665,156568.9285,3418.3455,8402.9939,480.2917,17968.1267,208294.2217,19760.1707,6213.0118,252715.8226,17113.647,2405.8373,19519.4843,10850.0931,3668.4013,6263.5539,3741.9971,5000.9899,1258.9928,12.55,11.33,1.22,9865.14,5041.23,1274.6,1641.63,11990.14,5606.57,5959.56,0.53,7.07092195498552,3.81,15.800842389905156,14.12801521478777,22.607524527819976,6263.553900000001,-9.094947017729282e-13,-10.435141154740224
FY2018-19,2019,INDIAN BANK,280065.2737,64992.1742,181261.9124,3961.4048,9829.4026,480.2917,18908.4,242075.9468,12137.5429,6463.0923,280065.2737,19184.8128,1882.8896,21067.7024,12166.7197,4020.3666,7018.0931,4558.664,4880.6161,321.9521,13.21,11.29,1.92,11990.14,6444.96,2207.82,2873.83,13353.45,5959.56,6793.11,0.12,1.70177954473325,3.75,10.822215569497162,16.21827279906729,15.771318189739025,7018.0931,0.0,-74.42780451166998
FY2019-20,2020,INDIAN BANK,309468.1744,81241.688,197887.0115,3895.7442,12519.0467,608.8006,21480.468,260225.897,20830.3096,,309468.1744,21404.9692,3312.4643,24717.4335,13798.5531,4420.8392,7606.4161,5744.683,6498.0412,753.3582,14.12,12.08,2.04,13353.434519,5320.5045,1491.5098,3031.6067,14150.822519,6793.1144,6184.2444,0.26,3.632571103,3.13,10.498588529578212,7.497626443239835,9.17186566106205,7606.4161,0.0,133.99698278097893
FY2020-21,2021,INDIAN BANK,623426.6658,176536.9662,362669.0796,7376.3114,25379.8364,1129.3666,37282.5783,538071.1149,24734.3312,,623426.6658,39105.7865,5650.1896,44755.9761,23439.839,10349.5528,15665.9475,7961.9066,10966.5843,3004.6777,15.71,11.93,3.78,,,,,,,,0.5,8.214,3.37,101.45097860505552,106.77077919727567,83.27078510658087,15665.947500000002,-1.8189894035458565e-12,298.83785694507606
FY2021-22,2022,INDIAN BANK,671668.0551,174558.588,389186.0632,7683.7116,20323.6407,1245.4411,42463.3631,593617.8137,17208.9747,,671668.0551,38856.2207,6915.4497,45771.6704,22128.2705,10926.5028,16727.9502,8772.0765,12716.8971,3944.8206,16.53,13.17,3.36,38455.35,10164.66,5059.19,8346.57,35214.25,12271.13,8848.64,0.63,9.607366,2.27,7.738101680026022,10.323300631055666,7.311619625595456,16727.9502,0.0,31.28930933257832
FY2022-23,2023,INDIAN BANK,710500.7312,185988.2525,449296.7337,7459.0404,17624.1258,1245.4411,46727.3146,621165.7565,22073.0309,,710500.7312,44942.2129,7143.0626,52085.2755,24716.7504,12097.9028,20225.4625,9988.9202,15270.6223,5281.7021,16.49,13.48,3.01,35214.25,7042.73,5693.03,8384.42,28179.53,8848.64,4043.07,0.77,11.521842,0.9,5.7815279147403364,4.6406866782340295,15.445226893726026,20225.462499999998,3.637978807091713e-12,33.889538601577996
FY2023-24,2024,INDIAN BANK,792619.1227,212554.4766,514889.0682,7515.4729,15550.9712,1346.964,57041.1597,688000.0037,23131.487,,792619.1227,55614.7776,7866.7206,63481.4982,32341.4951,14300.4559,23273.2825,8776.6081,16839.5472,8062.9391,16.44,14.03,2.41,28179.53,6769.93,5121.93,8721.22,21106.31,4043.07,2222.58,1.07,15.161475,0.43,11.557819421424952,10.7594867393499,14.598889682513615,23273.2825,0.0,52.65796796831837
FY2024-25,2025,INDIAN BANK,873410.6612,225303.1238,571071.1909,8826.693,13341.7774,1346.964,67962.9767,737153.5639,41507.9245,,873410.6612,62002.158,9223.481,71225.639,36825.7882,15401.6446,25176.3698,8079.9122,18998.2062,10918.294,17.94,15.85,2.09,21106.31,5786.46,3839.07,4874.84,18178.86,2222.58,1109.56,1.32,17.100171,0.19,10.192983765618656,7.144412781345455,10.911500392969508,25176.3698,0.0,35.4133258925396
FY2015-16,2016,INDIAN OVERSEAS BANK,274436.7636,79189.5506,160860.668,3270.4649,8869.8444,1807.2657,13858.5497,224514.2396,27183.3077,7073.4009,274436.7636,23517.2949,2528.257,26045.5519,18134.6005,5025.4957,5382.6944,5782.7832,2885.4557,-2897.3275,9.67,7.75,1.92,14922.45,20998.38,3744.56,2127.64,30048.63,9813.33,19212.58,-0.97,-18.5092340112804,11.89,,,,5382.6944,0.0,
FY2016-17,2017,INDIAN OVERSEAS BANK,247167.4874,71654.1215,140458.6183,3054.3321,8777.383,2454.7289,11289.8188,211342.6267,16097.6718,5982.6412,247167.4874,19718.5989,3372.6353,23091.2342,14529.0188,4912.0123,5189.5801,7066.9417,3650.2031,-3416.7386,10.49,8.21,2.28,30048.63,13003.7,5660.04,2294.03,35098.26,19212.58,19749.32,-1.21,-23.2349297312824,13.99,-9.936451604474462,-5.866716037017017,-12.683056681077565,5189.580100000001,-9.094947017729282e-13,17.9272484729462
FY2017-18,2018,INDIAN OVERSEAS BANK,247968.0302,68645.9365,132488.8149,2893.4338,17394.8542,4890.7699,8383.213,216831.8111,9228.0811,8634.1551,247968.0302,17915.213,3746.4362,21661.6492,12447.6391,5584.9254,5467.5739,9928.5752,3629.0847,-6299.4905,9.26,7.17,2.09,35098.26,16824.79,6724.58,7018.32,38180.15,19749.32,20399.66,-2.33,-46.6308889499712,15.33,0.32388677346728567,2.597291651812328,-5.674129146691175,5467.573899999999,9.094947017729282e-13,84.37145001376459
FY2018-19,2019,INDIAN OVERSEAS BANK,250008.3577,66932.2734,132597.6296,3336.9047,16250.0522,9141.6482,7218.2299,222534.0772,6146.0379,4968.3645,250008.3577,17631.2612,4206.3209,21837.5821,12352.1278,4451.5816,5279.1334,8771.7537,5033.8727,-3737.881,10.21,7.85,2.36,38180.15,8844.54,5943.75,7682.82,33398.12,20399.66,14368.3,-1.35,-25.2270941002254,10.81,0.8228187715788815,2.6298106680344047,0.08213123506473075,5279.133400000001,-9.094947017729282e-13,-40.663756854621816
FY2019-20,2020,INDIAN OVERSEAS BANK,260726.830675,79416.079954,121333.406466,3127.342675,32789.345888,16436.988324,-282.013379,222951.880026,5419.730791,,260726.830675,17406.112415,3359.678894,20765.791309,12103.276369,5128.834196,5302.836046,12061.084219,3533.680744,-8527.403475,10.72,8.21,2.51,33398.12,7225.33,4304.14,16406.61,19912.7,14368.3,6602.8,-2.95,-52.45235747,5.44,4.2872458639409805,0.18774779631818284,-8.495041101398382,5302.836046,0.0,128.13469650317919
FY2020-21,2021,INDIAN OVERSEAS BANK,274010.35355,95494.223696,127720.652616,2918.779628,17100.360687,16436.988324,507.822516,240288.295565,3671.576507,,274010.35355,16965.5325,5559.0184,22524.5509,11067.0242,5561.7212,5898.5083,5064.3353,5895.8055,831.4702,15.32,12.91,2.41,19912.7,3175.35,2146.66,4618.21,16323.18,6602.8,4577.59,0.31,5.024,3.58,5.09480471979431,7.77585528185647,5.264210686930504,5898.508300000001,-9.094947017729282e-13,-109.75056712676539
FY2021-22,2022,INDIAN OVERSEAS BANK,299377.168998,98179.312837,144243.52455,3364.896592,16816.242235,18902.41226,4097.984595,262158.924841,3070.636578,,299377.169023,16729.8662,4903.0199,21632.8861,10418.7285,5451.243615,6311.1377,4053.3713,5762.913985,1709.542685,13.83,10.71,3.12,16323.18,5030.84,2341.4,3714.0,15298.62,4577.59,3824.63,0.59,8.559438,2.65,9.257612027923301,9.101828794687927,12.936726829667112,6311.137700000001,-9.094947017729282e-13,105.6048051992723
FY2022-23,2023,INDIAN OVERSEAS BANK,313733.986,94170.41036,178052.5737,3709.9769,17194.20319,18902.41226,6360.532523,260883.2905,20803.77188,,313733.986,19400.3262,4108.7481,23509.0743,11145.4445,6421.463183,8254.8817,3843.380747,5942.166617,2098.78587,16.1,12.88,3.22,15298.62,4472.431388,2276.761245,3422.743543,14071.5466,3824.63,3266.01,0.76,8.697226,1.83,4.79556174909781,-0.4865881799651417,23.438867883653636,8254.8817,0.0,22.768848559051946
FY2023-24,2024,INDIAN OVERSEAS BANK,352033.6188,99632.08173,213318.8094,3739.7559,16788.55312,18902.41226,9039.888501,285905.3782,30387.16546,,352033.6188,24049.73441,5656.262379,29705.99679,14220.32037,8721.907544,9829.414041,4108.143975,6763.768876,2655.624901,17.27,14.47,2.8,14071.5466,1648.51,1711.8,7213.83,6794.4266,3266.01,1216.85,0.81,9.982568,0.57,12.207677366519043,9.591295652566888,19.806641918818823,9829.414040000001,9.999985195463523e-07,26.531483700145174
FY2024-25,2025,INDIAN OVERSEAS BANK,395014.943,111044.8364,245555.1684,4654.821024,12689.85299,19256.5898,13284.32955,311938.8239,42227.66319,,395014.943,28131.00867,5545.068401,33676.07707,17240.80287,7747.263815,10890.20581,5353.305394,8688.010394,3334.705,19.74,17.13,2.61,6794.4266,3627.54,1191.41,3882.84,5347.7166,1216.85,911.86,0.92,11.026877,0.37,12.209437367519982,9.105615943254076,15.11182210826647,10890.2058,9.999999747378752e-06,25.571386182750654
FY2015-16,2016,INDUSIND BANK LTD,142896.9928,34054.3147,88419.3419,1255.3239,9056.1408,594.9863,17100.9891,93000.3461,24995.8648,7204.8065,142896.9928,11871.7437,3296.9462,15168.6899,7355.1713,3672.1009,4516.5724,1854.9676,4141.4177,2286.4501,15.5,14.92,0.58,562.92,848.65,354.1,280.65,776.82,210.48,321.75,1.91,16.1355608359593,0.36,,,,4516.572400000001,-9.094947017729282e-13,
FY2016-17,2017,INDUSIND BANK LTD,178648.4138,36702.1382,113080.5076,1335.2328,8902.281,598.1487,20047.9722,126572.2228,22453.6943,8976.3758,178648.4138,14405.6703,4171.4922,18577.1625,8343.0661,4783.0758,6062.6042,2583.1279,5451.0206,2867.8927,15.31,14.72,0.59,776.82,1429.27,685.69,465.53,1054.87,321.75,438.91,1.86,14.9594987063866,0.39,25.019015655590483,36.09865780918853,27.891143691038934,6062.6042,0.0,25.429927379565378
FY2017-18,2018,INDUSIND BANK LTD,221626.1605,50076.7174,144953.6576,1338.7531,12041.155,600.2232,23241.4196,151639.1743,38289.0782,7856.2652,221626.1605,17280.7487,4750.1033,22030.852,9783.3045,5591.4436,7497.4442,3050.1164,6656.1039,3605.9875,15.03,14.58,0.45,1054.87,3324.55,1891.73,782.78,1704.91,438.91,745.67,1.9,16.2111430204346,0.51,24.057166691731346,19.804464949319044,28.186245955620382,7497.4442,0.0,25.736485887355553
FY2018-19,2019,INDUSIND BANK LTD,277819.4182,59266.158,186393.5014,1710.0116,15666.3465,602.6869,26083.2865,194867.9069,47321.1224,8944.4155,277819.4182,22261.1505,5646.7189,27907.8694,13414.9668,6404.6836,8846.1837,4787.1211,8088.219,3301.0979,14.16,13.7,0.46,1704.91,5386.83,1221.35,1922.98,3947.41,745.67,2248.28,1.39,13.0665095575991,1.21,25.354975050429584,28.50762858578819,28.588339532868744,8846.1837,0.0,-8.455093091698185
FY2019-20,2020,INDUSIND BANK LTD,307057.5526,59979.9435,206783.1669,1820.1132,22470.6781,693.5357,33339.1411,202039.8129,60753.5494,,307057.5526,28782.8299,6951.3095,35734.1394,16724.0856,8237.345,12058.7443,6354.796,10772.7088,4417.9128,15.04,14.57,0.47,3947.4134,5829.87,2091.7313,2538.81,5146.7421,2248.277,1886.581478,1.54,14.55207843,0.91,10.524150755708405,3.6803936133415593,10.93904312481573,12058.744300000002,-1.8189894035458565e-12,33.83162008009517
FY2020-21,2021,INDUSIND BANK LTD,362972.74745,69694.7057,212595.4085,1809.3733,22546.06905,773.3723,42592.03485,256204.9568,51322.8118,,362972.74745,28999.7967,6558.612,35558.4087,15471.9034,8359.8318,13527.8933,8890.2815,11726.6735,2836.392,17.38,16.83,0.55,5146.7441,7664.067,2960.535,4055.2861,5794.99,1886.581478,1476.562678,0.9,7.329,0.69,18.210004729256756,26.809143763565647,2.8107904947653584,13527.8933,0.0,-35.797917967054495
FY2021-22,2022,INDUSIND BANK LTD,401974.584807,70970.7772,239051.5346,1848.686847,21829.09286,774.6632,46922.56257,293681.3488,47323.2231,,401974.58477,30822.4423,7334.199139,38156.641439,15821.5978,9559.29043,15000.8445,8164.629939,12775.753209,4611.12327,18.42,16.8,1.62,5794.99,10102.871924,5995.600477,4385.107571,5517.153876,1476.562678,1529.826013,1.28,10.127366,0.64,10.745114510937913,14.62750466192384,12.444354413232794,15000.8445,0.0,62.57002804971952
FY2022-23,2023,INDUSIND BANK LTD,457804.054,83116.2036,289923.6828,1992.619188,26260.40688,775.8952,53845.7733,336438.1367,49011.2342,,457804.054,36367.9128,8166.3706,44534.2834,18775.7967,11412.007,17592.1161,6956.7683,14346.4797,7389.7114,17.86,16.37,1.49,5517.153876,6892.003459,2821.322314,3761.567591,5826.26743,1529.83,1714.959927,1.8,14.444471,0.59,13.888805736264498,14.558904770325686,21.28082895812542,17592.1161,0.0,60.25837886567713
FY2023-24,2024,INDUSIND BANK LTD,514935.1448,106526.705,343298.274,2197.745706,26110.80606,778.32,62018.78671,384792.9167,47611.4113,,514935.1448,45748.2137,9387.8427,55136.0564,25132.2943,14263.4912,20615.9194,6790.4906,15740.2709,8949.7803,17.23,15.82,1.41,5826.263554,6033.05,2695.34,2470.6,6693.373554,1714.959927,1968.899927,1.92,15.244207,0.57,12.479376340341442,14.372562062759764,18.40987624209358,20615.9194,0.0,21.11136437615142
FY2024-25,2025,INDUSIND BANK LTD,554018.4307,114496.8048,345018.6256,2355.790194,32981.4362,779.0545,63713.5237,411078.1394,53703.5526,,554018.4307,48667.6643,7684.1942,56351.8585,29636.3503,16070.6552,19031.314,8001.9575,10644.853,2642.8955,16.24,15.1,1.14,6693.373554,10547.73,2114.58,4080.14,11046.38355,1968.899927,3287.139927,0.5,4.152568,0.95,7.589943373389274,6.831004823431552,0.5011244536580639,19031.314,0.0,-70.46971644655903
FY2015-16,2016,INDUSTRIAL AND COMMERCIAL BANK OF CHINA,1571.166,362.1647,1139.8762,4.3777,15.5373,455.448,113.6136,657.7203,318.8876,25.4965,1571.166,106.2384,32.9142,139.1526,31.4404,36.884,74.798,38.5024,70.8282,32.3258,40.2,39.59,0.61,,48.0059,,,48.0059,,36.0044,2.66,5.84660445032698,3.16,,,,74.798,0.0,
FY2016-17,2017,INDUSTRIAL AND COMMERCIAL BANK OF CHINA,2032.4691,905.9154,681.1071,4.7266,37.6915,455.448,124.1733,621.8368,801.068,29.943,2032.4691,107.0147,39.9646,146.9793,51.4387,47.7915,55.576,37.1894,47.7491,10.5597,40.36,39.82,0.54,48.0059,0.8726,1.9403,,46.9382,36.0044,,0.68,1.83857529349484,,29.3605577004594,-5.4557385563437695,-40.24727422153388,55.57600000000001,-7.105427357601002e-15,-67.33352306826127
FY2017-18,2018,INDUSTRIAL AND COMMERCIAL BANK OF CHINA,2924.0617,1808.4255,879.5521,3.9288,69.3224,455.448,142.6154,1334.8912,935.8104,55.2967,2924.0617,173.1236,18.2629,191.3865,105.2921,43.0073,67.8315,24.6449,43.0871,18.4422,38.94,38.61,0.33,46.9382,0.2352,,,47.1734,,,0.69,3.13192486919462,,43.86746150285876,114.66905786212718,29.13565282170749,67.8315,0.0,74.6470070172448
FY2018-19,2019,INDUSTRIAL AND COMMERCIAL BANK OF CHINA,3588.8178,1904.2053,1250.9594,3.5854,187.3377,455.448,179.1822,1351.3777,1499.0246,103.7853,3588.8178,238.4298,27.9818,266.4116,160.8418,48.5982,77.588,20.4048,56.9716,36.5668,31.75,31.12,0.63,47.1734,2.8808,,,50.0542,,,1.06,5.93282872564602,,22.733997028858855,1.2350444740365285,42.22686751586404,77.588,0.0,98.27786272787414
FY2019-20,2020,INDUSTRIAL AND COMMERCIAL BANK OF CHINA,3426.8413,2688.6906,397.8407,2.2806,107.1119,455.448,210.9267,2118.8635,566.5845,,3426.8413,234.8633,36.1807,271.044,145.4199,53.2653,89.4434,40.6143,72.3588,31.7445,24.64,24.31,0.33,50.0542,36.7954,8.7866,42.8226,35.2404,,22.9062,0.9,4.879996993,5.76,-4.513366490770299,56.79284185316955,-68.19715332088315,89.4434,0.0,-13.18764562389928
FY2020-21,2021,INDUSTRIAL AND COMMERCIAL BANK OF CHINA,3563.4236,2916.3032,258.6692,0.9675,88.9378,455.448,266.4384,2597.7284,199.908,,3563.4236,229.446,40.6955,270.1415,95.9028,47.3609,133.5432,71.3661,126.8778,55.5117,32.55,32.19,0.36,35.2404,,,35.2404,,22.9062,,1.48,7.997,,3.9856616645772336,22.60008254425072,-34.98171504323213,133.5432,0.0,74.87029249161272
FY2021-22,2022,INDUSTRIAL AND COMMERCIAL BANK OF CHINA,3817.5893,2432.3024,317.3489,1.3357,327.6044,455.448,320.7543,1923.322,1074.6952,,3817.5893,164.5731,41.4608,206.0339,74.2688,57.2529,90.3043,20.1963,74.5122,54.3159,32.05,30.35,1.7,,,,,,,,1.58,7.25136,,7.132626612227644,-25.961389959011882,22.685228856006056,90.30430000000001,-1.4210854715202004e-14,-2.1541404784937157
FY2022-23,2023,INDUSTRIAL AND COMMERCIAL BANK OF CHINA,4359.4386,2958.6267,830.3558,1.8424,252.9677,455.448,335.5647,2488.6921,974.8841,,4359.4386,219.4126,11.1638,230.5764,147.2799,55.6611,72.1327,12.825,27.6354,14.8104,30.86,28.78,2.08,,,,,,,,0.36,1.890028,,14.193493784153265,29.395499037602658,161.65390836394894,72.1327,0.0,-72.73284618316184
FY2023-24,2024,INDUSTRIAL AND COMMERCIAL BANK OF CHINA,5709.333,3756.7718,1422.685,2.414,256.6975,455.448,384.9946,3095.06,1673.7041,,5709.333,324.8544,37.3071,362.1615,223.5188,51.2368,101.3356,37.976,87.4059,49.4299,21.91,21.04,0.87,,,,,,,,0.99,6.059608,,30.964867815777918,24.36492244259543,71.33438460958541,101.3356,0.0,233.75128288229897
FY2024-25,2025,INDUSTRIAL AND COMMERCIAL BANK OF CHINA,5784.1732,3581.4956,1456.2551,3.1183,193.2868,455.448,471.9498,3439.9456,1296.1781,,5784.1732,369.987,34.1899,404.1769,228.8908,61.1697,141.0962,51.8334,114.1164,62.283,26.79,24.29,2.5,,,,,,,,1.16,7.046224,,1.3108396374848175,11.143099002927247,2.3596298548167915,141.0962,0.0,26.002682586855318
FY2015-16,2016,INDUSTRIAL BANK OF KOREA,249.8664,14.3053,6.7662,4.3579,14.7152,218.47,5.0939,16.6205,4.7522,4.9298,249.8664,17.7141,1.9514,19.6655,0.718,10.663,16.9961,3.636,8.2845,4.6485,177.3,177.09,0.21,,,,,,,,1.94,2.07927129558931,,,,,16.9961,0.0,
FY2016-17,2017,INDUSTRIAL BANK OF KOREA,296.992,20.0873,84.5097,3.0566,10.4155,218.47,9.7686,57.2846,4.6514,6.8174,296.992,18.175,4.2235,22.3985,1.3351,12.1218,16.8399,4.2669,8.9416,4.6747,140.52,139.82,0.7,,,,,,,,1.67,2.06935552592117,,18.860318954449262,244.6623146114738,1148.9979604504742,16.8399,0.0,0.5636226739808459
FY2017-18,2018,INDUSTRIAL BANK OF KOREA,347.6797,21.6308,161.7068,2.4163,10.0928,218.47,15.633,103.9166,,9.6601,347.6797,20.4667,6.4497,26.9164,2.1922,13.1361,18.2745,5.7237,11.5881,5.8644,99.16,98.46,0.7,,,,,,,,1.78,2.53682558523827,,17.067025374420865,81.40407718653879,91.34702880261084,18.2745,0.0,25.44976148202025
FY2018-19,2019,INDUSTRIAL BANK OF KOREA,550.859,52.0391,193.0849,1.266,27.6396,392.6008,26.8402,110.6451,,20.7729,550.859,29.0998,8.4258,37.5256,2.4895,13.5517,26.6103,10.2772,21.4844,11.2072,121.65,120.83,0.82,,,,,,,,2.48,3.42966961673583,,58.438643383551,6.474903913330499,19.40431694894711,26.6103,0.0,91.10565445740401
FY2019-20,2020,INDUSTRIAL BANK OF KOREA,666.709,37.0685,203.764,0.9377,30.5176,392.6008,47.5169,205.8207,,,666.709,39.7919,10.9812,50.7731,2.3273,13.2934,37.4646,14.4757,35.1524,20.6767,105.32,104.67,0.65,,,,,,,,3.21,4.8110036,,21.03079009329065,86.01881149730082,5.530779465406144,37.4646,0.0,84.49478906417302
FY2020-21,2021,INDUSTRIAL BANK OF KOREA,783.8805,48.9666,237.6443,1.0527,59.8656,392.6008,62.2561,308.8655,,,783.8805,36.1765,9.2339,45.4104,3.5189,13.2945,32.6576,13.8578,28.597,14.7392,93.8,93.12,0.68,,,,,,,,2.04,3.294,,17.574609012327723,50.06532384740701,16.62722561394554,32.657599999999995,7.105427357601002e-15,-28.715897604550044
FY2021-22,2022,INDUSTRIAL BANK OF KOREA,825.2225,43.7677,250.7688,1.0104,99.1008,392.6008,73.8227,329.9953,,,825.2225,33.2379,6.7718,40.0097,3.9194,15.0755,29.3185,9.4482,21.0148,11.5666,89.53,88.94,0.59,,,,,,,,1.56,2.510984,,5.27401816986135,6.841100738023509,5.52274975667415,29.318500000000004,-3.552713678800501e-15,-21.524913156752067
FY2022-23,2023,INDUSTRIAL BANK OF KOREA,1105.688,61.678,441.792,1.5341,70.9695,392.6008,90.3504,588.7286,,,1105.688,44.9055,8.4889,53.3944,5.4003,18.2804,39.5052,13.186,29.7137,16.5277,70.02,69.42,0.6,,,,,,,,1.99,3.481808,,33.98665208474081,78.40514698239642,76.17502655832781,39.5052,0.0,42.89160168070134
FY2023-24,2024,INDUSTRIAL BANK OF KOREA,858.1551,67.4503,548.5597,1.3291,45.2376,392.6008,108.7061,331.4488,,,858.1551,60.2039,6.1449,66.3488,11.371,20.7177,48.8329,15.9044,34.2601,18.3557,66.36,65.61,0.75,,,,,,,,2.03,3.729855,,-22.38722858527904,-43.70091753653551,24.166960922787204,48.832899999999995,7.105427357601002e-15,11.06022011532155
FY2024-25,2025,INDUSTRIAL BANK OF KOREA,1169.078,67.438,600.0678,1.7012,69.3784,735.4138,129.1187,280.632,,,1169.078,64.4656,5.4856,69.9512,12.3879,22.3066,52.0777,14.8441,35.2567,20.4126,96.44,95.69,0.75,,,,,,,,2.1,2.989019,,36.23155068355359,-15.331719408849874,9.389698149535963,52.07769999999999,7.105427357601002e-15,11.205783489597243
FY2015-16,2016,JAMMU & KASHMIR BANK LTD,80268.0702,20353.6185,50193.2893,763.7156,5754.4422,48.4922,6375.4833,69390.2529,2240.0001,2213.8417,80268.0702,6843.5719,504.0273,7347.5992,4133.4838,1546.2022,2710.0881,1251.8817,1667.9132,416.0315,11.81,10.6,1.21,2764.08,2383.22,450.66,328.03,4368.61,1236.32,2163.95,0.57,6.63843243436749,4.31,,,,2710.0881,0.0,
FY2016-17,2017,JAMMU & KASHMIR BANK LTD,82018.672,21290.8892,49816.1129,1543.3146,3982.4191,52.1477,5624.3472,72463.0929,1276.0488,2603.0354,82018.672,6685.8002,492.856,7178.6562,4173.8622,1710.4628,2511.938,2926.6242,1294.3312,-1632.293,10.8,8.7,2.1,4368.61,3278.42,819.1,827.92,6000.01,2163.95,2425.37,-2.04,-26.9790007502518,4.87,2.1809441732411283,4.4283452957410985,-0.7514478633700472,2511.938,0.0,-492.34841592523645
FY2017-18,2018,JAMMU & KASHMIR BANK LTD,89687.6169,18880.0296,56912.7445,1614.5918,4027.3679,55.7002,6105.5145,80006.4981,1628.3357,1891.5684,89687.6169,6621.4004,495.3062,7116.7066,3750.6054,1984.2255,2870.795,1179.1559,1381.8757,202.7198,11.42,9.24,2.18,6000.01,3104.69,1486.27,1611.73,6006.7,2425.37,2791.12,0.25,3.42498349511801,4.9,9.350242710586665,10.409996176136161,14.245655043872363,2870.7950000000005,-4.547473508864641e-13,-112.41932667725709
FY2018-19,2019,JAMMU & KASHMIR BANK LTD,101406.2871,23160.503,66271.5072,1674.6948,4437.7065,55.7002,6570.3953,89638.8962,2623.9561,2517.3393,101406.2871,7675.5605,812.6265,8488.187,4291.6327,2478.658,3383.9278,1253.0155,1717.8963,464.8808,12.46,10.6,1.86,6006.7,2964.6,1442.09,1307.86,6221.35,2791.12,3239.61,0.49,7.2709708723575,4.89,13.066096084441735,12.039519699962975,16.444054459542002,3383.9277999999995,4.547473508864641e-13,129.32185213284546
FY2019-20,2020,JAMMU & KASHMIR BANK LTD,108872.097,23052.2425,64399.0687,2070.5182,9567.44,71.3594,6322.1239,97788.2315,2019.5765,,108872.097,8446.2889,545.9207,8992.2096,4739.6213,2727.5437,3706.6676,2664.4568,1525.0446,-1139.4122,11.41,9.88,1.53,6221.35,4053.79,2536.3127,67.1973,7671.63,3239.61,2181.36,-1.1,-17.50305778,3.48,7.362275173962063,9.091293674363632,-2.8254050331904756,3706.6675999999998,4.547473508864641e-13,-345.0977110691601
FY2020-21,2021,JAMMU & KASHMIR BANK LTD,120291.9459,30814.2439,66841.7318,2012.4103,11125.9671,71.3594,6754.2478,108061.1496,2015.1969,,120291.9459,8111.0875,692.0799,8803.1674,4340.3084,2878.5405,3770.7791,1152.1945,1584.3185,432.124,12.2,10.28,1.92,7671.62,1106.89,607.32,1216.44,6954.75,2243.82,1969.33,0.38,6.538,2.95,10.489233894337513,10.505270360677299,3.793009975624062,3770.7790999999997,4.547473508864641e-13,-137.92516878439602
FY2021-22,2022,JAMMU & KASHMIR BANK LTD,130602.4124,33834.9883,70400.675,1953.68,15628.0219,93.303,7920.363,114710.3799,2370.8173,,130602.4124,8013.4754,744.0074,8757.4828,4102.2458,3592.7774,3911.2296,560.8975,1062.4596,501.5621,13.23,11.73,1.5,6954.75,3130.87,2801.68,763.4,6520.54,1969.33,1750.1,0.42,6.759928,2.49,8.57120268764393,6.153210774281814,5.324432961505066,3911.2296000000006,-4.547473508864641e-13,16.069021854837963
FY2022-23,2023,JAMMU & KASHMIR BANK LTD,145962.2588,34829.1521,82285.4513,2271.5388,17697.4545,103.1623,9840.0757,122037.7383,2892.3058,,145962.2588,9355.1062,756.8107,10111.9169,4609.8253,3643.6014,4745.2809,661.1102,1858.4902,1197.38,15.38,12.34,3.04,6520.54,7446.61,7725.56,1037.16,5204.43,1750.1,1334.24,0.89,13.336152,1.62,11.760767751331368,6.387703019018587,16.88162265489641,4745.2809,0.0,138.73015923651332
FY2023-24,2024,JAMMU & KASHMIR BANK LTD,154526.5896,34986.7091,93762.5111,2257.4772,15342.4093,110.1326,12125.5497,134776.317,2885.0015,,154526.5896,11212.3623,825.4789,12037.8412,6008.6768,3752.2857,5203.6855,509.6105,2276.8787,1767.2682,15.33,13.09,2.24,5204.43,1111.62,1747.18,612.69,3956.18,1334.24,736.83,1.22,15.936467,0.79,5.8674967559490865,10.438229089992902,13.94786030662507,5203.6855000000005,-9.094947017729282e-13,47.59459820608327
FY2024-25,2025,JAMMU & KASHMIR BANK LTD,169468.4659,41212.6568,104198.7193,2191.2176,12106.0223,110.1326,14141.8109,148569.4591,2382.8443,,169468.4659,12535.863,1136.8121,13672.6751,6742.0429,4000.8392,5793.8201,847.3304,2929.793,2082.4626,16.29,13.95,2.34,3956.18,952.91,879.85,424.4,3604.84,736.83,818.03,1.32,15.724041,0.79,9.669453223990644,10.234099289120646,11.130470032814642,5793.820099999999,9.094947017729282e-13,17.835119762806784
FY2019-20,2020,JANA SMALL FINANCE BANK LIMITED,14144.530904,2650.034961,9956.610756,260.003133,297.582995,200.718603,842.78153,9651.94691,2898.729536,,14144.530904,1991.519177,433.246475,2424.765652,980.157939,1164.076422,1011.361238,250.396057,280.531291,30.135234,19.25,13.12,6.13,522.59,230.42,132.676991,299.52,320.813009,273.08,140.385317,0.26,2.887899392,1.41,,,,1011.3612379999998,1.1368683772161603e-13,
FY2020-21,2021,JANA SMALL FINANCE BANK LIMITED,19090.9052,4697.7852,11611.9172,212.057,309.3746,200.7273,926.1506,12385.9271,4815.3193,,19090.9052,2497.708,235.0801,2732.7881,1234.5784,1047.3113,1263.1296,366.5922,450.8984,84.3062,15.51,11.75,3.76,320.81,828.19,58.31,232.7,857.99,140.382246,618.672246,0.52,7.769,5.33,34.970225096692275,28.325686159415486,16.62519992561211,1263.1296,0.0,179.7595664928303
FY2021-22,2022,JANA SMALL FINANCE BANK LIMITED,20188.7086,5065.2606,13006.6746,171.647,408.0342,201.4116,999.2874,13536.4912,4509.832,,20188.7086,2726.5351,323.7632,3050.2983,1336.7509,1138.821,1389.7842,569.3206,574.7264,5.4058,15.26,11.83,3.43,857.984,1304.235,819.986,585.329,756.904,618.675,513.2584,0.03,0.4645,3.95,5.750399933891037,9.289285256652292,12.011430808342327,1389.7842,0.0,-93.5878974500096
FY2022-23,2023,JANA SMALL FINANCE BANK LIMITED,25643.6896,5221.2244,17759.5554,127.7487,447.8527,324.9787,1472.2765,16334.0158,6277.46,,25643.6896,3075.0103,624.8647,3699.875,1414.9901,1284.5104,1660.0202,744.4032,1000.3745,255.9713,15.57,13.02,2.55,756.904,1311.145,719.908,638.955,709.186,513.2584,468.0044,1.13,17.076398,2.64,27.01996005826741,20.666541710602225,36.541859823263366,1660.0202,0.0,4635.1233859928225
FY2023-24,2024,JANA SMALL FINANCE BANK LIMITED,32709.7825,6737.6897,23111.2739,141.591,666.5403,104.5903,3472.5085,22571.2488,5211.4591,,32709.7825,4013.8129,670.2434,4684.0563,1885.9047,1604.8397,2127.9082,523.7716,1193.3119,669.5403,20.3104,18.9663,1.3441,709.19,1110.96,1007.0275,318.7885,494.334,468.0044,130.02,2.3843,24.916122,0.5626,27.55489951024832,38.18554528397116,30.13430448827563,2127.9082,0.0,161.5685039689996
FY2024-25,2025,JANA SMALL FINANCE BANK LIMITED,38463.6165,5944.5806,27155.4759,153.1772,751.0627,105.0565,4013.2892,29119.7813,3866.8171,,38463.6165,4709.7939,775.861,5485.6549,2316.6562,1942.6279,2393.1377,724.9521,1226.3708,501.4187,20.6796,19.752,0.9276,494.334,1859.12,1251.5,352.35,749.604,130.02,254.18,1.4867,13.031572,0.94,17.59056025517747,29.0127168329295,17.498827704170814,2393.1376999999998,4.547473508864641e-13,-25.110004580754886
FY2015-16,2016,JPMORGAN CHASE BANK NATIONAL ASSOCIATION,30747.6573,11639.4598,10056.2918,2.1151,1166.6043,3107.499,3924.3888,16644.2263,4348.3694,2723.1738,30747.6573,1846.8768,786.8608,2633.7376,982.0956,236.2178,864.7812,712.3296,1415.4242,703.0946,17.47,16.94,0.53,,,,,,,,2.4,10.5248317806555,,,,,864.7812,0.0,
FY2016-17,2017,JPMORGAN CHASE BANK NATIONAL ASSOCIATION,44054.5526,10444.6378,8060.3058,9.7513,17062.0947,3107.499,4336.9276,16598.0546,2120.4311,17891.6403,44054.5526,1794.86,993.1339,2787.9939,797.3527,283.0239,997.5073,755.3305,1707.6173,952.2868,16.47,15.97,0.5,,64.85,,64.85,,,,2.54,13.1564813209639,,43.277753391638086,-0.27740370244785373,-19.848131296269667,997.5072999999999,1.1368683772161603e-13,35.442200807686476
FY2017-18,2018,JPMORGAN CHASE BANK NATIONAL ASSOCIATION,45144.6804,16067.2967,12511.4297,9.0016,9458.8112,4405.259,5379.5441,15498.4478,9566.1221,10295.3074,45144.6804,1570.343,1159.1259,2729.4689,593.0796,320.3636,977.2634,773.4092,1816.0257,1042.6165,17.19,16.86,0.33,,,,,,,,2.63,12.1028800260293,,2.4744952239056373,-6.6249137413971315,55.222767106429146,977.2634,0.0,9.485556242090109
FY2018-19,2019,JPMORGAN CHASE BANK NATIONAL ASSOCIATION,53772.0278,14472.2368,13800.1585,9.0149,11720.7375,5351.2013,6697.054,23738.4485,6390.7282,11594.5958,53772.0278,2370.0925,1130.3139,3500.4064,765.5561,396.6768,1604.5364,1020.6636,2338.1735,1317.5099,20.42,19.89,0.53,,,,,,,,2.61,12.0689449536763,,19.11044075084427,53.16661904684415,10.300411950522314,1604.5364000000002,-2.2737367544323206e-13,26.36572507724555
FY2019-20,2020,JPMORGAN CHASE BANK NATIONAL ASSOCIATION,92503.9237,34460.5233,14683.0206,6.2252,33528.7331,6570.341,7982.2358,28386.4592,16836.964,,92503.9237,2658.8885,937.42,3596.3085,697.4236,485.8089,1961.4649,1127.8942,2413.076,1285.1818,14.93,14.14,0.79,,,,,,,,2.17,9.662718784,,72.02982198116024,19.580094714277575,6.3974779709957685,1961.4649,0.0,-2.4537272926753673
FY2020-21,2021,JPMORGAN CHASE BANK NATIONAL ASSOCIATION,77150.6973,31198.4882,13258.2367,3.9193,17111.8799,6570.341,10027.2674,35089.6164,6952.5602,,77150.6973,3161.2723,1705.1531,4866.4254,604.8225,617.4786,2556.4498,1599.0927,3644.1243,2045.0316,23.95,22.27,1.68,,,,,,,,2.6,13.13,,-16.59737856071072,23.613925050574803,-9.703615753287165,2556.4498000000003,-4.547473508864641e-13,59.12391538691257
FY2021-22,2022,JPMORGAN CHASE BANK NATIONAL ASSOCIATION,90873.763,42022.0081,15876.2891,2.8357,11821.5272,6570.341,11507.5793,45265.8079,12197.39,,90873.763,3651.9408,538.6385,4190.5793,759.7605,697.7533,2892.1803,1252.7536,2733.0655,1480.3119,23.53,21.57,1.96,,,,,,,,1.8,8.538078,,17.787351482563984,29.000577789160452,19.746610799307884,2892.1803,0.0,-27.614228552751953
FY2022-23,2023,JPMORGAN CHASE BANK NATIONAL ASSOCIATION,121602.2393,66758.15,16097.4341,73.7935,15282.5707,6570.341,12079.8412,55596.8249,27761.1862,,121602.2393,4827.7405,877.1361,5704.8766,1290.3014,831.2722,3537.4391,1650.9523,3583.303,1932.3507,21.91,19.52,2.39,,,,,,,,2.07,10.522464,,33.81446446759335,22.823003673817112,1.3929262600792525,3537.4390999999996,4.547473508864641e-13,30.536726753328146
FY2023-24,2024,JPMORGAN CHASE BANK NATIONAL ASSOCIATION,126875.5062,91025.3464,12494.7364,73.0593,14098.117,6570.341,13694.3035,72053.6553,16272.3273,,126875.5062,6739.1617,1357.728,8096.8897,2469.0419,1005.235,4270.1198,2058.8875,4622.6128,2563.7253,21.51,18.92,2.59,,,,,,,,2.38,13.176085,,4.336488316625919,29.600306185830405,-22.380571199232314,4270.1197999999995,9.094947017729282e-13,32.67391369485881
FY2024-25,2025,JPMORGAN CHASE BANK NATIONAL ASSOCIATION,186602.3343,104956.765,15460.4667,45.6413,19709.9059,6570.341,17364.6229,81130.2623,59172.1499,,186602.3343,8173.9465,2324.6113,10498.5578,3076.3588,1098.6945,5097.5877,2608.8881,6323.5045,3714.6164,20.01,17.37,2.64,,,,,,,,2.93,16.808368,,47.075144674378436,12.597011160931348,23.735837276246997,5097.5877,0.0,44.89135790016192
FY2015-16,2016,JSC VTB BANK,111.9227,,55.51,0.5148,6.4357,110.5661,-3.3294,0.5049,,4.1811,111.9227,10.1095,0.7461,10.8556,,12.7055,10.1095,4.8525,-1.8499,-6.7024,102.49,101.59,0.9,21.55,,1.65,,19.9,18.32,12.65,-5.99,-6.06069922658808,22.78,,,,,,
FY2016-17,2017,JSC VTB BANK,125.8375,,22.9267,0.4624,3.3526,110.5661,-3.884,0.4791,,18.6763,125.8375,9.6877,1.5577,11.2454,,14.0386,9.6877,-2.2386,-2.7932,-0.5546,143.28,142.44,0.84,19.9,12.06,11.4,,20.56,12.65,12.51,-0.44,-0.518514501764221,54.56,12.432509222883304,-5.109922756981577,-58.6980724193839,,,-91.72535211267605
FY2017-18,2018,JSC VTB BANK,85.9844,,,0.3644,3.2033,110.5661,-26.4266,0.0364,,1.8085,85.9844,2.6292,0.0598,2.689,,13.5721,2.6292,11.6595,-10.8831,-22.5426,247.25,246.57,0.68,20.56,,0.75,,19.81,12.51,,-26.22,-23.6268850067288,,-31.67028906327606,-92.40242120642873,,,,3964.659213847818
FY2018-19,2019,JSC VTB BANK,74.453,,,0.2517,2.7248,110.5661,-37.1427,0.0364,,0.9932,74.453,0.0129,0.0355,0.0484,,10.7645,0.0129,,-10.7161,-10.7161,232.1,231.46,0.64,19.81,,,19.81,,,,-14.39,-13.6023137426387,,-13.41103735096133,0.0,,,,-52.462892479128406
FY2019-20,2020,JSC VTB BANK,86.57032,,,0.171455,10.926618,110.566124,-25.808259,0.051185,,,86.57032,2.610318,8.560073,11.170391,,7.497004,2.610318,-7.661094,3.673387,11.334481,295.01,294.18,0.83,,,,,,,,13.09,14.33100311,,16.2751265899292,40.618131868131854,,,,-205.77057884864826
FY2020-21,2021,JSC VTB BANK,253.611026,,,0.58135,6.443693,239.766124,12.769368,0.050419,,,253.611026,8.409069,53.485582,61.894651,,8.186006,8.409069,15.131019,53.708645,38.577626,394.9,394.9,,,,,,,,,15.21,22.875,,192.95378138835576,-1.4965321871642123,,,,240.35635156122282
FY2021-22,2022,JSC VTB BANK,300.463964,,,0.431185,4.711804,239.766124,59.534568,0.037419,,,300.463964,8.386759,84.522474,92.909233,,8.903913,8.386759,37.24012,84.00532,46.7652,587.48,587.48,,,,,,,,,15.56,16.948943,,18.474330055350173,-25.783930661060307,,,,21.223633616023953
FY2022-23,2023,JSC VTB BANK,3721.5038,152.933,,1.2813,4.7945,239.7661,65.2865,36.7866,,,3721.5038,10.571,9.8911,20.4621,,10.1805,10.571,4.5298,10.2816,5.7518,116.72,116.72,,,,,,,,,0.15,1.903456,,1138.5857360252362,98209.94949090034,,,,-87.70068341416267
FY2023-24,2024,JSC VTB BANK,1480.421,271.1483,,14.3009,11.8073,239.7661,107.1709,653.5525,,,1480.421,40.2332,53.6198,93.853,,18.507,40.2332,33.4616,75.346,41.8844,188.29,188.29,,,,,,,,,1.2,12.84818,,-60.21981759094267,1676.6047963117003,,,,628.1963906950867
FY2024-25,2025,JSC VTB BANK,2626.9429,288.1872,,7.4475,11.6926,239.7661,202.5518,1915.165,,,2626.9429,109.0193,84.7493,193.7686,,38.5224,109.0193,59.8653,155.2462,95.3809,193.76,193.76,,,,,,,,,5.28,24.169859,,77.44566579371678,193.039197310086,,,,127.7241646054378
FY2015-16,2016,KARNATAKA BANK LTD,56500.3349,16256.6531,33902.4484,306.6385,2989.6711,188.4658,3502.1184,50488.2095,1051.4795,1270.0617,56500.3349,4992.2103,542.8597,5535.07,3689.3377,991.201,1302.8726,439.2399,854.5313,415.2914,12.03,10.56,1.47,944.21,1125.07,583.76,305.12,1180.4,623.55,795.47,0.76,11.7319842336156,2.35,,,,1302.8725999999997,2.2737367544323206e-13,
FY2016-17,2017,KARNATAKA BANK LTD,64038.599,20219.7317,36915.6985,720.5699,2908.5661,282.6157,4859.9658,56733.1082,832.6221,1330.2872,64038.599,5185.4007,809.3385,5994.7392,3694.7773,1304.1613,1490.6234,543.5393,995.8006,452.2613,13.3,12.21,1.09,1180.4,1348.37,489.17,458.01,1581.59,795.47,974.73,0.74,10.240070555905,2.64,13.341981270273862,12.369023900520792,8.888001434138303,1490.6234,0.0,8.902158821492566
FY2017-18,2018,KARNATAKA BANK LTD,70373.6754,15444.4493,47251.7507,761.6021,3314.8599,282.6175,5127.5344,62871.285,815.9704,1276.2681,70373.6754,5423.7502,954.3443,6378.0945,3566.0975,1338.825,1857.6527,1147.5642,1473.172,325.6078,12.04,11.29,0.75,1581.59,2119.87,609.64,715.75,2376.07,974.73,1400.51,0.49,6.17106085519037,2.96,9.89259056088967,10.819390995397637,27.999069826621326,1857.6527000000006,-4.547473508864641e-13,-28.004496515620502
FY2018-19,2019,KARNATAKA BANK LTD,79045.7552,16184.9887,54828.201,774.996,3647.821,282.6176,5502.5653,68452.1228,3325.511,1482.9385,79045.7552,5905.9622,1001.9557,6907.9179,4000.8359,1457.2714,1905.1263,972.5708,1449.8106,477.2398,13.17,11.17,2.0,2376.07,1447.86,468.28,899.27,2456.38,1400.51,1616.71,0.64,8.52569054031327,2.95,12.322903060993195,8.876608454877278,16.034221352141365,1905.1263,0.0,46.568908975767776
FY2019-20,2020,KARNATAKA BANK LTD,83313.4876,17545.3422,56964.2718,826.4189,5057.9641,310.8795,5659.5641,71785.154,4065.118,,83313.4876,6474.7699,1261.6254,7736.3953,4444.4124,1635.2176,2030.3575,1224.9888,1656.7653,431.7765,12.88,10.66,2.22,2456.3781,1998.584,564.1912,1090.8365,2799.9344,1616.7114,1755.0114,0.53,7.345869657,3.08,5.399065881781828,4.869142202847798,3.89593450275707,2030.3575,0.0,-9.526301033568451
FY2020-21,2021,KARNATAKA BANK LTD,85615.4289,21635.1854,51515.8462,838.3603,6310.4708,310.8795,6331.4755,75654.8616,1764.88,,85615.4289,6232.4147,1404.2016,7636.6163,4049.2268,1679.1091,2183.1879,1425.711,1908.2804,482.5694,14.85,12.34,2.51,2799.9344,1346.37,404.49,1153.4,2588.4144,1755.6849,1645.0522,0.57,7.652,3.19,2.7629875621723476,5.390679526855946,-9.564636618421584,2183.1879000000004,-4.547473508864641e-13,11.763701822586459
FY2021-22,2022,KARNATAKA BANK LTD,91583.9932,22040.9973,56783.1402,818.1604,7504.9368,311.1737,6783.5564,80386.8454,2313.8433,,91583.9932,6221.6637,953.877,7175.5407,3730.6279,1810.9172,2491.0358,1125.3761,1633.9956,508.6195,15.66,12.65,3.01,2588.4144,1552.8644,1215.398,675.06,2250.8208,1645.0522,1376.9662,0.56,7.405057,2.42,6.97136529792004,6.254698904901579,10.224609297012766,2491.0358,0.0,5.398208009044936
FY2022-23,2023,KARNATAKA BANK LTD,99058.3385,23326.3666,59951.6221,875.2196,8745.6628,312.3524,7901.0089,87368.0122,1562.72,,99058.3385,7220.2312,992.5753,8212.8065,4035.1274,1969.4539,3185.1038,1027.9824,2208.2252,1180.2428,17.45,14.18,3.27,2250.8208,1836.6384,1288.2934,506.2579,2292.9079,1376.9662,1021.2679,1.21,15.419856,1.7,8.161191752883745,8.684464187221351,5.579969492423387,3185.1038000000003,-4.547473508864641e-13,132.04827970614573
FY2023-24,2024,KARNATAKA BANK LTD,116084.5729,24302.0533,71508.6408,927.91,11292.6836,377.2598,10471.2396,97988.2232,4399.5333,,116084.5729,8298.5095,1318.9168,9617.4263,4999.777,2454.3368,3298.7325,857.0282,2163.3125,1306.2843,18.0,16.17,1.83,2292.9079,1650.2005,937.4684,427.22,2578.42,1021.2679,1129.177,1.19,13.705738,1.58,17.188088007351343,12.155720077147404,19.277241040655667,3298.7325,0.0,10.679285652070924
FY2024-25,2025,KARNATAKA BANK LTD,120961.7843,24536.5115,76541.4846,990.5356,10908.9351,377.9465,11707.3753,104807.4852,1940.55,,120961.7843,9013.604,1269.5127,10283.1167,5703.2214,2752.8564,3310.3826,554.6711,1827.0389,1272.3678,19.85,18.35,1.5,2578.42,1206.77,1054.58,328.53,2402.08,1129.177,1004.547,1.05,11.095995,1.31,4.201429421807346,6.959266917292162,7.038091821764847,3310.382599999999,9.094947017729282e-13,-2.596410291389095
FY2015-16,2016,KARUR VYSYA BANK LTD,58984.7177,14442.6722,39084.383,420.1184,2145.9463,121.8645,4451.0865,50078.9012,2894.2397,1438.6258,58984.7177,5443.4319,706.7841,6150.216,3662.0339,1185.1241,1781.398,735.4235,1303.058,567.6345,12.17,11.26,0.91,677.78,1133.41,357.42,942.59,511.18,280.97,216.17,1.03,12.8730171392241,0.55,,,,1781.3979999999997,2.2737367544323206e-13,
FY2016-17,2017,KARUR VYSYA BANK LTD,61807.6206,14857.4848,40907.7223,418.6081,1278.7136,121.8645,4913.8324,53699.8112,1695.65,1376.4625,61807.6206,5622.3519,782.2152,6404.5671,3548.6487,1284.9508,2073.7032,964.9849,1570.9676,605.9827,12.54,11.85,0.69,511.18,1330.83,94.43,263.77,1483.81,216.17,1033.46,1.0,12.6132751726702,2.53,4.785820819483222,7.230410239112817,4.665135176881252,2073.7031999999995,4.547473508864641e-13,6.755790918275761
FY2017-18,2018,KARUR VYSYA BANK LTD,66941.4325,15803.2077,44800.1452,528.1915,1500.669,145.3279,6118.859,56890.0906,2393.9865,1393.1685,66941.4325,5699.6533,899.9337,6599.587,3401.539,1420.7224,2298.1143,1431.6534,1777.3256,345.6722,14.43,13.92,0.51,1483.81,2091.75,197.33,362.47,3015.76,1033.46,1862.83,0.53,6.11815494952258,4.16,8.306114764107253,5.9409508687434665,9.515129860945581,2298.1142999999997,4.547473508864641e-13,-42.95675437599127
FY2018-19,2019,KARUR VYSYA BANK LTD,69340.1144,14881.5854,48580.814,582.9858,1597.6837,159.8622,6262.9426,59867.9519,1565.3396,1484.0181,69340.1144,5815.8201,962.7718,6778.5919,3453.0013,1614.8089,2362.8188,1499.9143,1710.7817,210.8674,16.0,14.28,1.72,3015.76,2342.92,461.66,447.45,4449.57,1862.83,2420.34,0.31,3.32415130373263,4.98,3.583254511322287,5.234411245602755,8.438965505852858,2362.8188,0.0,-38.997871393765536
FY2019-20,2020,KARUR VYSYA BANK LTD,68278.170077,15762.44573,46098.108163,586.636862,1438.42677,159.864144,6440.411041,59075.078623,1184.175525,,68278.170077,5989.985754,1154.618178,7144.603932,3642.044323,1741.710994,2347.941431,1525.823885,1760.848615,235.02473,17.17,15.27,1.9,4449.57,1602.25,877.73,961.32,4212.77,2420.34,1808.65,0.32,3.609357084,3.92,-1.531500679208575,-1.3243701376729367,-5.110465701542177,2347.941431,0.0,11.456171034498453
FY2020-21,2021,KARUR VYSYA BANK LTD,74623.187784,16018.9253,50363.5056,539.0597,1381.358384,159.864144,6799.8753,63278.4342,2528.2891,,74623.187784,5470.427,918.8302,6389.2572,3110.9126,1986.8312,2359.5144,932.1241,1291.5134,359.3893,18.98,16.95,2.03,4212.77,959.35,410.31,618.94,4142.87,1808.65,1719.39,0.49,5.301,3.41,9.292893614232,7.1152771608220755,9.252868733610109,2359.5143999999996,4.547473508864641e-13,52.91552510240092
FY2021-22,2022,KARUR VYSYA BANK LTD,80071.322003,17216.064194,54661.201919,478.487566,2789.396042,160.002334,7436.196918,68486.005568,1339.093068,,80071.322006,5587.673689,769.053534,6356.727223,2872.296659,1854.219757,2715.37703,956.943449,1630.210807,673.267358,19.21,17.27,1.94,4142.87,842.73,675.89,878.67,3431.04,1719.39,1260.79,0.86,9.250758,2.31,7.300859666796677,8.229614771346515,8.53335419725032,2715.37703,0.0,87.3365061230259
FY2022-23,2023,KARUR VYSYA BANK LTD,90179.42349,18808.32361,63134.14089,435.041014,3106.789266,160.410693,8423.642874,76637.58312,1432.01203,,90179.42349,6516.549691,1158.937076,7675.486767,3167.738272,2031.962906,3348.811419,1369.693773,2475.785589,1106.091816,18.56,16.79,1.77,3431.04,479.24,560.14,1891.99,1458.15,1260.79,468.15,1.27,13.67212,0.74,12.623872360470445,11.902544884014699,15.500828144166444,3348.811419,0.0,64.28715915854637
FY2023-24,2024,KARUR VYSYA BANK LTD,105453.2584,22343.52482,73667.48228,432.880897,3350.808241,160.8754,9879.197831,89112.72313,2478.350194,,105453.2584,8213.163562,1649.466126,9862.629688,4394.741627,2638.750006,3818.421935,1224.330184,2829.138055,1604.807871,16.67,15.46,1.21,1458.15,499.23,261.71,654.03,1041.64,468.15,297.97,1.63,17.233644,0.4,16.937161847895066,16.278096858125444,16.684065454145426,3818.4219349999994,4.547473508864641e-13,45.08812449255115
FY2024-25,2025,KARUR VYSYA BANK LTD,119367.4177,23831.25456,84004.53626,490.172998,3234.733256,161.024932,11768.51826,102077.9901,1216.982269,,119367.4177,9678.040212,1829.552234,11507.59245,5418.116654,2877.147153,4259.923558,1270.691913,3212.328639,1941.636726,18.17,17.12,1.05,1041.64,481.85,185.11,696.58,641.8,297.97,166.21,1.72,17.675654,0.2,13.194622443264393,14.549288266150185,14.032044614624217,4259.9235579999995,9.094947017729282e-13,20.988733984094466
FY2015-16,2016,KBC BANK N.V.,428.0765,,,,30.1248,160.3949,99.8976,37.4037,120.9154,9.4649,428.0765,29.1371,13.19,42.3271,12.9652,16.7883,16.1719,-1.7345,12.5736,14.3081,119.42,95.58,23.84,,,,,,,,,,,,,,16.1719,0.0,
FY2015-16,2016,KEB HANA BANK,671.6869,51.5736,164.031,4.771,199.1618,310.2549,0.393,162.225,,198.814,671.6869,23.7148,10.77,34.4848,6.3858,13.8236,17.329,8.5394,14.2754,5.736,100.85,100.07,0.78,,,,,,,,1.21,1.84646347198871,,,,,17.329,0.0,
FY2016-17,2017,KEB HANA BANK,978.1732,61.0156,224.3622,3.192,110.1717,643.4574,14.5692,216.7025,,103.4441,978.1732,39.6465,15.0955,54.742,12.8388,16.847,26.8077,10.88,25.0562,14.1762,163.43,162.84,0.59,,,,,,,,1.63,2.92692746634705,,45.629340098787075,33.58144552319309,36.780364687162795,26.807700000000004,-3.552713678800501e-15,147.14435146443515
FY2017-18,2018,KEB HANA BANK,1221.3702,90.5063,270.5052,1.852,126.3668,643.4574,36.0235,426.1075,,115.7818,1221.3702,60.4675,9.4672,69.9347,15.2399,15.2264,45.2276,18.0141,39.4684,21.4543,92.11,91.69,0.42,,,,,,,,1.96,3.20810163681325,,24.86236588775894,96.63248001292095,20.566298601101263,45.2276,0.0,51.34027454465937
FY2018-19,2019,KEB HANA BANK,1721.2512,161.2554,487.943,1.1128,243.5179,643.4574,36.9996,783.1592,,257.635,1721.2512,80.6178,16.1786,96.7964,34.4457,18.81,46.1721,42.5647,43.5407,0.976,65.36,64.8,0.56,,53.51,,,53.51,,31.4,0.1,0.143550672424086,6.7,40.927885746680225,83.79380790058848,80.38211465066105,46.1721,0.0,-95.45079541164242
FY2019-20,2020,KEB HANA BANK,2262.5911,121.934,911.9439,5.169,286.7623,643.4574,42.0787,1151.5267,98.3645,,2262.5911,104.1252,17.7337,121.8589,53.7238,29.1293,50.4014,33.9268,39.0058,5.079,42.3,41.69,0.61,53.5097,,0.1,,53.4097,31.403,20.6625,0.3,0.743634796,2.35,31.450371683110532,47.03609432156319,86.89558001651834,50.40140000000001,-7.105427357601002e-15,420.3893442622951
FY2020-21,2021,KEB HANA BANK,2545.0828,121.5179,973.7247,3.8648,390.6152,1015.4901,73.6445,925.2846,,,2545.0828,103.5683,18.1024,121.6707,34.745,33.7482,68.8233,21.6116,53.1775,31.5659,59.94,59.33,0.61,53.4097,,,13.0,40.4097,20.6625,16.53,1.55,3.557,1.7,12.48531827072068,-19.647143222992568,6.774627255031795,68.82329999999999,1.4210854715202004e-14,521.498326442213
FY2021-22,2022,KEB HANA BANK,2531.6453,200.0132,1440.4365,2.7996,159.136,1015.4901,97.1992,1128.389,126.33,,2531.6453,99.3737,25.5987,124.9724,32.3143,35.2822,67.0594,33.821,57.3759,23.5549,46.95,46.33,0.62,40.41,,,,40.41,16.53,11.81,1.04,2.139581,0.0,-0.5279788932603724,21.950478804035,47.930570108779214,67.0594,0.0,-25.378652279833613
FY2022-23,2023,KEB HANA BANK,3971.9683,216.0258,2220.4187,2.2081,387.1667,1015.4901,122.3625,2391.6581,41.085,,3971.9683,167.4533,23.7052,191.1585,78.4091,38.7693,89.0442,48.8168,73.9801,25.1633,31.08,30.54,0.54,40.41,,,,40.41,11.81,,0.86,2.236199,,56.89276455907941,111.9533334692203,54.14901663488811,89.04420000000002,-1.4210854715202004e-14,6.82830324051471
FY2023-24,2024,KEB HANA BANK,3786.695,324.9337,2580.3225,1.5175,41.0734,1015.4901,172.2505,2216.5393,326.6478,,3786.695,261.3914,26.6787,288.0701,159.0453,42.7169,102.3461,36.4199,86.3079,49.888,30.96,30.45,0.51,40.41,,,,40.41,,,1.34,4.290346,,-4.664521114128728,-7.322066644893777,16.208825839919292,102.34609999999998,2.842170943040401e-14,98.25698537155301
FY2024-25,2025,KEB HANA BANK,5204.7287,373.3836,2749.2708,1.3775,67.9264,1015.4901,263.6123,3563.4418,279.1688,,5204.7287,301.0384,33.8769,334.9153,182.7722,47.6929,118.2662,13.0883,104.4502,91.3619,30.95,30.43,0.52,40.41,,22.05,18.36,,,,1.99,7.407192,,37.4477928642259,60.76601032970632,6.547565275270806,118.26620000000003,-2.842170943040401e-14,83.1340202052598
FY2019-20,2020,KOOKMIN BANK,652.4338,56.5003,138.0,11.0709,12.1862,355.8625,0.2376,290.2071,,,652.4338,26.3557,0.2436,26.5993,3.9354,20.4985,22.4203,1.9749,2.1654,0.1905,110.13,109.83,0.3,,,,,,,,0.04,0.053496194,,,,,22.420299999999997,3.552713678800501e-15,
FY2020-21,2021,KOOKMIN BANK,1275.5058,535.6663,288.5632,9.0012,30.7051,355.8625,3.4769,903.3971,,,1275.5058,59.6528,2.0497,61.7025,24.3215,23.1884,35.3313,10.9533,14.1926,3.2393,64.88,64.59,0.29,,,,,,,,0.31,0.906,,95.49965069253001,211.29393457293082,109.10376811594205,35.3313,0.0,1600.4199475065618
FY2021-22,2022,KOOKMIN BANK,1856.6649,808.8085,690.8915,6.4943,42.0579,355.8625,11.0185,1375.819,96.0,,1856.6649,96.572,-11.1362,85.4358,43.0808,25.5883,53.4912,9.2251,16.7667,7.5416,50.35,49.87,0.48,,,,,,,,0.46,2.076945,,45.56303076003261,52.29393585611466,139.42467369366568,53.4912,0.0,132.81573179390608
FY2022-23,2023,KOOKMIN BANK,2534.7558,1302.0211,1026.2031,4.1183,52.4849,355.8625,7.4809,1862.7096,274.825,,2534.7558,159.1152,-23.3825,135.7327,104.2285,27.5779,54.8867,3.1044,3.9263,0.8219,43.9,43.27,0.63,,,,,,,,0.03,0.225109,,36.52198627765302,35.389146392076285,48.53317778551336,54.88669999999999,7.105427357601002e-15,-89.10178211520102
FY2023-24,2024,KOOKMIN BANK,3066.6675,1852.742,1023.7587,2.5893,64.0186,355.8625,15.0732,1315.1027,1349.2628,,3066.6675,221.9306,8.8439,230.7745,180.9059,30.3627,41.0247,15.4825,19.5059,4.0234,35.02,34.45,0.57,,10.3568,,,10.3568,,,0.13,1.095878,,20.98473154692062,-29.39840434601293,-0.23819846188342098,41.024699999999996,7.105427357601002e-15,389.5242730259155
FY2024-25,2025,KOOKMIN BANK,3602.8621,1901.5737,1359.909,20.4619,66.9171,355.8625,21.8317,1802.7207,1374.7012,,3602.8621,235.1347,13.0423,248.177,192.1745,52.0449,42.9602,4.492,3.9576,-0.5344,29.41,28.85,0.56,10.3568,,,10.3568,,,,-0.02,-0.142767,,17.484601770488652,37.07832095546608,32.83491510255298,42.960200000000015,-1.4210854715202004e-14,-113.28229855346224
FY2015-16,2016,KOTAK MAHINDRA BANK LTD.,192259.7905,51260.2202,118665.2952,1551.5922,9902.9675,917.1911,23045.2827,138643.0224,20975.3382,8678.9561,192259.7905,16384.1838,2612.2341,18996.4179,9483.81,5471.5197,6900.3738,1951.3092,4041.0882,2089.779,16.34,15.28,1.06,1237.23,2866.06,976.06,289.12,2838.11,609.08,1261.96,1.19,10.9680809288755,1.06,,,,6900.373799999999,9.094947017729282e-13,
FY2016-17,2017,KOTAK MAHINDRA BANK LTD.,214589.9576,45074.1873,136082.1288,1537.6279,9324.0037,920.4489,26697.4877,157425.8599,21095.4809,8450.6802,214589.9576,17698.9329,3477.1584,21176.0913,9572.7841,5618.4953,8126.1488,2573.3141,5984.8119,3411.4978,16.77,15.9,0.87,2838.11,1797.13,634.37,422.26,3578.61,1261.96,1718.07,1.73,13.2278815679993,1.26,11.61457996075368,13.54762553127955,14.67727659603042,8126.148799999999,9.094947017729282e-13,63.246821793117846
FY2017-18,2018,KOTAK MAHINDRA BANK LTD.,264933.3976,64562.3468,169717.9249,1527.1602,9505.8577,952.8243,36530.9996,192643.2709,25154.1531,9652.1497,264933.3976,19748.4956,4052.2082,23800.7038,10216.8077,6425.7223,9531.6879,3073.8704,7158.1738,4084.3034,18.22,17.56,0.66,3578.61,1858.21,1204.1,407.34,3825.38,1718.07,1665.05,1.73,12.5474437822615,0.98,23.46029635452056,22.37079157285262,24.717276542193535,9531.687899999999,1.8189894035458565e-12,19.721706987470423
FY2018-19,2019,KOTAK MAHINDRA BANK LTD.,312172.0909,71189.085,205694.8097,1651.5501,8961.1057,1454.3774,41446.0755,225880.363,32248.2914,11142.9836,312172.0909,23890.0533,4657.1813,28547.2346,12684.2487,7514.8008,11205.8046,3482.8534,8348.1851,4865.3317,17.45,16.93,0.52,3825.38,1995.24,1133.12,219.56,4467.94,1665.05,1544.37,1.69,12.105182490116,0.75,17.830403311900156,17.25318094149948,21.198046594782504,11205.8046,0.0,19.122680748937505
FY2019-20,2020,KOTAK MAHINDRA BANK LTD.,360251.683802,75051.5457,219748.1867,1623.13053,10536.52179,1456.519169,47558.784314,262820.519907,37993.311187,,360251.683802,26929.6142,5372.107683,32301.721883,13429.9488,8850.935998,13499.6654,4073.655256,10020.837085,5947.181829,17.89,17.27,0.62,4467.940147,3394.974772,1899.537739,936.485513,5026.891667,1544.373665,1557.887395,1.87,12.94050566,0.71,15.401630800301636,16.353859368908473,6.832149542565724,13499.6654,0.0,22.23589666044765
FY2020-21,2021,KOTAK MAHINDRA BANK LTD.,383488.6238,105099.187832,223688.622101,1535.269714,13539.012267,1490.917834,62236.053075,280100.04521,23650.645527,,383488.6238,26840.26768,5459.189189,32299.456869,11500.620741,8584.138,15339.646939,5249.861538,12214.698128,6964.83659,22.26,21.38,0.88,5026.891667,5488.317706,2461.656571,628.044311,7425.508491,1557.887395,2705.172788,1.85,12.355,1.21,6.450196083128201,6.574648474599476,1.7931594613699753,15339.646939,0.0,17.11154611143133
FY2021-22,2022,KOTAK MAHINDRA BANK LTD.,429428.395455,100580.2168,271253.6018,1643.7169,13026.924855,1492.33088,70964.14098,311684.1134,25967.1169,,429428.39546,27038.8194,6354.3537,33393.1731,10220.9122,11121.3885,16817.9072,3478.182192,12050.8724,8572.690208,22.69,21.67,1.02,7425.508491,4316.13,4042.31,1229.59,6469.738491,2705.172788,1736.712788,2.13,12.589916,1.21,11.979435321909015,11.275995391689552,21.263924491216834,16817.9072,0.0,23.085302824025057
FY2022-23,2023,KOTAK MAHINDRA BANK LTD.,489862.4774,121403.7287,319861.2074,1920.3232,14134.91027,1493.278291,82026.97168,363096.0526,23416.2684,,489862.4774,34250.8509,7083.0509,41333.9018,12698.9356,13786.9937,21551.9153,3908.6774,14847.9725,10939.2951,21.8,20.78,1.02,6469.738491,3989.925541,3900.97,790.37,5768.324032,1736.712788,1193.302788,2.47,14.02683,0.64,14.073145275120247,16.494886004671173,17.919616652994442,21551.915299999997,3.637978807091713e-12,27.606327005628795
FY2023-24,2024,KOTAK MAHINDRA BANK LTD.,600357.0457,155403.7587,376075.2659,2155.296469,13934.3225,993.9604,95645.50269,448953.7451,28368.0956,,600357.0457,45798.911,10273.1007,56072.0117,19805.7109,16678.846,25993.2001,5805.8724,19587.4548,13781.5824,20.55,19.25,1.3,5768.324032,5001.107355,3236.732705,2257.921384,5274.777298,1193.304984,1270.566389,2.61,15.299294,0.34,22.556242496151647,23.64599997306609,17.574515821076698,25993.200100000002,-3.637978807091713e-12,25.982362428452998
FY2024-25,2025,KOTAK MAHINDRA BANK LTD.,693624.1783,181907.4474,426909.2008,2358.856727,16669.51987,994.1115,116151.505,499055.1352,48442.7559,,693624.1783,52919.7287,14961.135,67880.8637,24577.9512,18776.4395,28341.7775,8076.3945,24526.473,16450.0785,22.25,21.1,1.15,5274.777298,6378.624693,2776.419627,2743.131758,6133.850606,1270.566389,1343.434968,2.65,15.389361,0.31,15.535277426660832,11.159588409010922,13.516957776616167,28341.7775,0.0,19.362769982059547
FY2015-16,2016,KRUNG THAI BANK PUBLIC COMPANY LIMITED,410.4472,103.7943,2.9227,0.1283,15.8642,35.8445,32.1432,333.8268,,8.6327,410.4472,27.0687,0.7395,27.8082,12.9888,3.5159,14.0799,5.273,11.3035,6.0305,41.61,40.39,1.22,,,,,,,,1.6,9.33189626824733,,,,,14.0799,0.0,
FY2016-17,2017,KRUNG THAI BANK PUBLIC COMPANY LIMITED,451.9448,78.2114,7.412,1.6564,17.726,35.8445,39.0499,368.8308,,8.2196,451.9448,28.4477,0.5831,29.0308,13.1856,3.6733,15.2621,5.2652,12.1719,6.9067,43.98,42.74,1.24,,,,,,,,1.62,9.6676910543728,,10.11033818722602,10.485677003763637,153.60112224997434,15.2621,0.0,14.529475167896532
FY2017-18,2018,KRUNG THAI BANK PUBLIC COMPANY LIMITED,490.1782,78.2361,2.5718,2.411,15.087,35.8445,45.053,400.7394,,8.5413,490.1782,27.6873,0.5484,28.2357,13.7543,3.7822,13.933,4.6961,10.6992,6.0031,40.92,39.8,1.12,,,,,,,,1.33,7.70656240793007,,8.459749951764017,8.651284003396675,-65.30221262817054,13.933,0.0,-13.082948441368526
FY2018-19,2019,KRUNG THAI BANK PUBLIC COMPANY LIMITED,523.2015,93.883,3.829,1.6468,9.7844,35.8445,26.3839,452.0992,,8.8739,523.2015,32.7062,0.678,33.3842,14.5778,5.2273,18.1284,6.0445,13.5791,7.5346,72.13,70.88,1.25,,,,,,,,1.46,10.5286324837084,,6.73699891182431,12.816259144970532,48.884050081654884,18.128400000000003,-3.552713678800501e-15,25.511818893571657
FY2019-20,2020,KRUNG THAI BANK PUBLIC COMPANY LIMITED,528.6444,414.0242,1.82,2.0054,8.1728,35.8445,26.1321,458.0815,,,528.6444,29.6586,1.0997,30.7583,14.7366,6.4312,14.922,4.1914,9.5905,5.3991,65.43,64.18,1.25,,,,,,,,1.02,8.693852904,,1.0403066504969916,1.323227291709439,-52.46800731261426,14.922,0.0,-28.342579566267624
FY2020-21,2021,KRUNG THAI BANK PUBLIC COMPANY LIMITED,515.9059,300.9257,,1.6207,6.0812,35.8445,28.0738,447.9572,,,515.9059,19.5789,0.4669,20.0458,9.3725,7.4023,10.2064,1.3643,3.271,1.9067,101.74,100.49,1.25,,,,,,,,0.37,3.029,,-2.4096538240072185,-2.2101525601885275,,10.2064,0.0,-64.68485488322128
FY2021-22,2022,KRUNG THAI BANK PUBLIC COMPANY LIMITED,63.8567,19.9478,,0.7775,4.7293,35.8445,27.0796,0.5599,,,63.8567,6.292,0.3416,6.6336,1.6836,6.0262,4.6084,-0.082,-1.0762,-0.9942,164.42,163.17,1.25,,,,,,,,-0.52,-1.567615,,-87.6224133121951,-99.87501038045599,,4.6084,0.0,-152.14244506214928
FY2022-23,2023,KRUNG THAI BANK PUBLIC COMPANY LIMITED,61.4549,,,0.0933,2.7861,35.8445,25.2955,,,,61.4549,2.2328,0.0169,2.2497,,3.9644,2.2328,0.0694,-1.7147,-1.7841,232.72,231.47,1.25,,,,,,,,-2.86,-2.876094,,-3.761234138312808,,,,,79.45081472540735
FY2023-24,2024,KRUNG THAI BANK PUBLIC COMPANY LIMITED,62.3813,,,0.0026,1.3983,35.8445,26.0837,,,,62.3813,3.3102,0.0004,3.3106,,2.7202,3.3102,-0.1978,0.5904,0.7882,278.62,277.37,1.25,,,,,,,,1.28,1.280916,,1.5074469244926059,,,,,-144.17913794069838
FY2015-16,2016,LAKSHMI VILAS BANK LTD,28670.4801,6545.4046,19643.739,366.9987,745.7265,179.4616,1584.1325,25430.9615,723.0078,752.9167,28670.4801,2568.2991,304.5324,2872.8315,1922.9934,542.714,645.3057,226.8883,407.1241,180.2358,10.67,8.69,1.98,454.62,196.9,191.01,69.26,391.25,302.49,231.64,0.69,10.8584394659974,1.18,,,,645.3057000000001,-1.1368683772161603e-13,
FY2016-17,2017,LAKSHMI VILAS BANK LTD,35244.7205,8651.7303,23728.9114,359.119,881.0833,191.4467,1944.895,30553.3535,1773.1321,781.8932,35244.7205,2846.6575,502.7678,3349.4253,2064.0036,651.3659,782.6539,377.9837,634.0558,256.0721,10.38,8.75,1.63,391.25,597.2,256.75,91.5,640.19,231.64,418.42,0.83,13.1321187389803,1.76,22.930346394862088,20.142344991556847,20.796307668310998,782.6538999999998,2.2737367544323206e-13,42.07615801078364
FY2017-18,2018,LAKSHMI VILAS BANK LTD,40429.226,10767.7483,25768.2017,402.4535,1475.8589,255.9938,2071.6745,33309.4829,4012.7803,779.2945,40429.226,3041.6217,346.8078,3388.4295,2251.021,782.0297,790.6007,940.2449,355.3788,-584.8661,9.81,8.05,1.76,640.19,2916.02,589.99,272.01,2694.21,418.42,1457.89,-1.57,-26.2036196155475,5.66,14.710020185860184,9.020709952509808,8.59411654257347,790.6007,0.0,-328.39899387711506
FY2018-19,2019,LAKSHMI VILAS BANK LTD,33046.1629,8430.1653,20103.2593,469.9543,1873.6712,319.9032,1572.6731,29279.4408,921.259,952.8868,33046.1629,2839.8939,250.3179,3090.2118,2279.7513,822.4266,560.1426,882.131,-11.9661,-894.0971,7.72,5.72,2.0,2694.21,1412.21,486.79,260.64,3358.99,1457.89,1506.29,-2.32,-42.3718141834717,7.49,-18.261697861838854,-12.09878313661844,-21.984236486320263,560.1426000000001,-1.1368683772161603e-13,52.872101836642614
FY2019-20,2020,LAKSHMI VILAS BANK LTD,24421.5151,5383.8295,13827.8904,463.4213,2906.2495,336.7138,893.0912,21443.1941,755.7,,24421.5151,2206.6855,351.3447,2558.0302,1778.9629,794.5235,427.7226,820.5884,-15.4562,-836.0446,1.12,-0.88,2.0,3358.99,1553.24,659.92,19.0,4233.31,1506.29,1387.86,-2.61,-53.5517298928225,10.04,-26.09878740263669,-26.763648778428852,-31.215679041656696,427.72260000000006,-5.684341886080802e-14,-6.492863023490402
FY2015-16,2016,MASHREQ BANK PSC,355.078,111.4517,163.8687,0.5346,10.2871,48.3812,119.0352,151.814,23.3142,12.5334,355.078,16.4545,27.9993,44.4538,0.4698,17.2862,15.9847,6.7634,26.6978,19.9344,45.38,44.65,0.73,0.0006,,,0.0006,,,,5.59,12.6608455298598,,,,,15.9847,0.0,
FY2016-17,2017,MASHREQ BANK PSC,375.1835,131.0392,214.1526,0.7079,13.5522,48.3812,134.8449,120.2697,56.633,15.0547,375.1835,17.2596,28.2055,45.4651,1.0481,19.5127,16.2115,9.0946,24.9043,15.8097,43.26,42.47,0.79,,,,,,,,3.97,9.01756062086028,,5.662277020823603,-20.778254969897368,30.6854817301901,16.211499999999997,3.552713678800501e-15,-20.69136768601012
FY2017-18,2018,MASHREQ BANK PSC,637.8782,160.8027,425.0944,2.446,12.9146,48.3812,151.5532,172.301,239.4983,26.1445,637.8782,20.4723,32.0114,52.4837,2.077,21.887,18.3953,11.8114,28.5197,16.7083,37.27,36.39,0.88,,,,,,,,3.58,8.72130608452593,,70.01765802600595,43.26218490609022,98.50069529858614,18.3953,0.0,5.683852318513338
FY2018-19,2019,MASHREQ BANK PSC,594.7775,169.1667,321.3651,2.4464,13.9396,225.8979,172.4092,172.1815,,24.2889,594.7775,28.237,35.4586,63.6956,3.28,25.357,24.957,14.2026,35.0586,20.856,77.2,76.33,0.87,,,,,,,,3.73,6.97243504504452,,-6.756885562165316,-0.0693553722845408,-24.40147411963084,24.956999999999997,3.552713678800501e-15,24.82418917543976
FY2019-20,2020,MASHREQ BANK PSC,973.8245,356.266,524.9905,2.4516,16.2976,226.7056,197.424,267.4373,264.2064,,973.8245,54.6159,23.5705,78.1864,14.9574,26.2803,39.6585,11.9339,36.9487,25.0148,49.21,48.3,0.91,,,,,,,,2.79,6.083094298,,63.72920966243678,55.32290054390279,63.36263645305604,39.658500000000004,-7.105427357601002e-15,19.940544687380136
FY2020-21,2021,MASHREQ BANK PSC,807.5829,168.5019,514.6079,14.6423,16.0446,226.7056,211.634,166.3931,169.9807,,807.5829,43.155,14.6554,57.8104,7.3608,27.2791,35.7942,8.9605,23.1705,14.21,46.12,45.21,0.91,,,,,,,,1.84,3.295,,-17.071002013196424,-37.78238861968768,-1.9776738817178674,35.794200000000004,-7.105427357601002e-15,-43.19362937141212
FY2021-22,2022,MASHREQ BANK PSC,1394.58,319.4862,321.2922,16.1963,17.7126,977.5406,228.3422,172.031,,,1394.58,44.4013,15.4193,59.8206,3.4678,29.9137,40.9335,9.7309,26.4391,16.7082,160.66,159.65,1.01,,,,,,,,1.91,2.032353,,72.68567722273464,3.3883015581775977,-37.5656300651428,40.9335,0.0,17.580577058409563
FY2022-23,2023,MASHREQ BANK PSC,1476.2111,367.9724,1022.1883,14.4864,14.7963,977.5406,262.4927,127.5859,80.0,,1476.2111,87.0876,17.8601,104.9477,2.4393,33.8067,84.6483,34.5512,68.7017,34.1505,69.51,68.55,0.96,,,,,,,,2.35,2.792451,,5.853454086535015,-25.835518017101577,218.1491178435082,84.64829999999999,1.4210854715202004e-14,104.39365102165401
FY2023-24,2024,MASHREQ BANK PSC,1556.8027,253.5829,1131.5571,22.6981,24.6339,977.5406,307.4731,234.0124,,,1556.8027,115.6251,14.2612,129.8863,5.2372,44.8485,110.3879,34.8202,79.8006,44.9804,66.31,65.43,0.88,,,,,,,,3.0,3.562738,,5.459354695273588,83.41556551311706,10.699476798942031,110.3879,0.0,31.712273612392217
FY2024-25,2025,MASHREQ BANK PSC,3148.9396,389.7749,2563.0641,21.2171,29.541,977.5406,351.3154,413.2737,1339.4885,,3148.9396,165.1287,17.0821,182.2108,47.4505,64.1937,117.6782,28.8774,70.5666,41.6892,36.71,36.14,0.57,,,,,,,,1.97,3.189845,,102.2696646145334,76.60333384042897,126.50771224890023,117.6782,0.0,-7.3169647224124335
FY2015-16,2016,MIZUHO BANK LTD,14597.215,4084.8977,9278.6842,104.4368,169.0312,3044.3353,1183.7822,5330.2088,4836.6924,202.1963,14597.215,768.4917,68.7645,837.2562,243.9938,213.3717,524.4979,116.0129,379.8907,263.8778,25.8,25.37,0.43,136.6188,0.2198,130.4986,,6.34,69.4341,,2.09,6.44204820561291,,,,,524.4979000000001,-1.1368683772161603e-13,
FY2016-17,2017,MIZUHO BANK LTD,12970.3631,3243.5558,7686.2537,89.4152,185.387,3044.3353,1349.9592,6103.9762,2278.5108,193.5816,12970.3631,848.9179,71.8376,920.7555,369.2609,245.7068,479.657,139.6108,305.7878,166.177,30.37,29.97,0.4,6.34,,,,6.34,,,1.15,3.85453629448465,,-11.144947169716957,14.516643325492229,-17.16224483639609,479.65700000000004,-5.684341886080802e-14,-37.0250168828147
FY2017-18,2018,MIZUHO BANK LTD,13625.7749,2879.2094,8890.2778,90.821,334.2936,3044.3353,1546.7032,5213.2816,3478.4218,343.033,13625.7749,818.1878,157.966,976.1538,348.9215,248.9155,469.2663,181.5728,378.3168,196.744,28.8,28.39,0.41,6.34,,,,6.34,,,1.41,4.37922556682095,,5.0531492059771255,-14.59203920224984,15.66464167062296,469.26630000000006,-5.684341886080802e-14,18.394242283829886
FY2018-19,2019,MIZUHO BANK LTD,16947.883,3538.9156,11160.586,60.8751,540.2565,3044.3353,1743.6612,6830.485,4760.001,569.4005,16947.883,967.4653,133.9338,1101.3991,436.8826,264.4383,530.5827,203.1201,400.0782,196.9581,24.44,23.93,0.51,6.34,,,,6.34,,,1.25,4.19996513500589,,24.38105813710456,31.020833403666504,25.536977033496065,530.5826999999999,1.1368683772161603e-13,0.10882161590697326
FY2019-20,2020,MIZUHO BANK LTD,22178.373,5220.9618,9415.5444,59.7253,1149.6255,3044.3353,2145.9837,14505.955,1473.3772,,22178.373,1197.4133,322.0453,1519.4586,600.1481,262.8284,597.2652,254.1596,656.4821,402.3225,19.41,18.83,0.58,6.34,,,,6.34,,,2.04,8.063936243,,30.862202671566695,112.37079065395798,-15.635752459593055,597.2651999999999,1.1368683772161603e-13,104.26806513669659
FY2020-21,2021,MIZUHO BANK LTD,18863.9323,4721.9778,8471.5214,61.0079,951.8619,3044.3353,2393.7443,11962.3382,588.2709,,18863.9323,973.7163,203.6009,1177.3172,405.9033,309.2138,567.813,214.4395,462.2001,247.7606,20.21,19.58,0.63,6.34,,,,6.34,,,1.21,4.662,,-14.944471805934544,-17.534983391303783,-10.026217921079539,567.8130000000001,-1.1368683772161603e-13,-38.417413890597714
FY2021-22,2022,MIZUHO BANK LTD,20492.6881,5580.313,8731.5507,53.1543,1098.6272,3044.3353,2587.9563,13144.7779,638.7918,,20492.6881,833.1072,273.9841,1107.0913,369.2829,338.8313,463.8243,204.7651,398.9771,194.212,18.64,17.91,0.73,6.34,,,,6.34,,,0.91,3.508681,,8.634232640879436,9.884687092361254,3.069452200167966,463.82430000000005,-5.684341886080802e-14,-21.613040975845244
FY2022-23,2023,MIZUHO BANK LTD,27984.2127,5741.7097,13201.9457,53.3357,1272.4815,3044.3353,2870.9328,18501.6016,2113.8633,,27984.2127,1451.3622,326.3678,1777.73,861.5717,413.6173,589.7905,219.5645,502.541,282.9765,18.21,17.39,0.82,6.34,,,,6.34,,,1.07,4.901061,,36.557061540403765,40.75248544138583,51.19817949405024,589.7905000000001,-1.1368683772161603e-13,45.70495129034251
FY2023-24,2024,MIZUHO BANK LTD,36445.5,11826.0791,18170.1933,49.8188,2733.4901,7144.3353,3310.3172,21817.8742,1760.4928,,36445.5,2181.8554,419.4615,2601.3169,1273.9482,556.7029,907.9072,331.2814,770.6658,439.3844,23.37,22.44,0.93,6.34,,,,6.34,,,1.4,5.368192,,30.235931204167834,17.924246082566153,37.63269227807837,907.9071999999999,1.1368683772161603e-13,55.272398944788726
FY2024-25,2025,MIZUHO BANK LTD,50670.7267,22168.0106,20882.2192,60.3474,3013.9975,7144.3353,4075.2812,28882.3757,7959.6705,,50670.7267,3301.3425,550.0729,3851.4154,2098.1252,503.2601,1203.2173,519.9214,1250.0301,730.1087,21.95,20.71,1.24,6.34,,,6.34,,,,1.57,6.737101,,39.0315037521779,32.3794217311969,14.925685463126026,1203.2173000000003,-2.2737367544323206e-13,66.16627718234875
FY2015-16,2016,"MUFG BANK, LTD.",19204.4379,7641.9806,7553.2385,59.0225,632.7165,2207.3356,1777.9962,8367.1279,6301.9144,550.0638,19204.4379,1215.2856,286.3092,1501.5948,702.8906,237.0346,512.395,372.2856,561.6696,189.384,20.71,19.14,1.57,97.65,,,,97.65,45.72,0.97,1.04,4.86768268807614,,,,,512.395,0.0,
FY2016-17,2017,"MUFG BANK, LTD.",19984.2227,6602.9893,9280.2193,39.5415,497.6025,2207.3356,2309.4147,11326.9806,3740.7777,399.7141,19984.2227,1290.6571,392.3596,1683.0167,722.1594,251.0481,568.4977,178.3906,709.8092,531.4186,23.02,22.64,0.38,97.65,10.25,,97.65,10.25,0.97,0.86,2.61,12.5009025730297,0.01,4.0604406338807575,35.374775375430815,22.864110540134554,568.4976999999999,1.1368683772161603e-13,180.6037468846365
FY2017-18,2018,"MUFG BANK, LTD.",23959.0425,9477.3801,8765.7709,45.5697,2325.2181,2207.3356,2622.4483,10730.663,6266.4841,2132.1115,23959.0425,1263.8333,315.0808,1578.9141,737.1973,254.4322,526.636,274.2511,587.2846,313.0335,23.82,23.53,0.29,10.25,70.0,5.12,,75.13,0.86,53.35,1.42,6.69838665973105,0.6,19.889789358682442,-5.264576863493531,-5.543493999112725,526.636,0.0,-41.09474150885949
FY2018-19,2019,"MUFG BANK, LTD.",30522.3553,10378.9886,12045.2036,42.028,3423.5462,2207.3356,3007.2941,15917.53,6348.774,3041.4216,30522.3553,1503.7115,388.3487,1892.0602,948.89,284.787,554.8215,273.5373,658.3832,384.8459,21.27,20.62,0.65,75.13,,5.13,,70.0,52.5,,1.62,7.66288437186617,,27.39388604532089,48.33687349980145,37.41180025592503,554.8214999999999,1.1368683772161603e-13,22.940803460332514
FY2019-20,2020,"MUFG BANK, LTD.",37289.9289,11960.1361,13255.11,32.9566,6731.1661,2207.3356,3452.2545,19585.0027,5994.926,,37289.9289,1716.6291,389.8956,2106.5247,1035.3938,327.8711,681.2353,298.2995,743.2598,444.9603,19.68,18.74,0.94,70.0,,70.0,,,,,1.63,8.183765055,,22.172514321003266,23.040463564384673,10.044715225901202,681.2353,0.0,15.620382080204065
FY2020-21,2021,"MUFG BANK, LTD.",32921.9808,11619.3345,13427.9711,44.1669,4570.9761,2207.3356,3895.376,19088.9673,3481.6101,,32921.9808,1363.439,397.5152,1760.9542,648.8925,379.2526,714.5465,289.6875,732.8091,443.1216,22.39,21.14,1.25,,,,,,,,1.55,7.535,,-11.713479292796404,-2.5327308226513523,1.3041091322516296,714.5465,0.0,-0.41322787673417904
FY2021-22,2022,"MUFG BANK, LTD.",34703.7708,12875.3517,15294.5679,59.5299,3474.0587,2207.3356,4266.5733,23487.8744,1170.3539,,34703.7708,1275.8582,386.1164,1661.9746,622.9799,387.5667,652.8783,280.2305,651.428,371.1975,22.89,21.64,1.25,,,,,,,,1.22,5.902977,,5.412159161456054,23.044238228644254,13.900810376334505,652.8782999999999,1.1368683772161603e-13,-16.231233142324818
FY2022-23,2023,"MUFG BANK, LTD.",37040.97,7502.6239,17368.2625,60.9697,5705.0101,5463.0523,4519.2795,18880.0422,1593.7212,,37040.97,1797.5244,449.409,2246.9334,930.4414,462.8294,867.083,345.2397,853.6626,508.4229,24.28,23.56,0.72,,,,,,,,1.55,6.179089,,6.73471252870308,-19.617919108082425,13.558373231322207,867.083,0.0,36.96829854726933
FY2023-24,2024,"MUFG BANK, LTD.",41292.9134,11164.9119,18066.0221,52.6708,7324.3091,5953.9697,4430.5894,22222.1484,764.4528,,41292.9134,2484.8972,628.0002,3112.8974,1334.7463,911.3465,1150.1509,464.5775,866.8046,402.2271,22.8733,21.8932,0.98,,22.6739,22.6739,,,,,1.07,3.949813,,11.479028221993094,17.701794119930515,4.017440431937258,1150.1508999999999,2.2737367544323206e-13,-20.887296775971343
FY2024-25,2025,"MUFG BANK, LTD.",45326.588,10631.5317,21153.3133,42.7625,9616.8059,6133.2737,5018.1183,22347.9905,1600.169,,45326.588,2795.9549,840.0218,3635.9767,1457.3997,807.4968,1338.5552,654.6901,1371.0802,716.3901,16.5097,15.8482,0.66,,,,,,,,1.68,6.652969,,9.76844273719859,0.5662913312198148,17.08893735937589,1338.5552000000002,-2.2737367544323206e-13,78.10587600885171
FY2015-16,2016,NAINITAL BANK LTD,6084.3948,1381.4084,2686.0836,17.9595,198.5139,67.5,457.9405,5310.5866,0.1154,248.2523,6084.3948,536.1198,28.9361,565.0559,359.2821,122.2972,176.8377,36.5066,83.4766,46.97,15.69,15.25,0.44,77.41,57.54,15.49,0.09,119.37,,27.73,0.8,9.20868082363288,1.05,,,,176.83770000000004,-2.842170943040401e-14,
FY2016-17,2017,NAINITAL BANK LTD,7699.6854,2104.4842,3208.2034,32.7218,206.6846,77.5,511.9628,6852.7851,,257.4375,7699.6854,559.6518,52.4409,612.0927,374.4865,127.8277,185.1653,61.3176,109.7785,48.4609,12.78,12.47,0.31,121.04,87.48,43.63,0.62,164.27,27.73,39.51,0.73,8.69329205501499,1.25,26.548089877402447,29.040078171402016,19.437957925062356,185.1653,0.0,3.17415371513734
FY2017-18,2018,NAINITAL BANK LTD,8114.6898,1704.7612,3363.9324,33.8096,136.4473,77.5,544.0608,7331.8728,0.0028,161.2534,8114.6898,617.2881,35.4748,652.7629,411.4114,143.6744,205.8767,48.7892,97.6771,48.8879,14.95,14.51,0.44,164.27,47.89,31.21,13.47,167.48,39.51,38.25,0.63,8.07381458131782,1.16,5.389887747881228,6.991138537235031,4.8540874933303835,205.87669999999997,2.842170943040401e-14,0.8811227195532956
FY2018-19,2019,NAINITAL BANK LTD,8101.7595,1533.5285,3515.7469,32.7123,193.9919,77.5,566.278,7286.1906,,171.7909,8101.7595,653.2058,29.0949,682.3007,425.8822,147.1098,227.3236,82.42,109.3087,26.8887,14.85,14.41,0.44,167.48,252.91,31.21,0.96,388.22,38.25,199.52,0.34,4.25003959413874,5.77,-0.159344353495805,-0.6230631824381883,4.513006860661051,227.32359999999994,5.684341886080802e-14,-44.999273848948306
FY2019-20,2020,NAINITAL BANK LTD,8438.6275,1676.2168,3828.9883,41.2825,276.543,77.5,504.799,7679.4296,0.006,,8438.6275,687.0203,40.673377,727.693677,453.03,162.4323,233.9903,180.2977,112.231377,-68.066323,12.94,12.45,0.49,388.22,181.68,33.87,,536.03,199.52,184.14,-0.79,-11.10310739,4.89,4.157960996003407,5.397045199448947,8.909668668128523,233.99030000000005,-5.684341886080802e-14,-353.1409960317903
FY2020-21,2021,NAINITAL BANK LTD,8182.2651,2319.015,3647.7004,32.8365,261.9908,77.5,511.5491,7412.5888,,,8182.2651,593.1299,45.9919,639.1218,362.1528,161.8007,230.9771,113.9067,115.1683,1.2616,13.67,12.88,0.79,536.03,176.94,62.3,,650.67,184.14,206.93,0.02,0.215,5.77,-3.037963223284834,-3.4747476557373425,-4.73461619091392,230.9771,0.0,-101.85348634154956
FY2021-22,2022,NAINITAL BANK LTD,8337.8588,2291.0966,3916.8277,75.4622,391.208,77.5,545.7824,7485.8785,,,8337.8588,561.9884,40.6377,602.6261,312.11,190.2134,249.8784,71.3701,100.3027,28.9326,13.63,12.71,0.92,650.67,129.97,152.82,119.87,507.95,206.93,163.61,0.34,4.773051,4.25,1.9015969062161187,0.9887193526774363,7.377999026455129,249.87839999999994,5.684341886080802e-14,2193.325935320228
FY2022-23,2023,NAINITAL BANK LTD,8656.674066,2130.238684,4317.03818,81.485386,386.403094,117.44625,647.340903,7681.82732,,,8656.674066,587.733911,14.824507,602.558418,308.719529,216.903454,279.014382,30.626748,76.935435,46.308687,16.24,15.23,1.01,507.95,122.34,178.93,8.1,443.26,163.61,78.33,0.54,6.672387,1.84,3.8237067051315243,2.6175794864958135,10.217719814430426,279.014382,0.0,60.05712241554508
FY2023-24,2024,NAINITAL BANK LTD,9306.822126,1989.073448,4517.844418,79.058523,548.641995,117.44625,700.287754,8267.744392,,,9306.822126,692.132618,62.7864,754.919018,372.045785,275.589828,320.086833,60.1868,107.283405,47.096605,15.22,14.26,0.96,443.26,97.25,92.84,49.0,398.67,78.33,41.88,0.52,5.952098,0.94,7.510367781473071,7.627313757425114,4.651481632251864,320.08683299999996,5.684341886080802e-14,1.7014475059506706
FY2024-25,2025,NAINITAL BANK LTD,9360.482216,1856.886222,4663.9371,74.558068,616.229848,117.44625,759.730247,8255.818818,,,9360.482216,710.414141,41.439938,751.854079,399.589902,263.238177,310.824239,38.41615,89.026,50.60985,16.76,15.84,0.92,398.67,65.01,73.95,3.53,386.2,41.88,25.92,0.61,5.971979,0.56,0.5765672672532807,-0.14424217095463376,3.2336811205347704,310.824239,0.0,7.45965659308141
FY2015-16,2016,NATIONAL AUSTRALIA BANK,823.2032,93.5092,103.0771,1.6775,13.0867,700.35,29.3731,0.4107,88.0396,5.0298,823.2032,55.7567,7.6745,63.4312,0.2359,37.5625,55.5208,11.8366,25.6328,13.7962,225.17,225.02,0.15,,,,,,,,1.86,1.90865022022275,,,,,55.5208,0.0,
FY2016-17,2017,NATIONAL AUSTRALIA BANK,764.7013,116.0328,242.238,0.4762,17.7557,700.35,44.9818,0.4721,12.0,6.8974,764.7013,53.4043,4.9729,58.3772,0.7169,34.7176,52.6874,7.3341,22.9427,15.6086,228.15,227.84,0.31,,,,,,,,2.05,2.11635512684986,,-7.106617175443453,14.950085220355502,135.006611555816,52.6874,0.0,13.136950754555588
FY2017-18,2018,NATIONAL AUSTRALIA BANK,781.5838,70.1901,175.0,0.7477,16.9204,700.35,54.8737,20.4458,,5.9143,781.5838,53.6627,2.2914,55.9541,3.3085,32.59,50.3542,10.1637,20.0556,9.8919,169.7,169.53,0.17,,,,,,,,1.19,1.31843174077867,,2.2077247678276457,4230.819741580173,-27.75699931472354,50.3542,0.0,-36.62532193790603
FY2018-19,2019,NATIONAL AUSTRALIA BANK,771.8053,,,0.5612,6.4658,700.35,65.6333,,,5.822,771.8053,53.6078,0.4333,54.0411,0.6646,32.8131,52.9432,9.8038,20.5634,10.7596,591.83,591.83,,,,,,,,,1.35,1.41461352728458,,-1.2511134442653504,,,52.9432,0.0,8.77182341107372
FY2015-16,2016,NATIONALISED BANKS,6206450.2535,1522080.5913,3744277.3975,69868.1714,260886.9869,17546.2041,336419.9832,5245635.9003,438584.7741,168263.3918,6206450.2535,475672.0357,48470.3805,524142.4162,349508.4528,93429.709,126163.5829,110786.6222,81204.2544,-29582.3678,,,,204959.47,295184.89,43025.49,39131.08,417987.79,122722.57,251480.76,,,,,,,126163.58289999998,1.4551915228366852e-11,
FY2016-17,2017,NATIONALISED BANKS,6413413.9757,1612897.7882,3688836.494,70148.4982,297755.0107,20337.6573,338385.4981,5492165.2332,387256.7198,175268.8673,6413413.9757,456316.428,71042.5722,527359.0002,331008.1633,96900.3794,125308.2647,109456.5037,99450.4575,-10006.0462,,,,417987.78,216016.78,72884.22,54152.0,506921.66,251567.86,286156.54,,,,3.3346552980632937,4.699703478960493,-1.4806836570660398,125308.2647,0.0,-66.17564128859219
FY2022-23,2023,NATWEST MARKETS PLC,4853.0284,4366.5418,,,233.8153,2802.821,-342.6227,,1853.9607,,4853.0284,190.5038,0.62,191.1238,101.5265,78.1593,88.9773,93.4864,11.438,-82.0484,348.15,347.71,0.44,,,,,,,,-1.69,-3.280332,,,,,88.97730000000001,-1.4210854715202004e-14,
FY2023-24,2024,NATWEST MARKETS PLC,4717.2607,4340.2043,,,54.6642,2802.821,-429.3053,,1881.8254,,4717.2607,272.5885,0.9589,273.5474,165.9717,31.0736,106.6168,163.1847,76.5021,-86.6826,313.42,313.12,0.3,,,,,,,,-1.79,-3.586584,,-2.797587172578675,,,106.61680000000001,-1.4210854715202004e-14,5.648129640553612
FY2024-25,2025,NATWEST MARKETS PLC,4619.508,4382.9197,,,9.9046,2802.821,-369.4643,,1928.5297,,4619.508,264.9874,3.776,268.7634,167.8669,-72.606,97.1205,111.8858,173.5025,61.6167,378.4,371.04,7.36,,,,,,,,1.31,2.563692,,-2.0722344219813893,,,97.12049999999999,1.4210854715202004e-14,-171.08312394875097
FY2023-24,2024,NONGHYUP BANK,329.7237,,108.0,13.48,9.1971,327.52,-0.2906,0.2756,,,329.7237,19.9611,0.203,20.1641,0.0031,18.874,19.958,1.5776,1.287,-0.2906,123.01,122.8,0.21,,,,,,,,-0.1,-0.088806,,,,,19.958,0.0,
FY2024-25,2025,NONGHYUP BANK,342.8379,,138.0,12.9735,5.9007,327.52,-0.8611,13.4496,,,342.8379,22.8357,0.1571,22.9928,0.4306,22.2335,22.4051,0.8992,0.3287,-0.5705,82.86,82.69,0.17,,,,,,,,-0.17,-0.174495,,3.9773301100284764,4780.11611030479,27.777777777777768,22.4051,0.0,96.31796283551273
FY2019-20,2020,NORTH EAST SMALL FINANCE BANK LIMITED,2067.31661,353.152422,1348.281517,28.440942,61.34295,293.384995,71.885247,890.139759,749.987481,,2067.31661,305.437798,19.664639,325.102437,136.72955,132.619818,168.708248,43.16396,55.753069,12.589109,24.98,23.26,1.72,14.2984,20.370134,0.2514,8.1321,26.285034,4.4136,16.2114,0.65,3.446519194,1.2,,,,168.708248,0.0,
FY2020-21,2021,NORTH EAST SMALL FINANCE BANK LIMITED,2258.3451,313.6792,1654.6629,30.4795,58.1389,293.385,79.0677,1277.2308,584.9333,,2258.3451,314.4135,17.9631,332.3766,139.1212,141.9899,175.2923,44.083,51.2655,7.1825,21.22,20.18,1.04,26.285,170.0752,4.6978,,191.6624,16.2114,112.451,0.32,1.947,6.81,9.240408028260383,43.486546588466666,22.723843584366232,175.2923,0.0,-42.94671688044007
FY2021-22,2022,NORTH EAST SMALL FINANCE BANK LIMITED,2351.9985,277.2158,1627.2284,28.3079,141.2989,307.6114,-34.3584,1528.7836,444.85,,2351.9985,314.1593,14.2314,328.3907,122.0555,142.0695,192.1038,187.4655,64.2657,-123.1998,17.05,15.09,1.96,191.6624,97.4369,18.5673,80.6088,189.9232,112.451,57.435,-5.5,-38.159737,3.56,4.146992414932527,19.695171773183027,-1.658011429397499,192.10379999999998,2.842170943040401e-14,-1815.277410372433
FY2022-23,2023,NORTH EAST SMALL FINANCE BANK LIMITED,2710.4395,348.2944,1603.2595,28.6131,175.989,346.8468,-243.6006,2039.63,430.75,,2710.4395,297.6867,37.5915,335.2782,141.3309,177.8895,156.3558,229.0637,16.0578,-213.0059,5.5,2.75,2.75,189.9232,266.5174,10.7107,98.3983,347.3316,57.435,27.1638,-7.68,-113.150785,1.71,15.239848154665058,33.41521978650217,-1.4729892865685046,156.35579999999996,2.842170943040401e-14,72.89468002383121
FY2023-24,2024,NORTH EAST SMALL FINANCE BANK LIMITED,1686.547571,550.19055,802.430926,27.370753,73.990429,469.380361,-408.465649,1519.574124,78.25,,1686.547571,195.829386,55.535319,251.364705,124.256147,174.593859,71.573239,105.184754,-47.485301,-152.670055,11.31,7.15,4.16,347.331611,255.24899,503.376969,,99.203632,27.163795,67.059588,-6.28,-186.000496,8.36,-37.77586361916582,-25.497559655427704,-49.95002830171909,71.573239,0.0,-28.325903179207714
FY2024-25,2025,NORTH EAST SMALL FINANCE BANK LIMITED,4329.898556,778.138965,2904.865898,72.693148,233.83068,1072.337899,-519.490548,2418.381216,1139.530801,,4329.898556,409.233275,194.481376,603.714651,200.538011,481.150157,208.695264,138.72353,-77.973517,-216.697047,20.3,15.68,4.62,99.203632,194.866194,23.753644,85.552497,184.763685,67.059588,135.595512,-7.78,-70.612721,4.67,156.73148095269468,59.14861787946584,262.00821826251496,208.69526399999998,2.842170943040401e-14,41.9381469404724
FY2015-16,2016,ORIENTAL BANK OF COMMERCE,239768.0025,66234.2961,148879.9891,2271.9013,10769.3866,321.3975,14619.746,208914.8168,10123.874,5788.1682,239768.0025,20168.4992,1766.2819,21934.7811,14793.9333,3458.779,5374.5659,3525.9906,3682.0688,156.0782,11.76,9.1,2.66,7666.22,10371.43,1668.27,1667.7,14701.68,4816.24,9932.15,0.07,1.08687700722987,6.7,,,,5374.565899999998,1.8189894035458565e-12,
FY2016-17,2017,ORIENTAL BANK OF COMMERCE,253064.725,59229.2649,157706.0021,2358.4564,16344.7661,346.1704,13775.1945,219339.3867,14592.1856,5011.7878,253064.725,18422.3252,2765.5204,21187.8456,13512.8324,3504.8821,4909.4928,5264.2019,4170.1311,-1094.0708,11.64,8.88,2.76,14701.78,12222.3,1756.49,2308.32,22859.27,9932.15,14117.83,-0.46,-7.52908720019501,8.96,5.545661790296652,4.989866233365214,5.928273539885698,4909.4928,0.0,-800.9760491856005
FY2017-18,2018,ORIENTAL BANK OF COMMERCE,233344.0436,69902.274,136367.8729,2549.6276,10842.8375,632.7675,11153.9894,207346.0644,9694.0565,4517.1658,233344.0436,17388.8891,2792.3618,20181.2509,12888.1305,3589.9467,4500.7586,9574.9174,3703.1737,-5871.7437,10.5,7.61,2.89,22859.27,12429.34,2798.05,6356.92,26133.64,14117.83,14282.88,-2.31,-45.3274362790745,10.48,-7.792742113702333,-5.4679291669597845,-13.53032155774877,4500.758600000001,-9.094947017729282e-13,436.68772624221396
FY2018-19,2019,ORIENTAL BANK OF COMMERCE,272197.8663,78914.8259,159429.0828,2589.2722,14788.5986,1370.2093,17531.0342,232645.3776,14119.3671,6531.8781,272197.8663,17867.6879,2669.0842,20536.7721,12369.5705,4614.4355,5498.1174,3497.7723,3552.7661,54.9938,12.73,9.98,2.75,26133.64,7066.15,5025.69,6457.03,21717.07,14282.88,9439.62,0.02,0.358405886882092,5.93,16.650874005853566,12.201491874566784,16.911028535959517,5498.117400000001,-9.094947017729282e-13,-100.9365837953724
FY2019-20,2020,ORIENTAL BANK OF COMMERCE,268443.8872,72871.3033,157958.6666,2443.0473,19028.5028,1370.2093,15168.8772,230108.228,14121.3918,,268443.8872,19193.0726,3204.9328,22398.0054,13577.3504,5836.015,5615.7222,5236.4528,2984.64,-2251.8128,11.55,8.91,2.64,21717.07,6120.14,2735.22,3350.84,21751.15,9439.62,7909.41,-0.83,-12.7076288510858,5.01,-1.3791361229344101,-1.0905652311572145,-0.9223011097947653,5615.7222,0.0,-4194.666671515699
FY2019-20,2020,PAYMENTS BANKS,1645.266854,694.249347,,200.451688,263.240971,1035.0,-460.98822,855.031214,,,1645.266854,45.756794,9.00556,54.762354,13.599335,487.526459,32.157459,-112.350036,-446.36344,-334.013404,,,,,,,,,,,,,,,,,32.157459,0.0,
FY2020-21,2021,PAYMENTS BANKS,4072.031,2412.6478,0.1317,221.9613,451.6054,1299.58,-704.4181,2542.5213,197.7941,,4072.031,100.6979,903.373,1004.0709,55.4497,1251.0122,45.2482,-2.3214,-302.391,-300.0696,,,,,,,,,,,,,,147.49972869750647,197.36005637801193,,45.248200000000004,-7.105427357601002e-15,-10.162407733792623
FY2021-22,2022,PAYMENTS BANKS,17551.6639,9937.2962,1.8067,370.4372,2485.4319,4286.5613,-2532.9802,7829.1375,307.1481,,17551.6639,446.3711,4505.2346,4951.6057,156.0109,4882.1717,290.3602,2.9925,-86.5769,-89.5694,,,,,,,,,,,,,,331.02972202323605,207.9280987734498,1271.8299164768412,290.3602,0.0,-70.15045842697828
FY2022-23,2023,PAYMENTS BANKS,22957.4649,12064.2301,0.1266,564.2061,3070.3278,4512.4858,-2404.172,12173.7192,519.0465,,22957.4649,860.285912,5105.097567,5965.383479,245.691269,5578.607668,614.594643,19.657275,141.084542,121.427267,,,,,,,,,,,,,,30.799364839706158,55.492468998021806,-92.99274921126917,614.594643,0.0,-235.56780217351013
FY2023-24,2024,PAYMENTS BANKS,24667.586184,14285.918622,0.0689,1188.968236,1876.223044,5001.3725,-2365.422916,16183.825968,712.65,,24667.586184,1416.115542,5685.501687,7101.617229,353.206857,6633.93261,1062.908685,115.670101,114.477762,-1.192339,,,,,,,,,,,,,,7.4490859136628895,32.94068724700008,-45.57661927330173,1062.9086849999999,2.2737367544323206e-13,-100.9819367836056
FY2024-25,2025,PAYMENTS BANKS,36543.119594,23445.187156,0.1694,1353.952046,1701.104207,5303.225436,-2141.403611,25131.265961,1930.305104,,36543.119594,1694.498101,5242.674201,6937.172302,537.494507,6070.139995,1157.003594,135.183129,329.5378,194.354671,,,,,,,,,,,,,,48.14225973071806,55.28630875475071,145.86357039187226,1157.0035939999998,2.2737367544323206e-13,-16400.286327965452
FY2021-22,2022,PAYTM PAYMENTS BANK LIMITED,9242.2399,5322.6066,,70.096,1649.471,400.0,53.4086,2642.3474,,,9242.2399,228.1434,2312.0625,2540.2059,51.8181,2459.223,176.3253,10.8777,29.1648,18.2871,38.63,38.63,,,,,,,,,0.22,4.033249,,,,,176.32530000000003,-2.842170943040401e-14,
FY2022-23,2023,PAYTM PAYMENTS BANK LIMITED,9843.8892,4687.341,,43.7209,1968.3084,400.0,67.949,3285.2679,,,9843.8892,390.2346,2288.0055,2678.2401,72.3639,2583.7515,317.8707,7.5843,22.1247,14.5404,28.35,28.35,,,,,,,,,0.15,3.156299,,6.509778003057454,24.331414559644937,,317.8707,0.0,-20.48821300260839
FY2023-24,2024,PAYTM PAYMENTS BANK LIMITED,2888.1103,1075.7763,,0.0007,348.4155,400.0,-88.2128,588.5579,,,2888.1103,493.3856,2028.763,2522.1486,60.6611,2572.8175,432.7245,44.8318,-111.33,-156.1618,122.6,122.5,0.1,,,,,,,,-1.69,-40.055034,,-70.66088167672591,-82.08493438236802,,432.72450000000003,-5.684341886080802e-14,-1173.9855849907842
FY2024-25,2025,PAYTM PAYMENTS BANK LIMITED,1918.8279,1226.2715,,0.0007,35.2195,400.0,-168.7614,428.5292,,,1918.8279,123.7115,109.6006,233.3121,8.4027,314.7128,115.3088,4.8334,-89.8034,-94.6368,151.88,151.72,0.16,,,,,,,,-4.92,-34.85536,,-33.56112818821359,-27.18996720628506,,115.3088,0.0,-39.39823951824326
FY2015-16,2016,PT BANK MAYBANK INDONESIA TBK,291.9314,72.2742,170.1036,7.7507,36.9876,208.8802,5.8062,10.7821,59.1048,7.3581,291.9314,21.3567,3.4167,24.7734,2.8204,18.7809,18.5363,1.2224,3.1721,1.9497,86.63,86.31,0.32,,,,,,,,0.81,0.909194136520883,,,,,18.5363,0.0,
FY2016-17,2017,PT BANK MAYBANK INDONESIA TBK,302.038,73.6939,163.7716,4.6182,53.4737,208.8802,5.8062,7.5839,76.2583,3.5094,302.038,21.6165,1.3293,22.9458,4.8068,18.0416,16.8097,17.4314,0.0974,-17.334,95.1,94.72,0.38,,17.78,,,17.78,,,-6.16,-8.07410250486291,,3.4619777112020245,-29.662125188970613,-3.7224373852170034,16.8097,0.0,-989.0598553623635
FY2017-18,2018,PT BANK MAYBANK INDONESIA TBK,264.6585,102.2962,94.6577,2.6148,55.7019,208.8802,5.8062,45.1969,1.8481,2.9271,264.6585,16.2413,3.2105,19.4518,3.0543,18.7862,13.187,-0.2722,-2.3887,-2.1165,126.64,126.35,0.29,17.78,,,,17.78,,,-0.78,-0.98585657964361,,-12.375760665876479,495.95854375716976,-42.201395113682715,13.187,0.0,-87.78989269643476
FY2018-19,2019,PT BANK MAYBANK INDONESIA TBK,265.8997,87.282,110.5629,1.4598,57.4701,208.8802,5.8062,47.5227,,3.6906,265.8997,14.4418,4.0624,18.5042,1.6215,17.5902,12.8203,0.1259,-0.7075,-0.8334,122.29,121.91,0.38,17.78,,,,17.78,,,-0.35,-0.388240708307559,,0.4689817255066453,5.145928149939483,16.80285914405273,12.820300000000001,-1.7763568394002505e-15,-60.62367115520907
FY2019-20,2020,PT BANK MAYBANK INDONESIA TBK,295.523271,121.975293,106.631489,1.208736,56.128603,208.880173,5.962047,50.075812,25.597781,,295.523271,13.48087,6.052244,19.533114,1.121469,17.860961,12.359401,-0.072661,0.550684,0.623345,107.17,106.89,0.28,17.781835,,,,17.781835,,,0.26,0.290246084,,11.140881693360317,5.372405187415685,-3.5558139303509595,12.359401,0.0,-174.79541636669066
FY2020-21,2021,PT BANK MAYBANK INDONESIA TBK,267.663563,98.188363,68.949151,1.145611,59.781305,208.880173,5.962046,50.026474,,,267.663563,9.762068,4.632384,14.394452,0.243452,17.617128,9.518616,-0.152314,-3.466128,-3.313814,116.03,115.83,0.2,17.781835,,,,17.781835,,,-1.38,-1.542,,-9.427246763250674,-0.09852661001282792,-35.33884629520647,9.518616,0.0,-631.6179643696507
FY2021-22,2022,PT BANK MAYBANK INDONESIA TBK,267.652526,93.079654,92.92806,1.396312,62.856775,208.880173,5.962046,44.544181,5.49759,,267.652526,9.562686,3.917289,13.479975,0.081373,33.72266,9.481313,-17.684851,-20.324058,-2.639207,88.55,88.35,0.2,17.781835,,,17.781835,,,,-1.19,-1.22844,,-0.004123460016847158,-10.958783543289496,34.777671156530985,9.481313,0.0,-20.357418974028118
FY2022-23,2023,PT BANK MAYBANK INDONESIA TBK,297.425492,68.046292,158.011029,1.585694,63.060266,208.880173,6.3379,34.689011,41.998349,,297.425492,15.509497,5.751823,21.26132,2.229608,17.276602,13.279889,0.251556,1.75511,1.503554,60.13,59.9,0.23,,,,,,,,0.61,0.699229,,11.123738096161295,-22.124483554877795,70.03586322581145,13.279889,0.0,-156.96991558449187
FY2023-24,2024,PT BANK MAYBANK INDONESIA TBK,339.920841,126.636452,193.2455,1.509215,11.158351,291.825173,-37.726075,48.123252,29.971671,,339.920841,20.251019,12.111823,32.362842,3.403696,20.693514,16.847323,0.142655,8.265632,8.122977,90.77,90.49,0.28,,,,,,,,3.1,3.461615,,14.287729244136194,38.72765643275331,22.29874156442584,16.847323,0.0,440.2517634883749
FY2024-25,2025,PT BANK MAYBANK INDONESIA TBK,441.0606,122.4368,275.3051,4.684,10.9983,291.8252,-22.2473,118.0891,42.5708,,441.0606,31.0282,19.0809,50.1091,7.4893,23.8427,23.5389,3.3248,18.7771,15.4523,74.87,74.03,0.84,,,,,,,,3.64,5.901462,,29.753915265230834,145.3888610852816,42.46391248437868,23.538899999999998,3.552713678800501e-15,90.22951806954518
FY2015-16,2016,PUNJAB AND SIND BANK,102581.4186,27645.0374,63916.0737,1133.4398,4984.2968,400.411,5569.8068,91249.9639,2839.0136,2522.2233,102581.4186,8744.3409,478.4857,9222.8266,6568.554,1384.3774,2175.7869,933.9228,1269.8952,335.9724,10.91,9.29,1.62,3082.19,1959.92,477.69,335.37,4229.05,2266.0,2949.47,0.34,5.80945853914404,4.62,,,,2175.786899999999,9.094947017729282e-13,
FY2016-17,2017,PUNJAB AND SIND BANK,96643.4371,27948.5019,58334.5334,1095.4287,4675.1966,400.411,5742.0579,85540.1613,2958.4377,2002.3692,96643.4371,8172.8719,578.0982,8750.9701,6013.5376,1495.5547,2159.3343,1040.7936,1241.8778,201.0842,11.05,9.14,1.91,4229.05,2900.06,340.88,490.64,6297.59,2949.47,4375.08,0.2,3.32022457082127,7.51,-5.788554673000013,-6.25732039330702,-8.732608210882642,2159.3343000000004,-4.547473508864641e-13,-40.148595539395494
FY2017-18,2018,PUNJAB AND SIND BANK,113759.2423,32981.7572,66569.4469,1082.5985,5992.7471,564.9123,5617.7727,101726.1664,3682.9849,2167.406,113759.2423,7948.7533,581.2005,8529.9538,5713.5566,1671.6836,2235.1967,1888.5113,1144.7136,-743.7977,11.25,9.85,1.4,6297.59,2591.75,627.88,459.81,7801.65,4375.08,4607.87,-0.69,-12.0695888430245,6.93,17.710261258909643,18.922111969410093,14.116704154524019,2235.1967000000004,-4.547473508864641e-13,-469.8936564881775
FY2018-19,2019,PUNJAB AND SIND BANK,108982.0458,26172.9278,69175.5333,1230.3845,5784.9766,564.9123,5136.49,98557.6045,2714.0,2009.039,108982.0458,8558.6703,828.2784,9386.9487,6278.969,1711.122,2279.7013,1940.3356,1396.8577,-543.4779,10.93,9.5,1.43,7801.65,3666.37,1227.11,1635.04,8605.87,4607.87,4994.23,-0.47,-9.14631281781311,7.22,-4.199391982061396,-3.1147953492524416,3.9148385954217657,2279.7012999999997,4.547473508864641e-13,-26.932027350985354
FY2019-20,2020,PUNJAB AND SIND BANK,100503.807,24552.0958,58411.9082,1240.8273,6720.7213,701.0531,4895.3443,89667.5534,3213.05,,100503.807,7929.5261,897.3975,8826.9236,5871.9813,1858.0275,2057.5448,2087.7131,1096.9148,-990.7983,12.76,9.58,3.18,8605.87,2908.56,858.99,1780.87,8874.57,4994.23,4684.15,-0.91,-17.53966837,8.03,-7.779482150260764,-9.020157445080756,-15.559872958724263,2057.5447999999997,4.547473508864641e-13,82.30700825185349
FY2020-21,2021,PUNJAB AND SIND BANK,110481.8853,32022.7734,60941.7022,1584.9119,7593.0494,4052.668,4310.3461,96108.1796,2643.55,,110481.8853,6973.9143,903.614,7877.5283,4711.9993,2393.4965,2261.915,3504.9329,772.0325,-2732.9004,17.06,13.98,3.08,8874.57,1556.71,1026.71,70.57,9334.0,4684.15,2461.95,-2.55,-39.155,4.04,9.928060038561526,7.182783466020171,4.3309559265519715,2261.915,0.0,175.82812768249602
FY2021-22,2022,PUNJAB AND SIND BANK,121067.5464,42280.8739,63626.5621,1577.4435,7294.4427,6777.7864,7232.8029,102137.014,2443.6325,,121067.5464,7095.8102,959.3786,8055.1888,4444.4954,2280.6029,2651.3148,291.0359,1330.0905,1039.0546,18.54,14.8,3.74,9334.0,2064.63,1700.27,1133.54,8564.82,2461.95,1742.27,0.85,9.288219,2.74,9.581354510068273,6.272967009771557,4.405620130512222,2651.3148,0.0,-138.0202147140086
FY2022-23,2023,PUNJAB AND SIND BANK,136454.517,44838.4193,76819.4289,1519.4228,6980.5244,6777.7864,8330.7205,109665.49,9018.3832,,136454.517,7992.7314,939.9603,8932.6917,5019.351,2463.4019,2973.3804,136.9098,1449.9388,1313.029,17.1,14.32,2.78,8564.82,908.46,1541.78,2283.29,5648.21,1742.27,1411.5,0.98,9.018336,1.84,12.709409794398852,7.37095760406703,20.734841494759927,2973.3804,0.0,26.36766152616041
FY2023-24,2024,PUNJAB AND SIND BANK,147656.5259,49599.1569,82736.3762,1755.7825,6182.1984,6777.7864,8755.6407,119409.5543,9770.8561,,147656.5259,9693.9756,1221.4692,10915.4448,6852.9339,2931.574,2841.0417,535.517,1130.9369,595.4199,17.16,14.74,2.42,5648.21,971.19,1158.09,795.96,4665.35,1411.5,1350.46,0.41,3.886308,1.63,8.209335349448367,8.885260349449942,7.702409904273577,2841.0416999999998,4.547473508864641e-13,-54.65295130572135
FY2024-25,2025,PUNJAB AND SIND BANK,161815.168,46912.3086,97299.9019,1778.8633,7004.0301,7095.5852,6259.1713,129774.0219,14229.5201,,161815.168,11481.3003,1567.6508,13048.9511,7697.641,3276.3879,3783.6593,1059.0913,2074.9222,1015.8309,17.4,15.59,1.81,4665.35,822.4196,596.5571,1521.1531,3370.0594,1350.46,937.0578,0.67,7.032847,0.96,9.58890371671679,8.679764078141282,17.6023248405216,3783.659300000001,-1.3642420526593924e-12,70.60748221549198
FY2015-16,2016,PUNJAB NATIONAL BANK,667390.4554,157845.8925,412325.8,5222.7288,16372.9441,392.7195,37917.4196,553051.1281,59755.2434,16273.9448,667390.4554,47424.3499,6000.0517,53424.4016,32112.572,9972.4543,15311.7779,15313.7713,11339.3753,-3974.396,11.28,8.41,2.87,25694.86,42251.8,5643.54,6484.79,55818.33,15396.5,35422.56,-0.61,-10.2711293102407,8.61,,,,15311.777900000001,-1.8189894035458565e-12,
FY2016-17,2017,PUNJAB NATIONAL BANK,720330.5484,186725.4395,419493.1496,6273.2484,19507.0639,425.5937,41671.8711,621704.0164,40763.3354,15765.7318,720330.5484,47275.9924,8951.3723,56227.3647,32282.8208,9379.3837,14993.1716,13240.3584,14565.1602,1324.8018,11.66,8.91,2.75,55818.33,22414.58,13657.34,9205.12,55370.45,35422.56,32702.1,0.19,3.29521521782345,7.81,7.932401875341544,12.413479479891155,1.7382733750834989,14993.171600000001,-1.8189894035458565e-12,-133.33341217130854
FY2017-18,2018,PUNJAB NATIONAL BANK,765830.1045,200305.9816,433734.7213,6349.3272,29978.0709,552.1146,40522.1915,642226.1919,60850.748,21678.8585,765830.1045,47995.7663,8880.869,56876.6353,33073.3643,13509.073,14922.402,22577.0182,10294.198,-12282.8202,9.2,7.12,2.08,55370.45,44274.33,5617.54,7407.19,86620.05,32702.1,48684.29,-1.6,-29.5360314373203,11.24,6.316482925937783,3.3009559144935974,3.394947381996527,14922.402000000002,-1.8189894035458565e-12,-1027.1439848587163
FY2018-19,2019,PUNJAB NATIONAL BANK,774949.4617,202128.2198,458249.2041,6224.8473,33059.1493,920.8094,43866.3151,676030.1361,39325.9151,14806.286,774949.4617,51310.2483,7377.4123,58687.6606,34153.937,11538.4806,17156.3113,22970.729,12995.243,-9975.486,9.73,7.49,2.24,86620.05,19904.11,15798.2,12253.26,78472.7,48684.29,30037.66,-1.25,-23.2362445635747,6.56,1.1907807157768957,5.263557392449614,5.651953047827152,17156.3113,0.0,-18.78505231233458
FY2019-20,2020,PUNJAB NATIONAL BANK,830665.9117,240465.6414,471827.7227,7239.0682,35140.4498,1347.5132,61009.973,703846.3206,50225.4292,,830665.9117,53800.0337,9274.1277,63074.1614,36362.2425,11973.3704,17437.7912,14402.3541,14738.5485,336.1944,14.15,11.91,2.24,78472.7,20751.25,12380.1,13365.09,73478.76,30037.66,27218.9,0.04,0.627552609,5.78,7.189688199508559,4.1146367616791135,2.9631297727331862,17437.7912,0.0,-103.37020572230766
FY2020-21,2021,PUNJAB NATIONAL BANK,1260632.6158,392983.254,674230.0802,11020.8974,71048.6797,2095.5364,88841.7727,1106332.4728,42840.3107,,1260632.6158,80818.4027,11922.3149,92740.7176,50272.7913,20308.7475,30545.6114,20137.5601,22159.1788,2021.6187,14.32,11.49,2.83,,,,,,,,0.15,2.288,5.73,51.76168879014804,57.183811354856175,42.89751274930755,30545.61140000001,-7.275957614183426e-12,501.3243230702237
FY2021-22,2022,PUNJAB NATIONAL BANK,1314805.0226,372167.7619,728185.6753,10673.6139,71131.1985,2202.2031,93284.6923,1146218.4496,45681.4093,,1314805.0226,74879.5369,12319.9579,87199.4948,46185.0766,20252.5951,28694.4603,17304.8595,20761.8231,3456.9636,14.5,11.73,2.77,104423.42,24743.67,14719.91,21999.14,92448.04,38575.7,34908.73,0.26,3.708707,4.8,4.297239823961085,3.6052432501644915,8.002549379581957,28694.460300000006,-7.275957614183426e-12,70.99978349032882
FY2022-23,2023,PUNJAB NATIONAL BANK,1461831.362,395996.7163,830833.9813,12051.0745,67840.7819,2202.2031,97653.4561,1281163.105,51291.7308,,1461831.362,85144.1113,12142.5313,97286.6426,50652.4747,24105.4085,34491.6366,20021.5545,22528.7594,2507.2049,15.5,12.69,2.81,92448.04,16028.92,14571.29,16578.0,77327.67,34908.73,22585.04,0.18,2.566983,2.72,11.18236825025647,11.773031174562941,14.096446755521619,34491.636600000005,-7.275957614183426e-12,-27.473783640649263
FY2023-24,2024,PUNJAB NATIONAL BANK,1561835.007,420318.2069,934430.5924,12318.7737,65662.8534,2202.2031,104274.3703,1369712.806,50429.8535,,1561835.007,106901.62,13383.5396,120285.1596,66818.552,28535.798,40083.068,16686.1941,24930.8096,8244.6155,15.97,13.17,2.8,77327.67,5826.2,10553.59,16257.23,56343.05,22585.04,6798.77,0.54,7.991592,0.73,6.840983686598445,6.911664928096739,12.46899060843698,40083.068,0.0,228.8369251352372
FY2024-25,2025,PUNJAB NATIONAL BANK,1818170.731,497311.2522,1077474.572,13053.3867,81611.6788,2298.5887,125063.6573,1566623.283,83776.7152,,1818170.731,121760.727,16309.3713,138070.0983,78978.5572,32260.8715,42782.1698,10200.4684,26830.6696,16630.2012,17.01,14.05,2.96,56343.05,6761.25,6864.13,12158.57,44081.6,6798.77,4290.55,0.97,14.223645,0.4,16.412471410304352,14.376041177204257,15.30814388606483,42782.1698,0.0,101.70984565623465
FY2017-18,2018,QATAR NATIONAL BANK (Q.P.S.C),336.3127,44.2106,90.0,7.2837,10.7969,315.5432,,5.6195,,15.15,336.3127,16.8957,0.1599,17.0556,0.6934,19.2113,16.2023,-0.4629,-2.8491,-2.3862,207.95,207.71,0.24,,,,,,,,-0.69,-0.756219750576149,,,,,16.2023,0.0,
FY2018-19,2019,QATAR NATIONAL BANK (Q.P.S.C),513.6506,77.9336,275.5,7.8646,14.026,315.5432,0.0288,139.2615,37.0,21.8171,513.6506,28.7483,0.26,29.0083,5.1264,21.5905,23.6219,2.1761,2.2914,0.1153,103.83,103.46,0.37,,,,,,,,0.03,0.0365384956660844,,52.73006342014441,2378.183112376546,206.1111111111111,23.6219,0.0,-104.83195038135949
FY2019-20,2020,QATAR NATIONAL BANK (Q.P.S.C),1133.3884,207.9661,717.03,6.2797,15.1524,321.6512,0.0288,717.7264,65.0,,1133.3884,44.5395,4.6438,49.1833,19.8651,26.6089,24.6744,3.5984,2.7093,-0.8891,45.52,45.1,0.42,,,,,,,,-0.13,-0.279041886,,120.65357268150763,415.38034560880067,160.2649727767695,24.674399999999995,3.552713678800501e-15,-871.1188204683434
FY2020-21,2021,QATAR NATIONAL BANK (Q.P.S.C),916.9938,246.4717,597.5572,4.7854,16.1488,326.6599,-12.1814,470.1507,108.488,,916.9938,47.0224,12.0166,59.039,29.1427,30.473,17.8797,6.8969,-0.5767,-7.4736,43.0,42.69,0.31,,50.0,,,50.0,,40.0,-0.88,-2.35,6.69,-19.092713495214888,-34.49443966391651,-16.66217592011492,17.879699999999996,3.552713678800501e-15,740.580362163986
FY2021-22,2022,QATAR NATIONAL BANK (Q.P.S.C),1546.4107,336.593,838.6243,4.2626,35.5163,331.9058,-36.2241,1132.4493,87.7118,,1546.4107,60.0729,10.9424,71.0153,36.4388,33.0015,23.6341,25.6177,1.575,-24.0427,28.25,27.84,0.41,50.0,3.1482,,,53.1482,,,-1.7,-7.880783,,68.63916637168101,140.86942761118934,40.342096120672636,23.634099999999997,3.552713678800501e-15,221.70172339970026
FY2022-23,2023,QATAR NATIONAL BANK (Q.P.S.C),1169.0148,335.6854,608.4236,4.8951,36.7546,345.4368,-36.1389,802.4951,28.7595,,1169.0148,88.6792,12.1717,100.8509,64.1571,34.7429,24.5221,1.8657,1.9509,0.0852,52.3,51.85,0.45,53.1482,,,0.9102,52.238,,,0.01,0.028166,7.91,-24.404635844798538,-29.136333079105615,-27.449800822609127,24.522099999999995,3.552713678800501e-15,-100.35436951756667
FY2023-24,2024,QATAR NATIONAL BANK (Q.P.S.C),1636.709,359.8746,979.6329,4.1889,16.4195,520.2425,-43.7195,1129.4917,,,1636.709,99.465,26.0489,125.5139,70.6164,40.1946,28.8486,22.2835,14.7029,-7.5806,42.06,41.7,0.36,,,,,,,,-0.53,-1.929345,,40.00755165802863,40.74748867625486,61.011653722833906,28.848600000000005,-3.552713678800501e-15,-8997.417840375587
FY2024-25,2025,QATAR NATIONAL BANK (Q.P.S.C),2276.4918,530.8933,1477.2159,2.3489,18.3977,529.9192,-30.8667,1706.9319,18.4939,,2276.4918,155.4651,18.1075,173.5726,110.0203,45.0211,45.4448,5.6784,18.5312,12.8528,37.79,37.31,0.48,,,,,,,,0.61,2.634917,,39.08958770312865,51.123899361102,50.79280207922785,45.4448,0.0,-269.54858454475897
FY2015-16,2016,RBL BANK LTD,39161.0859,14436.0338,21229.083,177.2965,868.7514,324.7281,2664.5043,24348.6512,10536.2239,1286.9784,39161.0859,2744.3073,490.5427,3234.85,1925.1004,767.3367,819.2069,249.9283,542.4129,292.4846,12.94,11.1,1.84,111.23,199.68,30.02,72.84,208.05,38.59,124.44,0.99,11.2070386207222,0.59,,,,819.2068999999999,1.1368683772161603e-13,
FY2016-17,2017,RBL BANK LTD,48674.7711,13481.7086,29449.0381,258.7088,1291.6667,375.2031,3960.3724,34588.0914,7979.7572,1771.347,48674.7711,3713.1585,755.4627,4468.6212,2491.8241,1056.3872,1221.3344,474.3644,920.4099,446.0455,13.72,11.39,2.33,208.05,533.41,315.95,68.67,356.84,124.44,189.94,1.08,12.1790361218893,0.64,24.293721640645316,42.05341854829312,38.72025513301731,1221.3344000000002,-2.2737367544323206e-13,52.5022172107523
FY2017-18,2018,RBL BANK LTD,61850.7552,15447.4994,40267.8393,334.0008,1516.974,419.6675,6264.3048,43902.2636,9261.4403,2003.079,61850.7552,4507.5655,1068.1884,5575.7539,2741.281,1503.408,1766.2845,695.9766,1331.0649,635.0883,15.33,13.61,1.72,356.84,569.19,200.27,159.03,566.73,189.94,312.56,1.22,11.5265764353779,0.78,27.06943207381616,26.928841179134857,36.73736698381329,1766.2844999999998,2.2737367544323206e-13,42.38195430735205
FY2018-19,2019,RBL BANK LTD,80358.8188,16840.3611,54308.2427,402.4785,2205.6233,426.7097,7120.6097,58394.4159,11832.0654,2585.0181,80358.8188,6300.7093,1442.3662,7743.0755,3761.2278,2042.0161,2539.4815,1072.8807,1939.8316,866.9509,13.46,12.1,1.36,566.73,707.01,198.91,320.21,754.62,312.56,372.74,1.3,12.1837274967809,0.69,29.923747155798665,33.01003436187286,34.86753608853308,2539.4815000000003,-4.547473508864641e-13,36.50871855142033
FY2019-20,2020,RBL BANK LTD,88977.7681,18149.735,58019.0491,469.7611,3482.0408,508.6986,10074.2483,57812.2235,17006.7323,,88977.7681,8514.3771,1910.2496,10424.6267,4884.738,2825.562,3629.6391,2208.653,2714.3267,505.6737,16.45,15.33,1.12,754.62,3359.1,724.25,1252.95,2136.52,372.74,1189.37,0.6,5.578226945,2.05,10.725579878732617,-0.9970001258288175,6.832860382720485,3629.6390999999994,4.547473508864641e-13,-41.672163902246375
FY2020-21,2021,RBL BANK LTD,100650.6129,23230.4166,58622.5075,466.4776,4906.9954,598.0204,12064.5552,73121.2747,11225.8891,,100650.6129,8329.0169,1884.0431,10213.06,4541.4535,2754.5857,3787.5634,2409.2369,2917.0208,507.7839,17.5,16.64,0.86,2136.52,3147.83,1007.8,1675.02,2601.53,1189.37,1241.35,0.55,4.369,2.12,13.11883299531762,26.48064764365965,1.040103913043966,3787.563400000001,-9.094947017729282e-13,0.4173046769092359
FY2021-22,2022,RBL BANK LTD,106208.5774,22274.3505,60021.8084,548.1034,5816.6158,599.5138,12018.7321,79006.5324,11093.0412,,106208.5774,8175.7879,2340.5316,10516.3195,4149.0501,3621.957,4026.7378,2820.0477,2745.3124,-74.7353,16.82,16.21,0.61,2601.53,3943.44,1522.74,2293.84,2728.39,1241.35,806.56,-0.07,-0.591241,1.34,5.522037412253056,8.048625689508127,2.386968691163549,4026.7378,0.0,-114.71793414482025
FY2022-23,2023,RBL BANK LTD,115876.1785,28875.4477,70209.3517,573.9726,7697.3792,599.5681,12977.0182,84886.5173,13331.2779,,115876.1785,9676.5733,2489.4349,12166.0082,4678.389,5285.1706,4998.1843,1319.7253,2202.4486,882.7233,16.92,15.25,1.67,2728.39,2754.7,1304.8,1758.43,2419.86,806.56,772.54,0.833,6.739675,1.1,9.102467368139333,7.442403458780333,16.97306957515794,4998.1843,0.0,-1281.133012110743
FY2023-24,2024,RBL BANK LTD,138432.2127,29575.8526,83986.9147,532.3919,9920.5028,605.0999,14191.2946,103493.5964,14184.0873,,138432.2127,12394.3014,3042.8927,15437.1941,6351.4075,6055.0321,6042.8939,1862.8339,3030.7545,1167.9206,16.18,14.38,1.8,2419.86,2441.3,870.18,1720.01,2270.97,772.54,619.3,0.95,8.232625,0.74,19.46563520818907,21.919946408261914,19.623543967291756,6042.8939,0.0,32.308799371218576
FY2024-25,2025,RBL BANK LTD,146725.484,32164.7479,92618.2672,577.1676,8805.6897,607.8761,14998.9044,110943.5302,13733.8438,,146725.484,14039.07,3806.1768,17845.2468,7576.0461,6642.4143,6463.0239,2931.4212,3626.7864,695.3652,15.55,14.06,1.49,2270.97,4112.72,987.49,2930.73,2465.47,619.3,270.79,0.498,4.574293,0.29,5.990853673611762,7.198449043365152,10.277020570205565,6463.0239,0.0,-40.46126080831179
FY2015-16,2016,SBERBANK,443.5286,37.5864,318.0009,0.365,28.7572,193.4788,1.5049,68.0564,165.6375,14.851,443.5286,36.3694,7.343,43.7124,10.6027,15.0692,25.7667,18.6406,18.0405,-0.6001,55.1,54.6,0.5,48.6851,51.1816,,,99.8667,41.3766,80.0182,-0.17,-0.307296355355641,25.16,,,,25.7667,0.0,
FY2016-17,2017,SBERBANK,462.0438,98.6013,192.8339,0.062,8.6498,273.211,1.6495,39.4147,137.82,9.9486,462.0438,35.4647,10.1877,45.6524,7.8725,17.8004,27.5922,19.835,19.9795,0.1445,95.74,95.13,0.61,99.8667,,2.5897,,97.277,80.0182,65.9989,0.03,0.0615097515304009,34.0,4.17452222923167,-42.08524106476392,-39.360580426030246,27.592200000000002,-3.552713678800501e-15,-124.07932011331444
FY2017-18,2018,SBERBANK,410.3697,29.5706,123.96,0.3036,49.2118,273.211,-13.4367,38.9056,78.21,33.4798,410.3697,18.3607,10.7459,29.1066,0.5997,17.0239,17.761,26.5692,11.483,-15.0862,92.47,91.73,0.74,97.277,,5.4307,,91.8463,65.9989,,-3.8,-5.64355331901328,,-11.183809846598948,-1.2916500696440791,-35.716697116015396,17.761000000000003,-3.552713678800501e-15,-10540.276816608997
FY2018-19,2019,SBERBANK,416.5698,29.7343,75.06,0.3771,48.4326,273.211,9.2673,38.8949,,95.1966,416.5698,18.2003,46.9694,65.1697,0.054,23.9718,18.1463,18.44,41.1439,22.7039,116.99,116.3,0.69,91.8463,,,,91.8463,,,4.29,8.37392019881509,,1.5108571612377775,-0.027502467511109074,-39.44820909970957,18.1463,0.0,-250.4944916546248
FY2019-20,2020,SBERBANK,478.052706,99.701912,29.901818,1.369705,106.093399,273.211044,88.840067,24.148284,,,478.052706,7.398323,163.803871,171.202194,0.377377,30.37707,7.020946,60.874984,140.447747,79.572763,105.92,105.78,0.14,91.846265,,,,91.846265,,,17.86,24.69173994,,14.759328688733554,-37.91400929170662,-60.16277911004531,7.020946,0.0,250.48059144023708
FY2020-21,2021,SBERBANK,731.393226,99.35523,6.825,1.019399,118.157934,273.211044,183.43921,52.286614,,,731.393226,12.997349,191.615796,204.613145,0.780653,34.171489,12.216696,75.061859,169.661003,94.599144,95.35,95.3,0.05,91.846265,,0.212616,,91.633649,,,15.37,23.11,,52.994265448211905,116.52310367063765,-77.17530084625623,12.216695999999999,1.7763568394002505e-15,18.883824607171174
FY2021-22,2022,SBERBANK,942.88363,326.326835,9.443073,24.023695,64.583041,494.803044,259.102201,70.231116,,,942.88363,24.680695,152.001748,176.682443,0.3565,40.825465,24.324195,59.837487,135.500478,75.662991,90.12,90.05,0.07,91.633649,,0.27897,50.009509,41.34517,,,8.35,12.500541,,28.916101008570184,34.31949523447817,38.36004395604395,24.324195,0.0,-20.017256181514696
FY2022-23,2023,SBERBANK,9882.705093,1383.13789,23.769052,22.326152,269.229395,905.023044,626.054388,378.698153,186.024877,,9882.705093,191.6605,520.403623,712.064123,1.543092,50.216165,190.117408,293.352678,660.304866,366.952187,135.34,135.27,0.07,41.345171,,5.610011,13.86016,21.875,,,8.47,32.118597,,948.1362469937037,439.21705159861045,151.7088663827972,190.117408,0.0,384.9823964796738
FY2023-24,2024,SBERBANK,5633.048441,2073.048899,13.753138,19.294951,597.991617,905.023044,1370.681525,2124.279043,338.734134,,5633.048441,674.045914,758.757446,1432.80336,0.675304,110.852678,673.37061,576.648239,1321.275378,744.627139,143.99,143.93,0.06,21.875,,,,21.875,,,6.38,39.121081,,-43.00094571282984,460.94254122226994,-42.13846643946927,673.37061,0.0,102.92211502748181
FY2024-25,2025,SBERBANK,14856.58923,2005.514479,95.760382,103.940808,354.920767,3044.84341,1729.097765,9026.990711,,,14856.58923,420.916808,354.545748,775.462556,0.216976,176.136858,420.699832,240.692484,599.108722,358.416238,165.54,165.29,0.25,21.875,,8.308892,,13.566108,,,4.48,10.168347,,163.73977404253606,324.94373518140486,596.2802380082277,420.699832,0.0,-51.86634770237673
FY2015-16,2016,SBM BANK (INDIA) LIMITED,1581.6724,700.3561,628.0738,30.1618,112.6535,476.9584,39.566,970.6462,19.9855,74.5163,1581.6724,129.0055,14.047,143.0525,83.0639,38.4367,45.9416,64.4817,21.5519,-42.9298,41.88,40.95,0.93,79.93,9.61,0.05,17.21,72.28,48.66,31.07,-2.66,-7.97778178351548,4.95,,,,45.94160000000001,-7.105427357601002e-15,
FY2016-17,2017,SBM BANK (INDIA) LIMITED,1760.8305,430.4613,730.918,29.4584,105.8131,476.9584,4.7178,1218.2545,,60.8998,1760.8305,106.664,11.5287,118.1927,74.6996,24.5192,31.9644,53.4406,18.9739,-34.4667,33.84,33.14,0.7,72.28,75.71,2.85,13.0,132.14,31.07,43.3,-2.04,-6.90576623576464,5.92,11.32713070039031,25.5096347155122,16.37454069887965,31.964399999999998,3.552713678800501e-15,-19.713811850975304
FY2017-18,2018,SBM BANK (INDIA) LIMITED,1795.1729,466.1045,1016.4759,30.5859,61.6863,476.9584,-100.3986,1205.7665,130.35,82.4966,1795.1729,132.5512,14.3038,146.855,86.5008,28.4255,46.0504,136.6637,31.9287,-104.735,24.72,24.0,0.72,132.14,105.87,2.96,56.72,178.33,43.3,10.73,-5.54,-24.4070395555535,1.05,1.9503524047317367,-1.0250731682091119,39.06839070867048,46.050399999999996,7.105427357601002e-15,203.8730136624626
FY2018-19,2019,SBM BANK (INDIA) LIMITED,1598.3254,402.3761,574.8129,62.2138,88.6939,704.9584,-177.1705,984.1174,,86.4201,1598.3254,32.4093,3.5792,35.9885,19.1423,59.8807,13.267,3.9456,-43.0345,-46.9801,48.84,47.17,1.67,,149.7451,0.4392,,149.3059,,50.6694,-9.62,-10.3898312562745,8.81,-10.965378320940566,-18.382423130846647,-43.45041530251726,13.267000000000003,-3.552713678800501e-15,-55.1438392132525
FY2019-20,2020,SBM BANK (INDIA) LIMITED,2474.2569,567.8006,1266.2501,61.5017,66.3443,756.9584,-175.9408,1830.0372,15.0,,2474.2569,126.7044,68.331,195.0354,78.5184,87.8257,48.186,26.7877,28.6913,1.9036,32.44,31.48,0.96,149.3059,21.15,10.0196,44.8597,115.5766,50.6694,36.7814,0.1,0.34336049,2.9,54.80307702048657,85.95720388644688,120.28908884960651,48.18600000000001,-7.105427357601002e-15,-104.05192836967142
FY2020-21,2021,SBM BANK (INDIA) LIMITED,4739.3043,1226.5178,2917.3284,57.7756,114.4494,756.9584,-157.9703,3855.1831,168.9837,,4739.3043,233.1909,73.5999,306.7908,155.0196,126.7836,78.1713,6.3432,24.9876,18.6444,20.72,19.46,1.26,115.5766,0.7396,16.1891,11.6974,88.4297,39.288893,28.745593,0.56,3.16,0.9,91.54455222495288,110.66146087085005,130.3911683797695,78.1713,0.0,879.4284513553268
FY2021-22,2022,SBM BANK (INDIA) LIMITED,8079.3177,2227.8658,4353.5662,69.6274,232.5797,823.6251,-109.0047,6799.4463,319.0,,8079.3177,397.295,113.454,510.749,272.2132,185.603,125.0818,36.6266,52.9328,16.3062,17.28,16.06,1.22,88.4297,29.2893,5.673636,18.8084,93.236964,28.745593,17.134693,0.27,2.482658,0.39,70.47476145391214,76.37155288421967,49.23126926677162,125.08180000000004,-4.263256414560601e-14,-12.541031087082455
FY2022-23,2023,SBM BANK (INDIA) LIMITED,10125.2551,3692.709,4835.9324,88.1539,513.8788,823.6251,-83.3624,7318.533,1705.2493,,10125.2551,665.6708,201.3469,867.0177,453.3906,375.9774,212.2802,16.8343,37.6497,20.8154,16.16,11.46,4.7,93.236964,35.995025,18.379612,13.377116,97.475261,17.134693,16.58614,0.22,2.861453,0.34,25.323145789897584,7.634249571174645,11.079794766874107,212.28019999999998,2.842170943040401e-14,27.653285253461867
FY2023-24,2024,SBM BANK (INDIA) LIMITED,8945.8809,3057.3832,4676.2048,104.4987,437.6662,921.3768,-125.2052,7112.9811,726.84,,8945.8809,752.9324,186.5778,939.5102,527.545,428.7778,225.3874,26.4345,-16.8126,-43.2471,16.9,12.3,4.6,97.475261,90.465811,30.575456,33.732926,123.63269,16.58614,28.663773,-0.49,-5.629541,0.61,-11.647846778694992,-2.8086489464486997,-3.302932853238383,225.38740000000007,-5.684341886080802e-14,-307.76492404661934
FY2024-25,2025,SBM BANK (INDIA) LIMITED,9583.2478,2211.6971,4653.6277,105.1858,455.2052,1001.1375,-210.2895,7699.4625,620.52,,9583.2478,740.8333,175.7382,916.5715,545.0702,434.0719,195.7631,24.6299,-62.5706,-87.2005,15.52,11.64,3.88,123.63269,70.52751,21.4128,9.831,162.9164,28.663773,45.944593,-0.98,-10.989215,0.99,7.124696909389883,8.245226463486599,-0.4828081952270469,195.7631,0.0,101.63317309137491
FY2015-16,2016,SHINHAN BANK,5291.8006,1054.5194,3087.5981,3.3767,82.6207,633.1908,419.0969,3722.4148,392.6535,124.4446,5291.8006,331.9117,27.2251,359.1368,186.1306,58.1043,145.7811,49.865,114.9019,65.0369,39.47,38.8,0.67,,5.827,0.0414,5.7856,,,,1.42,6.37760944448952,,,,,145.7811,0.0,
FY2016-17,2017,SHINHAN BANK,6193.3771,1313.9178,4150.5754,8.5768,84.0415,633.1908,490.9108,4242.5672,680.925,145.7833,6193.3771,447.3519,37.9513,485.3032,281.9213,75.3405,165.4306,56.2275,128.0414,71.8139,39.48,38.83,0.65,,,,,,,,1.15,6.5993616123733,,17.037234925291788,13.973520629672986,34.42732070602064,165.43060000000003,-2.842170943040401e-14,10.420238356994261
FY2017-18,2018,SHINHAN BANK,8306.3242,1609.0877,6044.4826,11.1055,120.1516,633.1908,554.795,5854.3189,1052.8,211.2195,8306.3242,527.3828,48.0171,575.3999,364.3759,95.4924,163.0069,51.6474,115.5316,63.8842,27.91,27.34,0.57,,,,,,,,0.77,5.52610597678963,,34.11623522811165,37.990009916637256,45.62999144648716,163.00689999999997,2.842170943040401e-14,-11.042012757975828
FY2018-19,2019,SHINHAN BANK,9138.1399,1670.5252,6834.651,10.3038,155.2891,633.1908,627.8137,6519.2603,1097.9445,259.9306,9138.1399,587.7232,65.0143,652.7375,402.9124,107.1955,184.8108,69.611,142.6296,73.0186,23.5,22.96,0.54,,100.0,,,100.0,,85.0,0.86,5.96315959275135,1.26,10.01424553113399,11.35813424854597,13.072556450075634,184.81080000000003,-2.842170943040401e-14,14.298371115236641
FY2019-20,2020,SHINHAN BANK,10890.4443,2601.342,7356.2071,7.6167,257.1576,633.1908,679.8639,7633.6903,1542.7485,,10890.4443,669.7648,70.5692,740.334,434.2242,126.7981,235.5406,127.2614,179.3117,52.0503,21.6,21.07,0.53,100.0,0.0377,,,100.0377,85.0,0.0283,0.53,4.04421934,,19.175723059350403,17.09442404071517,7.63105680158358,235.54060000000004,-2.842170943040401e-14,-28.716381853390782
FY2020-21,2021,SHINHAN BANK,11650.553,2659.1431,6119.6928,5.9292,199.678,633.1908,817.4979,9331.7225,511.0,,11650.553,630.8735,79.3494,710.2229,342.2823,135.3709,288.5912,94.9358,232.5697,137.6339,25.19,24.56,0.63,100.0377,29.0547,0.8473,,128.2451,0.0283,23.9556,1.19,9.96,0.4,6.979593109897286,22.243923099683506,-16.80912844337947,288.5912,0.0,164.42479678311176
FY2021-22,2022,SHINHAN BANK,13315.7112,3135.9042,7079.8342,7.6346,236.3089,633.1908,907.489,10513.5997,889.9625,,13315.7112,538.5284,122.2049,660.7333,330.1966,147.55,208.3318,92.9956,182.9867,89.9911,25.87,24.79,1.08,128.2451,41.228388,15.80545,,153.668038,23.9556,28.025515,0.75,6.016718,0.4,14.292524998598788,12.665155870205114,15.689372512293431,208.33180000000004,-5.684341886080802e-14,-34.6155997904586
FY2022-23,2023,SHINHAN BANK,11115.0011,2983.6266,7046.7362,8.379,282.6946,633.1908,975.3289,8626.1033,458.68,,11115.0011,738.2799,86.7093,824.9892,525.5293,158.9151,212.7506,72.7049,140.5448,67.8399,21.14,20.2,0.94,153.668038,3.309054,0.708167,0.04429,156.224635,28.025515,10.905282,0.52,4.30839,0.16,-16.527169048244307,-17.952903418987887,-0.46749682358380173,212.75059999999996,2.842170943040401e-14,-24.614878582437594
FY2023-24,2024,SHINHAN BANK,13239.9639,2943.2636,8931.3442,6.9564,252.2131,633.1908,1030.7825,10915.3438,333.62,,13239.9639,892.5138,70.1356,962.6494,636.5643,189.8914,255.9495,80.7401,136.1937,55.4536,18.01,17.13,0.88,156.224635,4.949365,7.5286,132.7847,20.8607,10.905282,6.438755,0.45,3.389074,0.07,19.11797201711478,26.53852406335082,26.744409702750026,255.94949999999994,5.684341886080802e-14,-18.25813422484408
FY2024-25,2025,SHINHAN BANK,16013.9755,3176.5639,10764.6131,6.6814,297.4819,633.1908,1132.1581,13521.7882,391.9,,16013.9755,1017.8909,80.1332,1098.0241,736.4002,188.9109,281.4907,72.5602,172.713,100.1528,16.94,15.97,0.97,20.8607,30.350995,24.698,0.7156,25.798095,6.438755,16.334947,0.72,5.840968,0.15,20.951806371617067,23.878720155383483,20.526237248811906,281.49069999999995,5.684341886080802e-14,80.60648902866541
FY2021-22,2022,SHIVALIK SMALL FINANCE BANK LIMITED,1890.0204,425.108,1108.6036,41.4866,37.8669,89.9358,15.0823,1592.9094,167.7678,,1890.0204,130.8605,15.1832,146.0437,75.0343,66.325,55.8262,3.9432,4.6844,0.7412,21.73,15.46,6.27,,49.4411,16.9263,0.0082,32.5066,,14.7698,0.05,,1.31,,,,55.8262,0.0,
FY2022-23,2023,SHIVALIK SMALL FINANCE BANK LIMITED,2249.8494,480.1385,1407.371,63.0395,40.777,108.4666,52.3523,1894.2586,164.5141,,2249.8494,203.6242,15.1001,218.7243,106.4168,106.0021,97.2074,4.7755,6.3054,1.5299,23.46,18.64,4.82,32.5066,13.8563,8.1834,5.4457,32.7338,14.7698,16.3026,0.07,1.151006,1.14,19.038365935097843,18.918163205013407,26.9498854234282,97.2074,0.0,106.40852671343768
FY2023-24,2024,SHIVALIK SMALL FINANCE BANK LIMITED,3028.5229,495.6309,2095.379,102.4896,50.659,122.636,109.5346,2409.6555,335.8372,,3028.5229,280.671,28.705,309.376,144.6586,146.1641,136.0124,16.1579,18.5533,2.3954,20.19,16.75,3.44,32.7338,16.5496,5.482,1.0925,42.7089,16.3026,17.6338,0.09,1.219066,0.84,34.61002767563019,27.20837059945247,48.8860435521266,136.01239999999999,2.842170943040401e-14,56.57232498856133
FY2024-25,2025,SHIVALIK SMALL FINANCE BANK LIMITED,4119.7598,634.529,2934.5595,141.9527,64.0582,149.4368,201.8997,3161.0625,515.0647,,4119.7598,374.8097,48.0743,422.884,207.6918,194.2795,167.1179,19.9699,20.9127,0.9428,20.95,18.37,2.58,42.7089,63.7602,14.9075,11.4351,80.1265,17.6338,17.6338,0.03,0.323149,1.51,36.031984437033636,31.183171204348504,40.049103288712914,167.11790000000002,-2.842170943040401e-14,-60.641229022292734
FY2015-16,2016,SOCIETE GENERALE,5970.3642,1665.759,3549.7178,83.3326,359.9034,709.922,248.5488,3561.2108,1048.0586,402.624,5970.3642,404.9179,76.4846,481.4025,242.6763,127.2352,162.2416,53.897,111.491,57.594,26.8,18.87,7.93,,,,,,,,0.88,6.19507616542491,,,,,162.24159999999998,2.842170943040401e-14,
FY2016-17,2017,SOCIETE GENERALE,3943.355,1373.8998,1873.2488,69.4374,483.6476,782.6968,249.0046,1789.2292,592.0437,530.3807,3943.355,307.5847,53.569,361.1537,187.2185,122.9791,120.3662,50.5003,50.9561,0.4558,28.63,21.01,7.62,,,,,,,,0.01,0.0458050815904272,,-33.95118173862828,-49.75784078830716,-47.228233185184465,120.36619999999999,1.4210854715202004e-14,-99.20859811785951
FY2017-18,2018,SOCIETE GENERALE,5356.4524,1343.6364,2720.0757,62.3001,770.1163,782.6968,266.3887,2695.1622,864.314,747.8907,5356.4524,253.6269,85.7851,339.412,124.741,117.7156,128.8859,79.5713,96.9554,17.3841,18.49,12.83,5.66,,70.0,,,70.0,,52.5,0.37,1.67091594050309,1.93,35.83490200603294,50.63258524955887,45.206322833357724,128.8859,0.0,3713.9754278192195
FY2018-19,2019,SOCIETE GENERALE,7092.7115,2240.0038,1494.9858,55.2328,2701.651,1449.3748,271.896,2312.1395,629.5314,2429.7698,7092.7115,307.1316,106.5046,413.6362,184.5202,127.7397,122.6114,95.8689,101.3763,5.5074,16.59,15.86,0.73,70.0,78.9178,,,148.9178,52.5,45.4466,0.09,0.397595067464788,3.04,32.414347600661976,-14.21148975746246,-45.03881638294111,122.6114,0.0,-68.31932628091187
FY2019-20,2020,SOCIETE GENERALE,10196.9779,3061.51,1574.4312,50.6566,4993.2742,1449.3748,300.7032,2745.1332,303.7737,,10196.9779,315.6015,79.529,395.1305,140.2012,143.1389,175.4003,69.2657,111.7904,42.5247,12.58,11.6,0.98,148.9178,,70.0,,78.9178,45.4466,,0.54,2.450039017,,43.76699094556433,18.72697127487333,5.314124053887337,175.4003,0.0,672.137487743763
FY2020-21,2021,SOCIETE GENERALE,8072.6053,2842.3814,1199.2805,47.6938,3457.6547,1670.7273,399.1073,2095.5733,153.531,,8072.6053,301.6881,97.3449,399.033,92.6736,125.2958,209.0145,82.6595,181.0636,98.4041,17.07,15.88,1.19,78.9178,,,,78.9178,,,0.97,5.152,,-20.8333549492149,-23.66223613484403,-23.827697266161895,209.01450000000003,-2.842170943040401e-14,131.40457193113647
FY2021-22,2022,SOCIETE GENERALE,9036.3366,3236.2059,1399.045,50.3579,3277.9894,2697.4653,466.0957,1748.019,309.2334,,9036.3366,321.0789,14.4043,335.4832,68.3695,150.9214,252.7094,49.2041,116.1923,66.9882,24.47,23.13,1.34,78.9178,,,,78.9178,,,0.7,2.560028,,11.938293328920713,-16.58516550101111,16.657028943604104,252.70939999999996,2.842170943040401e-14,-31.925397417384026
FY2022-23,2023,SOCIETE GENERALE,11627.7309,4956.2213,1276.3175,46.3076,4592.3798,2697.4653,465.0796,1929.6898,461.1927,,11627.7309,427.3011,-5.5928,421.7083,154.547,173.9417,272.7541,43.2355,93.2196,49.9841,23.64,22.48,1.16,78.9178,,,,78.9178,,,0.44,1.580249,,28.677487511919363,10.392953394671345,-8.772233916707462,272.7541,0.0,-25.383724297712142
FY2023-24,2024,SOCIETE GENERALE,10074.1981,5226.2743,1422.8655,43.3254,3138.9848,2697.4653,530.6261,1655.3676,470.4042,,10074.1981,504.2498,91.4204,595.6702,237.1713,196.2778,267.0785,93.1384,162.2211,69.0827,29.26,27.84,1.42,78.9178,,,73.2807,5.6371,,,0.73,2.161998,,-13.360584393985253,-14.215870343513249,11.482095951830162,267.07849999999996,5.684341886080802e-14,38.20935057348238
FY2024-25,2025,SOCIETE GENERALE,9981.0564,5974.5367,827.0142,40.4206,2606.6084,2697.4653,634.3088,2059.5868,774.9984,,9981.0564,489.1443,19.4647,508.609,194.5653,189.7944,294.579,22.4513,124.2493,101.798,26.01,24.63,1.38,5.6371,,1.6949,,3.9422,,,1.06,3.103661,,-0.9245569630003669,24.418697091812124,-41.87685343414399,294.57899999999995,5.684341886080802e-14,47.356718831197966
FY2015-16,2016,SONALI BANK,96.3202,7.1775,21.4363,0.6081,4.4718,0.6148,12.9044,72.9775,,9.8235,96.3202,3.6526,7.6822,11.3348,1.5963,6.8094,2.0563,1.3071,2.9291,1.622,14.57,14.33,0.24,2.8095,0.3088,0.0942,,3.0241,0.5764,0.7374,1.92,12.7738160397233,3.44,,,,2.0563000000000002,-4.440892098500626e-16,
FY2016-17,2017,SONALI BANK,107.8286,7.9407,21.5853,0.4633,4.9455,0.6148,14.1859,82.3669,,10.661,107.8286,3.2353,9.3637,12.599,1.9616,7.2944,1.2737,2.0615,3.343,1.2815,15.79,15.57,0.22,3.0241,1.4684,0.0283,,4.4642,0.7374,1.5388,1.14,9.05017319976412,7.13,11.94806489189184,12.866157377273812,0.6950826401944443,1.2737,0.0,-20.99260172626387
FY2017-18,2018,SONALI BANK,104.24,9.3148,31.3178,0.4266,4.2801,0.6148,17.7151,74.8316,,11.0785,104.24,4.35,11.3758,15.7258,2.0988,7.2769,2.2512,2.8254,6.3501,3.5247,20.41,20.15,0.26,4.4642,,1.3189,,3.1453,1.5388,0.1327,2.95,21.2776104266147,0.42,-3.328059531515759,-9.14845647948388,45.08855563740137,2.2511999999999994,4.440892098500626e-16,175.04486929379635
FY2018-19,2019,SONALI BANK,126.4552,9.3113,25.2428,0.5061,2.7657,0.6148,18.0173,98.3181,,9.505,126.4552,4.1042,10.832,14.9362,1.6896,7.6179,2.4146,2.673,5.6287,2.9557,18.78,18.61,0.17,3.1453,1.4055,0.0884,,4.4624,0.1327,1.0057,2.3,15.9931821871111,3.98,21.311588641596323,31.385804927330184,-19.397914285166905,2.4145999999999996,4.440892098500626e-16,-16.143217862513115
FY2019-20,2020,SONALI BANK,129.5527,12.2778,24.758,0.4243,2.3343,0.6148,14.2598,101.9775,,,129.5527,3.386,8.9835,12.3695,2.2537,7.7312,1.1323,1.0591,2.3846,1.3255,16.68,16.53,0.15,4.4624,0.2378,0.0895,,4.6107,1.0057,1.1214,1.02,7.911850466,4.53,2.449484086063669,3.7220003234399446,-1.920547641307624,1.1323000000000003,-2.220446049250313e-16,-55.15444733903983
FY2020-21,2021,SONALI BANK,184.9167,17.2799,35.6184,0.3343,2.188,0.6148,16.7145,155.2984,,,184.9167,4.2713,9.2823,13.5536,2.088,6.4346,2.1833,2.3707,5.031,2.6603,14.11,13.92,0.19,4.6107,,0.3177,,4.293,1.1214,0.6253,1.71,16.522,1.76,42.73473266091714,52.28692603760632,43.86622505856694,2.1833,0.0,100.70162202942288
FY2021-22,2022,SONALI BANK,164.3314,16.7758,32.4781,0.3562,2.6849,0.8995,19.8679,130.2511,,,164.3314,4.4333,12.3908,16.8241,1.9441,6.6902,2.4892,3.7885,8.1898,4.4013,15.54,15.29,0.25,4.293,,,,4.293,0.6253,,2.23,23.105938,,-11.132201688652232,-16.12849842625551,-8.816510567571822,2.4892000000000003,-4.440892098500626e-16,65.4437469458332
FY2022-23,2023,SONALI BANK,183.017,35.9776,37.728,0.6677,3.3648,41.657,22.3555,98.0281,,,183.017,6.3742,13.2276,19.6018,2.4918,9.1862,3.8824,3.4374,7.9238,4.4864,67.82,67.38,0.44,4.2384,,,,4.2384,,0.0063,2.51,10.583641,0.02,11.37068144006561,-24.739138479444712,16.164430801062892,3.8824,0.0,1.9335196419239642
FY2023-24,2024,SONALI BANK,288.5483,32.9407,13.1625,0.4773,4.8811,124.8815,24.9621,124.0658,,,288.5483,10.2557,10.6185,20.8742,2.2979,7.4032,7.9578,5.0077,11.1731,6.1654,127.41,127.12,0.29,4.2384,0.2687,0.0094,,4.4977,0.0063,0.2015,2.53,5.765933,1.53,57.66202046804394,26.561465538962814,-65.11211832061069,7.957799999999999,8.881784197001252e-16,37.42421540656207
FY2024-25,2025,SONALI BANK PLC,352.9711,33.593,5.5538,4.3398,6.702,207.3269,24.8843,107.5445,,,352.9711,15.7667,2.5529,18.3196,1.5825,11.6756,14.1842,2.4214,5.0615,2.6401,167.67,167.29,0.38,4.4977,1.4089,0.2728,,5.6338,0.2015,0.6863,0.86,1.382053,12.36,,,,14.1842,0.0,
FY2015-16,2016,SOUTH INDIAN BANK LTD,63474.8793,14743.928,41085.7478,486.9904,3883.7434,135.0309,3710.5517,55720.7302,2614.956,1293.6105,63474.8793,5557.1979,517.4237,6074.6216,4047.4999,1147.8429,1509.698,546.0124,879.2788,333.2664,11.82,9.83,1.99,643.45,1609.7,519.63,171.16,1562.36,357.05,1185.26,0.55,8.96194327642015,2.89,,,,1509.6980000000003,-2.2737367544323206e-13,
FY2016-17,2017,SOUTH INDIAN BANK LTD,74312.1535,19429.6746,46389.4705,656.1006,3949.1912,180.2836,4668.2063,66117.4898,1957.7569,1388.4169,74312.1535,5847.0837,715.5648,6562.6485,4171.6459,1176.4042,1675.4378,822.0938,1214.5984,392.5046,12.37,10.88,1.49,1562.36,1697.96,2037.48,73.83,1149.01,1185.26,674.56,0.57,9.02924607541518,1.45,17.07332777866346,18.658692308378978,12.908911201562724,1675.4377999999997,2.2737367544323206e-13,17.775029225868554
FY2017-18,2018,SOUTH INDIAN BANK LTD,82685.8749,18363.078,54562.8867,680.7812,4858.0792,180.8831,5062.2907,72029.5937,4043.38,1369.7274,82685.8749,6192.8104,837.2447,7030.0551,4227.2874,1321.9769,1965.523,1145.8987,1480.7908,334.8921,12.7,10.41,2.29,1149.01,1810.34,672.18,306.87,1980.3,674.56,1415.8,0.43,6.63700475869009,2.6,11.26830673800887,8.941815422641785,17.61911940771128,1965.5230000000001,-2.2737367544323206e-13,-14.678171924609284
FY2018-19,2019,SOUTH INDIAN BANK LTD,92279.2178,19081.3789,62693.7446,708.6629,4972.6766,180.9682,5156.1056,80420.1181,4903.2033,1618.8226,92279.2178,6876.5237,726.213,7602.7367,4856.8176,1506.9322,2019.7061,991.4524,1238.9869,247.5345,12.61,9.97,2.64,1980.3,1847.86,409.76,286.74,3131.66,1415.8,2163.62,0.29,4.67918161007877,3.45,11.602154432788137,11.648718212886443,14.901810354546363,2019.7060999999994,6.821210263296962e-13,-26.085297324123204
FY2019-20,2020,SOUTH INDIAN BANK LTD,97032.9006,20625.2745,64439.4729,800.0419,6978.3496,180.9722,5296.3755,83033.8881,6893.2347,,97032.9006,7763.7981,1045.7503,8809.5484,5446.2991,1717.6138,2317.499,1541.0459,1645.6355,104.5896,13.41,10.79,2.62,3131.66,1369.59,371.97,867.51,3261.77,2163.62,2150.78,0.11,1.934261578,3.34,5.151412109173714,3.250144443645109,2.784533466836492,2317.499,0.0,-57.747465504808424
FY2020-21,2021,SOUTH INDIAN BANK LTD,94149.1734,20321.0845,58056.4761,795.1667,6208.568,209.2741,5599.9691,82710.549,4108.2731,,94149.1734,7305.4447,1229.1687,8534.6134,4898.537,1974.4732,2406.9077,1599.6926,1661.6032,61.9106,15.42,12.79,2.63,3261.77,2339.99,323.84,1134.68,4143.24,2150.78,2734.52,0.06,1.097,4.71,-2.971906623597309,-0.3894061899288537,-9.905414356671438,2406.9076999999997,4.547473508864641e-13,-40.80616045954856
FY2021-22,2022,SOUTH INDIAN BANK LTD,100052.4215,21445.0128,59993.3907,811.0541,6599.5363,209.2741,5645.1495,89142.1078,3294.4934,,100052.4215,6586.5375,1034.1031,7620.6406,4346.7803,2026.2913,2239.7572,1202.587,1247.569,44.982,15.86,13.22,2.64,4143.24,2159.23,1952.74,701.64,3648.09,2734.52,1777.77,0.04,0.771318,2.97,6.270100827034986,7.775983689819288,3.336259329043223,2239.7572,0.0,-27.343621286177168
FY2022-23,2023,SOUTH INDIAN BANK LTD,107698.1813,24641.8041,69804.4444,877.9163,5293.5292,209.2741,6465.4154,91651.353,6993.8514,,107698.1813,7233.1794,812.6275,8045.8069,4221.0962,2317.384,3012.0832,732.2388,1507.3267,775.0879,17.25,14.74,2.51,3648.09,1513.22,1295.82,157.23,3708.26,1777.77,1293.61,0.73,12.37259,2.0,7.641753877990842,2.8148820595871094,16.35355759280328,3012.0832,0.0,1623.1067982748655
FY2023-24,2024,SOUTH INDIAN BANK LTD,117412.79,23977.0194,78060.6486,966.4796,4386.4661,261.5926,8561.9469,101920.2587,3912.0935,,117412.79,8612.8089,1515.5156,10128.3245,5280.7529,2979.9029,3332.056,797.5839,1867.6687,1070.0848,19.91,17.65,2.26,3708.26,1395.48,1155.76,327.64,3620.34,1293.61,1134.58,0.93,13.809124,1.46,9.020216110186063,11.204314354202726,11.827619675173583,3332.0559999999996,4.547473508864641e-13,38.059799411137774
FY2024-25,2025,SOUTH INDIAN BANK LTD,124655.1221,21777.1814,85682.066,1018.2941,3917.4839,261.6301,9838.2856,107525.6011,4300.4755,,124655.1221,9413.3104,1813.4291,11226.7395,5927.668,3028.9876,3485.6424,967.1987,2270.0839,1302.8852,19.31,17.98,1.33,3620.34,1176.44,954.23,1042.71,2799.84,1134.58,790.52,1.06,13.770056,0.92,6.168265058687394,5.4997332929650256,9.763456410737547,3485.6424000000006,-4.547473508864641e-13,21.755322568828174
FY2015-16,2016,STANDARD CHARTERED BANK,129861.9144,33909.6587,66536.0424,1423.3713,20998.8082,7440.0742,17257.6649,75193.0663,10452.9104,19518.1986,129861.9144,10019.0993,1993.4803,12012.5796,4154.0669,2917.5223,5865.0324,3934.4869,4940.9904,1006.5035,12.98,12.36,0.62,6656.38,5161.2051,781.3385,200.7083,10835.5383,230.6403,714.7858,0.75,3.97463589297724,1.07,,,,5865.0324,0.0,
FY2016-17,2017,STANDARD CHARTERED BANK,144988.8139,36420.4546,68629.274,1417.2114,29268.8702,7440.0742,18947.42,80115.786,12281.9694,26203.5643,144988.8139,9610.3296,2624.5081,12234.8377,4239.3514,3091.3128,5370.9782,2463.7411,4904.1735,2440.4324,14.05,13.43,0.62,10835.5383,2031.8088,2021.3888,2813.2968,8032.6615,714.7858,121.3597,1.7,9.55435550492044,0.18,11.648449485663836,6.546773448976895,3.146011581837027,5370.9782,0.0,142.46636002756077
FY2017-18,2018,STANDARD CHARTERED BANK,139264.4267,39254.3023,64165.7966,1323.7559,18494.1606,7440.0742,19043.1687,83607.421,14210.5215,14963.2413,139264.4267,9615.721,1846.3646,11462.0856,4015.5678,3328.1862,5600.1532,2207.1639,4118.3316,1911.1677,15.82,15.22,0.6,8032.6615,4140.0665,3127.2332,604.3939,8441.1009,121.3597,373.8457,1.31,7.2295859858553,0.58,-3.948157824056797,4.358235966130342,-6.503751445775174,5600.1532,0.0,-21.687332949685477
FY2018-19,2019,STANDARD CHARTERED BANK,171249.3417,53918.2018,66838.0711,1307.4626,31763.4763,7440.0742,19778.3434,105087.5049,11527.9669,27415.4523,171249.3417,10500.0503,1841.4506,12341.5009,4918.859,3492.8586,5581.1913,1761.2328,3929.7833,2168.5505,15.46,14.67,0.79,8441.1009,1419.606,861.2315,2308.6978,6690.7776,373.8457,259.8361,1.38,8.07628844176988,0.39,22.967038861188204,25.69159967271326,4.164640106720041,5581.1913,0.0,13.467305877971869
FY2019-20,2020,STANDARD CHARTERED BANK,184499.5235,48503.338678,76213.727976,1379.653726,42112.687066,7440.0742,21412.540304,100394.582364,16725.57907,,184499.5235,11405.632194,3056.119411,14461.751605,5040.983412,3503.758331,6364.648782,3082.332423,5917.009862,2834.677439,14.89,13.91,0.98,6690.7776,2485.2072,913.7652,3110.9834,5151.2362,259.8361,608.9131,1.78,10.11102287,0.8,7.737362181054164,-4.46572838556375,14.027419884653124,6364.648782,0.0,30.717612478934676
FY2020-21,2021,STANDARD CHARTERED BANK,175359.506414,57848.160696,71823.845733,1325.385251,26956.728589,7440.0742,22752.002592,112365.152267,6123.517401,,175359.506414,10764.726634,2564.643265,13329.369899,4136.7916,3486.527986,6627.935034,2646.572802,5706.050313,3059.477511,15.7,14.53,1.17,5151.236258,4680.172086,3460.726238,1696.950684,4673.731422,608.91304,531.95886,1.76,10.363,0.74,-4.953951594351958,11.923521788853474,-5.7599626203594045,6627.935034000001,-9.094947017729282e-13,7.930358103788482
FY2021-22,2022,STANDARD CHARTERED BANK,175938.123419,43777.719772,73181.581094,1309.737317,22126.260904,7440.0742,25499.96758,112852.643421,5614.312532,,175938.123423,10626.941486,2407.349053,13034.290539,3132.61919,3783.952257,7494.322296,1648.73879,6117.719092,4468.980302,15.95,14.79,1.16,4673.731429,2380.606392,1843.145942,1324.84152,3886.350359,531.958805,397.906854,2.64,14.157549,0.54,0.3299604434526371,0.4338454976162254,1.8903685080401855,7494.322296,0.0,46.070049082965795
FY2022-23,2023,STANDARD CHARTERED BANK,228486.2683,95344.59451,85879.62829,1443.521367,30209.95084,7440.0742,30202.42609,132582.7611,23490.99424,,228486.2683,12313.62622,2023.577202,14337.20342,4105.444162,4032.290559,8208.182056,1578.094495,6199.468699,4621.374205,17.29,15.58,1.71,3886.350444,1229.317933,1460.248948,422.629482,3232.789947,397.906855,375.184017,2.35,13.09495,0.437,29.867401027039243,17.483079776338272,17.351425052828052,8208.182058,-2.0000006770715117e-06,3.410037473913219
FY2023-24,2024,STANDARD CHARTERED BANK,237130.1021,110050.83,87076.26683,1499.079411,25128.42324,7440.0742,31154.29193,144090.4628,21183.38108,,237130.1021,16786.67843,4861.654681,21648.33311,7496.763567,8421.431123,9289.91486,2000.32429,5730.138418,3729.814128,16.19,14.4,1.79,3232.789947,1472.043176,1463.596355,566.868529,2674.368239,375.184017,301.883446,1.63,9.784804,0.347,3.783086775547817,8.67963648103569,1.393390451061527,9289.914863,-2.999999196617864e-06,-19.292098788178524
FY2024-25,2025,STANDARD CHARTERED BANK,258908.5019,110934.3778,84958.28203,1501.784174,41149.40699,7440.0742,33574.08342,145896.2061,22660.82044,,258908.5019,16930.13315,3007.456018,19937.58916,7431.291,8846.6099,9498.842145,1787.031964,3659.688263,1872.656299,15.16,13.93,1.23,2674.368239,1648.294697,1251.256471,1054.875265,2016.5312,301.883446,285.569108,0.747,4.704663,0.336,9.184156548296784,1.25320112442584,-2.4323330306924573,9498.84215,-4.999999873689376e-06,-49.79223535720384
FY2015-16,2016,STATE BANK OF BIKANER AND JAIPUR,110288.0804,24734.1846,72927.4631,398.5739,2404.9961,70.0,6672.7962,94004.8464,4888.3553,4652.0825,110288.0804,9592.4728,1057.0492,10649.522,6288.1329,2056.355,3304.3399,1454.4344,2305.0341,850.5997,10.44,8.34,2.1,2945.14,2719.49,1209.53,852.34,3602.76,1769.17,2005.19,0.83,13.3370150992359,2.75,,,,3304.3399,0.0,
FY2016-17,2017,STATE BANK OF BIKANER AND JAIPUR,116293.3423,34922.3745,64830.0141,1353.6479,4588.1451,70.0,6282.0004,104008.7251,1553.7534,4378.8634,116293.3423,9153.5227,1415.6173,10569.14,6274.8985,2352.0993,2878.6242,3310.4747,1942.1422,-1368.3325,9.0,7.13,1.87,3602.76,9673.74,1013.87,1585.84,10676.79,2005.19,6829.7,-1.22,-20.8988736793361,10.53,5.445068839914269,10.641875481007123,-11.103428880964316,2878.6241999999993,9.094947017729282e-13,-260.8667978603802
FY2015-16,2016,STATE BANK OF HYDERABAD,164596.781,38007.595,111065.3464,685.9591,7012.7868,20.75,10378.882,137174.0653,8874.5294,8148.5543,164596.781,14187.2066,1445.5764,15632.783,9593.5942,2746.5269,4593.6124,2227.7374,3292.6619,1064.9245,11.62,9.27,2.35,4984.77,5818.75,3008.67,1203.94,6590.91,2348.51,3743.16,0.65,10.6512742275095,3.37,,,,4593.6124,0.0,
FY2016-17,2017,STATE BANK OF HYDERABAD,163189.88,43628.7698,79375.5667,1662.3337,9740.611,20.75,8867.2244,141898.9348,5619.0539,6783.9169,163189.88,13177.133,1910.9214,15088.0544,9378.404,2799.7965,3798.729,5670.1298,2909.8539,-2760.2759,11.72,9.22,2.5,6590.91,15348.52,2297.77,1429.72,18211.94,3743.16,10193.83,-1.55,-28.6222752865799,12.84,-0.8547560842031232,3.4444335302498352,-28.532553786731807,3798.7289999999994,4.547473508864641e-13,-359.19921083607335
FY2015-16,2016,STATE BANK OF INDIA,2357617.5391,575651.7828,1463700.4175,10389.2772,140408.4051,776.2777,143498.1583,1730722.4361,323344.5861,159276.0809,2357617.5391,163998.2975,27845.3687,191843.6662,106803.4921,41782.3665,57194.8054,33307.1539,43257.8076,9950.6537,13.12,9.92,3.2,56725.34,64198.49,6987.77,15763.26,98172.8,27590.58,55807.02,0.46,7.29753698180406,3.81,,,,57194.80539999998,1.4551915228366852e-11,
FY2016-17,2017,STATE BANK OF INDIA,2705966.3041,765989.6309,1571078.3811,42918.9179,154007.7244,797.3504,187488.7122,2044751.3947,317693.6583,155235.1885,2705966.3041,175518.2404,35460.9275,210979.1679,113658.5034,46472.7694,61859.737,40363.7925,50847.8951,10484.1026,13.11,10.35,2.76,98172.8,39071.38,4331.39,20569.8,112342.99,55807.02,58277.38,0.41,6.30507991426255,3.71,14.77545696970759,18.14438595408927,7.336061554412998,61859.73700000001,-7.275957614183426e-12,5.3609432714958105
FY2017-18,2018,STATE BANK OF INDIA,3454751.9966,1060986.715,1934880.1891,39992.2511,226994.1995,892.4588,218236.1015,2706343.285,362142.0745,167138.0768,3454751.9966,220499.3156,44600.6871,265100.0027,145645.6,59943.4464,74853.7156,66058.41,59510.9563,-6547.4537,12.6,10.36,2.24,,,,,,,,-0.19,-3.21414761865682,5.73,27.671656197841866,32.355615064738316,23.15618446390191,74853.7156,0.0,-162.45125548466112
FY2018-19,2019,STATE BANK OF INDIA,3680914.2489,967021.9475,2185876.9177,39197.5694,266327.7028,892.4612,220021.3633,2911386.0107,403017.1182,145597.2955,3680914.2489,242868.6535,36774.8878,279643.5413,154519.778,69687.7374,88348.8755,54573.7961,55436.0259,862.2298,12.72,10.65,2.07,223427.46,32738.05,24509.97,58905.18,172750.36,110854.7,65894.74,0.02,0.391884886448784,3.01,6.546410640259492,7.576375356240139,12.972210373229863,88348.8755,0.0,-113.1689331380839
FY2019-20,2020,STATE BANK OF INDIA,3951393.918,1046954.5175,2325289.5607,38439.2818,289613.5526,892.4612,231114.9663,3241620.7343,314655.6521,,3951393.918,257323.5922,45221.478,302545.0702,159238.7657,75173.6902,98084.8265,53644.5037,68132.6143,14488.1106,13.06,11.0,2.06,172750.36,49826.28,21122.42,52362.37,149091.85,65894.74,51871.3,0.38,6.397628964,2.23,7.348165450494526,11.342869766712926,6.377881657979678,98084.82650000002,-2.9103830456733704e-11,1580.3073380205603
FY2020-21,2021,STATE BANK OF INDIA,4534429.6312,1351705.2051,2449497.7911,38419.2419,351768.6837,892.4612,252982.7285,3681277.0796,417297.6988,,4534429.6312,265150.6338,43496.3747,308647.0085,154440.6333,82652.2235,110710.0005,51143.6823,71554.1517,20410.4694,13.74,11.44,2.3,149091.85,28563.45,16864.08,34402.2,126389.02,51871.3,36809.72,0.48,8.401,1.5,14.755190833899533,13.562855785315664,5.341624221742469,110710.00050000002,-2.9103830456733704e-11,40.877371546293986
FY2021-22,2022,STATE BANK OF INDIA,4987597.4055,1481445.4702,2733966.5926,37708.1583,339924.8633,892.4612,279195.5989,4051534.1226,426043.3798,,4987597.4053,275457.2904,40563.914,316021.2044,154749.7043,93397.5152,120707.5861,36198.0044,67873.9849,31675.9805,13.83,11.42,2.41,126389.02,25021.23,19720.66,19666.22,112023.37,36809.72,27965.71,0.67,11.86448,1.02,9.99393112602065,10.057842292062169,11.613352032142599,120707.58609999999,1.4551915228366852e-11,55.19476734817279
FY2022-23,2023,STATE BANK OF INDIA,5516978.527,1570366.226,3199269.297,42381.8031,397061.5829,892.4612,326715.9877,4423777.776,493135.1562,,5516978.527,332103.0602,36615.5976,368718.6578,187262.5556,97743.1361,144840.5046,33480.5125,83712.9661,50232.4536,14.68,12.06,2.62,112023.37,18420.64,15454.96,24061.27,90927.78,27965.71,21466.64,0.96,16.532086,0.67,10.61395053490548,9.187721049258224,17.019326631840713,144840.50460000001,-2.9103830456733704e-11,58.58215849072137
FY2023-24,2024,STATE BANK OF INDIA,6179693.945,1671339.656,3703970.854,42617.2525,450964.1944,892.4612,376354.0725,4916076.769,597560.9078,,6179693.945,415130.6555,51682.1637,466812.8192,255254.8288,124860.8135,159875.8267,25620.5567,86697.1769,61076.6202,14.28,11.93,2.35,90927.78,20316.9,10806.98,16161.37,84276.33,21466.64,21051.08,1.04,17.330266,0.57,12.012289240508768,11.128474754560113,15.775525913784927,159875.8267,0.0,21.587969176962506
FY2024-25,2025,STATE BANK OF INDIA,6676053.269,1690572.747,4163312.102,44107.5526,437831.1809,892.462,440269.6581,5382189.528,563572.5236,,6676053.269,462489.3535,61683.0592,524172.4127,295524.2252,118069.0222,166965.1283,39678.5372,110579.1653,70900.6281,14.25,12.11,2.14,84276.33,20817.57,7904.99,20308.71,76880.2,21051.08,19666.92,1.1,17.326461,0.47,8.032102049351565,9.481397075392174,12.401319181654657,166965.12830000004,-2.9103830456733704e-11,16.084727458445713
FY2015-16,2016,STATE BANK OF INDIA AND ITS ASSOCIATES,2961646.4778,725996.3673,1849299.3848,14279.4648,170070.5865,1647.6759,178919.0939,2240542.0984,352108.9748,188428.6348,2961646.4778,214971.7211,33429.557,248401.2781,142584.1627,52084.1195,72387.5584,42143.637,53732.9959,11589.3589,,,,73508.45,90777.15,22003.28,20313.76,121968.56,37277.73,68894.38,,,,,,,72387.55840000001,-1.4551915228366852e-11,
FY2016-17,2017,STATE BANK OF INDIA AND ITS ASSOCIATES,3323191.0546,941885.5617,1868395.144,49883.7394,192312.7889,3974.8236,216245.0033,2584616.8101,334621.5817,183732.8359,3323191.0546,223959.7807,42747.0031,266706.7838,148849.9335,58285.2414,75109.8472,60954.288,59571.6089,-1382.6791,,,,121968.56,111577.49,27896.65,27838.78,177810.62,68894.38,96932.22,,,,12.207553450760479,15.356761738407322,1.0325942547190659,75109.84719999999,1.4551915228366852e-11,-111.93059177760041
FY2015-16,2016,STATE BANK OF MYSORE,82975.0038,20123.9554,53954.178,970.9091,4225.4026,48.0134,5193.7773,70568.2897,4294.749,2870.1744,82975.0038,7127.7658,812.0126,7939.7784,5012.4239,1675.8312,2115.3419,893.6748,1251.5233,357.8485,12.43,9.28,3.15,2136.42,3573.35,1486.18,588.03,3635.56,1121.58,2257.18,0.44,7.03445891864177,4.18,,,,2115.3419000000004,-4.547473508864641e-13,
FY2016-17,2017,STATE BANK OF MYSORE,88995.7545,23861.6246,34474.6282,1532.5779,5289.6904,48.0134,3752.9182,78474.2205,2648.5161,4072.0863,88995.7545,6829.9958,997.4066,7827.4024,4956.9019,1956.9187,1873.0939,2919.8394,913.5818,-2006.2576,12.41,8.09,4.32,3635.56,8249.01,1808.88,161.14,9914.55,2257.18,5824.34,-2.29,-44.3728676706129,16.89,7.256101746632271,11.203234248144177,-36.103876515364576,1873.0938999999998,2.2737367544323206e-13,-660.6444067810819
FY2015-16,2016,STATE BANK OF PATIALA,131662.2936,31417.0205,82185.7074,1389.8975,11304.8506,661.5306,7225.4618,106953.6611,7757.3175,9064.3226,131662.2936,10457.0994,1121.3616,11578.461,7831.562,1919.2639,2625.5374,2800.0349,1827.6351,-972.3998,10.88,7.7,3.18,4359.73,9230.86,5667.85,1156.17,6766.57,3049.23,3268.16,-0.82,-12.8528622100124,3.98,,,,2625.5373999999993,9.094947017729282e-13,
FY2016-17,2017,STATE BANK OF PATIALA,122829.1649,32706.1052,70018.9803,1420.4474,13367.0814,2967.6056,5510.4437,100794.6315,4071.6,9484.8841,122829.1649,9743.4297,1480.5062,11223.9359,7481.2236,2287.8944,2262.2061,5034.2639,1454.8179,-3579.446,11.18,7.78,3.4,6766.57,29616.54,15008.04,3527.7,17847.37,3268.16,10840.33,-2.8,-43.7450275485702,15.48,-6.708928166507344,-5.758596327283638,-14.803945217365133,2262.2061000000003,-4.547473508864641e-13,268.1043537853463
FY2015-16,2016,STATE BANK OF TRAVANCORE,114506.7799,36061.829,65466.2724,444.848,4714.1453,71.1042,5950.0183,101118.7998,2949.4375,4417.4201,114506.7799,9608.879,1148.1885,10757.0675,7054.9576,1903.776,2553.9214,1460.6016,1798.3339,337.7323,11.6,9.19,2.41,2357.05,5236.21,3643.28,750.02,3199.96,1398.66,1813.67,0.31,5.99162661114236,2.77,,,,2553.921400000001,-9.094947017729282e-13,
FY2016-17,2017,STATE BANK OF TRAVANCORE,125916.6088,40777.0567,48617.5736,995.8146,5319.5366,71.1042,4343.7044,114688.9035,3035.0,3777.8967,125916.6088,9537.4591,1481.6241,11019.0832,7100.0021,2415.7631,2437.457,3655.7877,1503.318,-2152.4697,12.19,9.94,2.25,3199.96,9618.3,3436.7,564.58,8816.98,1813.67,4966.64,-1.75,-41.251128996051,10.22,9.964326051229744,13.419961200923991,-25.73645662464814,2437.4570000000003,-4.547473508864641e-13,-737.3301280333566
FY2015-16,2016,SUMITOMO MITSUI BANKING CORPORATION,9060.2207,3323.9928,3947.8483,20.9874,483.5454,3488.9825,251.7779,4226.7558,662.55,430.1545,9060.2207,609.3476,45.2657,654.6133,295.4372,99.4445,313.9104,114.0486,259.7316,145.683,55.31,54.86,0.45,,,,,,,,1.69,3.97181633394098,,,,,313.91040000000004,-5.684341886080802e-14,
FY2016-17,2017,SUMITOMO MITSUI BANKING CORPORATION,13943.0161,2836.0297,5369.7115,22.891,604.0781,3488.9825,394.1099,8678.5748,869.6385,511.7104,13943.0161,754.185,43.6628,797.8478,425.4121,118.7661,328.7729,111.3376,253.6696,142.332,41.8,41.43,0.37,,,,,,,,1.22,3.73386012909378,,53.89267614639897,105.32472682713303,36.01615593993315,328.77289999999994,5.684341886080802e-14,-2.3001997487695935
FY2017-18,2018,SUMITOMO MITSUI BANKING CORPORATION,13350.2823,4243.1283,6131.4409,14.2102,665.7852,3488.9825,529.2221,8070.6069,741.0398,520.431,13350.2823,767.429,40.5087,807.9377,433.8973,133.1808,333.5317,105.7477,240.8596,135.1119,37.57,37.24,0.33,,,,,,,,1.05,3.41999294546199,,-4.251116083843575,-7.005388718894268,14.185667144314905,333.5317,0.0,-5.0727173088272455
FY2018-19,2019,SUMITOMO MITSUI BANKING CORPORATION,14416.7986,4381.487,6919.9514,10.5272,806.5437,3488.9825,699.8032,9272.4118,229.0917,726.5094,14416.7986,1047.1598,74.7696,1121.9294,670.2172,145.7746,376.9426,135.3565,305.9376,170.5811,30.33,29.78,0.55,,,,,,,,1.12,4.15697091782843,,7.988717212369356,14.891134147544726,12.86011743177693,376.94259999999986,1.7053025658242404e-13,26.251721721032716
FY2019-20,2020,SUMITOMO MITSUI BANKING CORPORATION,24919.858298,6925.466723,10919.738633,10.526552,1418.39316,7947.5325,941.463203,14479.658801,257.261,,24919.858298,1246.948814,145.389918,1392.338732,768.220512,171.561792,478.728302,210.896438,452.556428,241.65999,40.86,40.1,0.76,,,,,,,,1.22,3.695733742,,72.85292657136793,56.158495905024395,57.80079948249348,478.7283020000001,-1.1368683772161603e-13,41.66867841748001
FY2020-21,2021,SUMITOMO MITSUI BANKING CORPORATION,26580.815595,5280.047394,10762.662314,24.488836,1103.224266,7947.5325,1293.840411,15652.440609,636.057,,26580.815595,1298.171859,164.429333,1462.601192,606.516984,205.569491,691.654875,298.137509,650.514717,352.377208,32.44,31.72,0.72,,,,,,,,1.28,3.887,,6.665195592758666,8.099512731052783,-1.4384622588429874,691.6548750000001,-1.1368683772161603e-13,45.8152870071707
FY2021-22,2022,SUMITOMO MITSUI BANKING CORPORATION,26556.61367,4038.557517,14282.09357,25.028978,1914.916725,7947.5325,1659.468575,14673.138413,500.0,,26556.613671,1173.768717,209.797396,1383.566113,485.625525,229.251066,688.143192,303.061358,668.689522,365.628164,27.71,27.12,0.59,,,,,,,,1.39,3.879679,,-0.09105034762196818,-6.2565463141697535,32.700377967094155,688.143192,0.0,3.760446390732519
FY2022-23,2023,SUMITOMO MITSUI BANKING CORPORATION,34946.50531,9826.327869,14271.86972,25.39131,2887.410193,7947.5325,2139.430255,19822.00916,2204.957329,,34946.50531,1723.047003,279.568271,2002.615274,860.130607,291.116047,862.916396,371.40694,851.36862,479.96168,35.14,34.12,1.02,,,,,,,,1.59,4.874201,,31.592475397108878,35.09045305834668,-0.07158509324904916,862.9163959999998,1.1368683772161603e-13,31.270434626584166
FY2023-24,2024,SUMITOMO MITSUI BANKING CORPORATION,46245.30163,13064.64211,20513.62277,71.154014,3620.270059,7947.5325,2650.338557,28605.19046,3410.40023,,46245.30163,2789.005607,311.317929,3100.323536,1645.416705,482.698428,1143.588902,461.3001,972.208403,510.908303,20.33,19.51,0.82,,,,,,,,1.26,4.939931,,32.331691594829735,44.31024740783642,43.73465546180728,1143.588902,0.0,6.447727868608166
FY2024-25,2025,SUMITOMO MITSUI BANKING CORPORATION,48166.42784,12436.90329,22546.11164,64.588004,3861.735833,9654.5325,3399.024241,30066.45264,1500.0,,48166.42784,3384.138757,383.628889,3767.767646,2148.822861,464.069537,1235.315896,498.524257,1154.875248,656.350991,23.29,22.32,0.97,,,,,,,,1.34,5.550202,,4.154208410987481,5.108381229075709,9.907995739165077,1235.315896,0.0,28.467473937294784
FY2017-18,2018,SURYODAY SMALL FINANCE BANK LIMITED,2163.5008,311.3436,1574.9472,13.5407,56.5082,67.4967,472.2647,749.52,717.8324,156.387,2163.5008,286.8815,38.0443,324.9258,123.1546,131.3764,163.7269,60.2696,70.3948,10.1252,37.94,34.79,3.15,51.25,51.79,3.68,42.79,56.57,37.4,35.49,0.58,1.87586589185518,2.25,,,,163.7269,0.0,
FY2018-19,2019,SURYODAY SMALL FINANCE BANK LIMITED,3761.4641,664.3927,2679.5838,18.9764,122.1498,81.5825,799.0467,1593.4252,1124.2276,163.1821,3761.4641,530.108,66.9223,597.0303,191.2921,193.5299,338.8159,125.6102,212.2083,86.5981,35.03,33.67,1.36,56.57,33.08,6.47,33.56,49.62,29.23,12.01,3.0,12.1935614048699,0.44,73.8600743757525,112.59275269505818,70.13800843609232,338.81589999999994,5.684341886080802e-14,755.2729822620788
FY2019-20,2020,SURYODAY SMALL FINANCE BANK LIMITED,5364.5223,808.1979,3531.9446,38.7296,148.0516,86.5941,979.6357,2848.7141,1264.6156,,5364.5223,766.684,87.4537,854.1377,276.1823,272.1208,490.5017,194.8985,305.8346,110.9361,35.44,34.3,1.14,49.6209,104.2955,4.7795,47.8864,101.2505,12.0059,20.3742,2.49,11.39641854,0.57,42.617931671872114,78.77928000636618,31.809447422394467,490.50169999999997,5.684341886080802e-14,28.104542709366598
FY2020-21,2021,SURYODAY SMALL FINANCE BANK LIMITED,6711.9853,1873.6967,3982.77,43.2196,215.6584,106.1308,1490.7664,3255.6761,1666.62,,6711.9853,776.1494,76.3975,852.5469,365.6538,328.6406,410.4956,146.3971,158.2525,11.8554,51.47,47.23,4.24,101.250418,398.901068,9.525101,96.949422,393.676963,20.374053,188.120801,0.19,0.89,4.73,25.118042663370055,14.285814080114246,12.764226256550003,410.4956,0.0,-89.31330739047073
FY2021-22,2022,SURYODAY SMALL FINANCE BANK LIMITED,8180.183211,2057.680489,4750.883626,115.249403,278.675281,106.158749,1398.959015,3853.882742,2551.335,,8180.183211,941.820957,93.558443,1035.3794,357.365318,413.104482,584.455639,357.9417,264.9096,-93.0321,37.86,34.44,3.42,393.676963,537.263087,101.788422,231.729703,597.421925,188.120801,283.366568,-1.33,-5.998172,5.97,21.874271849194884,18.374267698190238,19.285914727689523,584.455639,0.0,-884.7234171769827
FY2022-23,2023,SURYODAY SMALL FINANCE BANK LIMITED,9861.221119,2570.186468,6015.051072,164.477455,286.35387,106.158749,1478.56873,5166.719863,2765.4139,,9861.221119,1183.682076,97.422421,1281.104497,437.108088,506.53848,746.573988,259.76713,337.457929,77.690799,33.72,30.84,2.88,597.421925,505.2,206.7,704.520599,191.401326,283.366568,92.976153,0.91,5.028783,1.55,20.550125402319686,34.06531046449779,26.60910149601716,746.5739880000001,-1.1368683772161603e-13,-183.5096692431967
FY2023-24,2024,SURYODAY SMALL FINANCE BANK LIMITED,12377.68456,2599.296775,8077.969956,168.793183,351.550684,106.200698,1698.757381,7777.267453,2442.98,,12377.68456,1588.700867,219.384372,1808.085239,626.468741,727.951044,962.232126,237.706664,453.665454,215.95879,28.41,26.54,1.87,191.401326,196.326968,42.28191,103.074761,242.371623,92.976153,69.871831,1.94,12.742113,0.86,25.518781199941177,50.52620732729669,34.2959495988798,962.232126,0.0,177.97215729497128
FY2024-25,2025,SURYODAY SMALL FINANCE BANK LIMITED,15614.38566,3137.484334,9974.349925,290.135637,503.03099,106.284824,1820.806022,10579.611,2710.286827,,15614.38566,1953.749404,217.25111,2171.000514,847.610658,934.188185,1106.138746,274.237017,389.201671,114.964654,25.83,24.45,1.38,242.371623,743.732,22.4607,229.8061,733.836823,69.871831,457.021133,0.84,6.16094,4.58,26.149487687380525,36.03249552539209,23.47594729033924,1106.138746,0.0,-46.76546668926974
FY2015-16,2016,SYNDICATE BANK,307967.4448,68621.8668,201368.4899,2406.9084,6354.7956,703.3716,11634.6094,261735.344,25501.2009,8392.9189,307967.4448,23197.7802,2508.7326,25706.5128,17213.078,5242.122,5984.7022,4894.7983,3251.3128,-1643.4855,11.16,7.75,3.41,6442.38,12200.54,3381.06,1429.7,13832.16,3843.65,9014.87,-0.56,-12.9424831172638,4.48,,,,5984.7022,0.0,
FY2016-17,2017,SYNDICATE BANK,299073.3357,65465.3996,199669.3526,2454.0704,6252.3391,904.5394,13279.6419,260560.8635,17475.5242,6852.7667,299073.3357,23003.7871,3457.3938,26461.1809,16727.8172,5500.1331,6275.9699,3874.2813,4233.2306,358.9493,12.03,9.26,2.77,13832.16,8137.95,3090.11,1270.69,17609.31,9014.87,10410.98,0.12,2.70678759853604,5.21,-2.8880030179086025,-0.448728277217314,-0.8437950251520276,6275.9699,0.0,-121.84073422004636
FY2017-18,2018,SYNDICATE BANK,323977.1361,80354.2303,210683.868,2478.1022,8944.6927,1417.2721,13524.5396,272776.1062,29613.6117,6645.6065,323977.1361,21775.9498,2805.9011,24581.8509,15223.9304,5494.065,6552.0194,7086.6929,3863.8555,-3222.8374,12.24,9.41,2.83,17609.31,14309.28,3759.98,2400.01,25758.6,10410.98,13239.46,-1.05,-22.1303177543166,6.28,8.326987874633197,4.688057345189134,5.516377579520415,6552.019399999999,9.094947017729282e-13,-997.853095130705
FY2018-19,2019,SYNDICATE BANK,311278.863,76073.1513,171281.0986,2572.3806,10432.1596,2487.912,14082.3067,259896.961,25604.4537,9207.2296,311278.863,21725.4085,2223.8124,23949.2209,15076.5376,6053.4876,6648.8709,5407.4904,2819.1957,-2588.2947,14.23,11.36,2.87,25758.6,11592.01,5895.74,6774.5,24680.37,13239.46,12627.73,-0.87,-16.427343253642,7.37,-3.9194966820376154,-4.721507825380044,-18.702319154307535,6648.870900000002,-1.8189894035458565e-12,-19.688945523593592
FY2019-20,2020,SYNDICATE BANK,326729.5293,74964.2633,184398.7777,2567.6848,11716.3735,2683.7236,9802.3383,281269.8228,20278.8622,,326729.5293,21915.2114,3047.1157,24962.3271,14744.5822,6744.7803,7170.6292,7074.7064,3472.9646,-3601.7418,11.51,8.41,3.1,24680.37,9112.46,4772.65,4933.7,24086.48,12627.73,8504.7,-1.2,-24.7914855282613,4.61,4.963609205935704,8.223590502083633,7.658567820512574,7170.629199999999,9.094947017729282e-13,39.15501198530444
FY2015-16,2016,TAMILNAD MERCANTILE BANK LTD,35266.3124,8864.7069,22577.7127,156.3924,2068.6131,0.2845,2941.394,30368.865,333.1991,1622.5698,35266.3124,3252.1703,318.5045,3570.6748,2208.1555,636.9634,1044.0148,323.3994,725.5559,402.1565,12.75,12.16,0.59,318.68,520.91,321.38,99.27,418.94,135.53,200.74,1.23,14.5287957595027,0.89,,,,1044.0148000000004,-4.547473508864641e-13,
FY2016-17,2017,TAMILNAD MERCANTILE BANK LTD,36984.3661,11504.4766,21972.3197,154.3865,1407.4238,142.5115,3081.527,32190.1495,,1570.1781,36984.3661,3380.9605,430.5081,3811.4686,2230.1536,705.57,1150.8069,559.0803,875.745,316.6647,14.02,13.27,0.75,418.94,727.94,254.49,243.75,648.64,200.74,381.92,0.86,10.2717883418911,1.74,4.871656782578704,5.997209642177936,-2.6813743626031727,1150.8069,0.0,-21.258340969249534
FY2017-18,2018,TAMILNAD MERCANTILE BANK LTD,37919.9522,10363.6131,23768.7185,140.2973,1643.8208,142.5115,3262.2776,32428.3322,513.0,1573.8309,37919.9522,3250.4925,506.1222,3756.6147,2040.7554,709.8578,1209.7371,784.0853,1006.0015,221.9162,14.83,14.31,0.52,648.64,1242.16,428.57,593.95,868.28,381.92,513.29,0.59,6.69548865624443,2.16,2.529679966584575,0.7399241808429657,8.175735764485538,1209.7370999999998,2.2737367544323206e-13,-29.92076477106541
FY2018-19,2019,TAMILNAD MERCANTILE BANK LTD,40532.7956,9106.5865,26487.9403,138.3824,1879.531,142.5115,3475.7439,35136.2481,,1778.2921,40532.7956,3224.4566,414.3411,3638.7977,1994.3044,760.2262,1230.1522,625.6866,884.2671,258.5805,16.17,15.52,0.65,868.28,947.23,383.63,263.77,1168.11,513.29,636.51,0.68,7.36377222157712,2.4,6.890418495833428,8.350463055882962,11.440338274863237,1230.1522,0.0,16.52168701518859
FY2019-20,2020,TAMILNAD MERCANTILE BANK LTD,42758.7972,9467.3297,27715.7642,128.4529,1710.7007,142.5115,3837.1347,36825.0267,324.0,,42758.7972,3466.1117,526.4169,3992.5286,2146.5923,850.9115,1319.5194,587.3318,995.0248,407.693,16.74,15.87,0.87,1168.11,554.66,335.88,365.91,1020.98,636.51,497.47,0.99,10.73172624,1.8,5.4918531205382815,4.806371457742542,4.635407230965427,1319.5194000000001,-2.2737367544323206e-13,57.66579459781384
FY2020-21,2021,TAMILNAD MERCANTILE BANK LTD,47527.1685,11703.2089,31069.6034,137.1762,1912.1048,142.5115,4437.4709,40970.4168,,,47527.1685,3609.0535,644.3482,4253.4017,2071.5248,979.6531,1537.5287,598.8945,1202.2238,603.3293,18.94,17.93,1.01,1020.98,574.96,118.57,392.59,1084.78,497.47,613.82,1.34,14.097,1.98,11.15179006952982,11.256991430776054,12.100836101066271,1537.5286999999998,2.2737367544323206e-13,47.986180778183595
FY2021-22,2022,TAMILNAD MERCANTILE BANK LTD,52858.4881,13242.3695,33491.5428,210.8354,2061.7369,142.5115,5193.1948,44933.1146,,,52858.4881,3833.8601,812.2582,4646.1183,2018.6309,1111.0354,1815.2292,694.5433,1516.452,821.9087,22.06,20.44,1.62,1084.78,518.16,711.13,320.89,570.92,613.82,317.58,1.66,16.577945,0.95,11.217414729850784,9.67209540323739,7.795205393577698,1815.2291999999998,2.2737367544323206e-13,36.228872027266036
FY2022-23,2023,TAMILNAD MERCANTILE BANK LTD,57895.36586,14156.03773,37289.68931,245.64824,2622.00513,158.351454,6769.99408,47766.48605,525.0,,57895.36586,4081.041798,629.110331,4710.152129,1986.915909,1150.394349,2094.125889,543.582827,1572.841871,1029.259044,26.26,24.61,1.65,570.918549,271.351039,222.091657,98.717023,521.460909,317.581525,229.8252,1.97,16.784975,0.62,9.528985676758307,6.305753507681389,11.340613756377916,2094.125889,0.0,25.227904753897846
FY2023-24,2024,TAMILNAD MERCANTILE BANK LTD,61552.46,15262.59841,39733.75006,270.9797917,2717.009963,158.351454,7762.850808,49515.07323,1301.151103,,61552.46,4847.909394,644.9462974,5492.855692,2697.015852,1314.060573,2150.893542,409.7468107,1481.779266,1072.032455,29.37,27.97,1.4,521.4609092,502.7742334,237.9371487,211.2414577,575.0565363,229.8252004,335.8214398,1.84,14.438587,0.85,6.316730338734589,3.66069879657811,6.554253455108761,2150.8935420000003,-4.547473508864641e-13,4.1557478896440125
FY2024-25,2025,TAMILNAD MERCANTILE BANK LTD,66449.87025,15100.7978,43983.66913,284.4837087,2672.672707,158.351454,8850.340993,53688.95921,500.0,,66449.87025,5291.26697,850.4859955,6141.752965,2990.340109,1405.673221,2300.926861,563.1324712,1745.739636,1182.607165,32.71,31.24,1.47,575.0565363,177.7601563,169.5951415,27.09015965,556.1313914,335.8214398,160.4478545,1.88,13.970638,0.36,7.956481755562672,8.429526016476018,10.695992861439985,2300.9268609999995,4.547473508864641e-13,10.314492764120642
FY2022-23,2023,THE HONGKONG AND SHANGHAI BANKING CORPORATION LIMITED,293016.0527,120957.2942,103574.254,754.2076,25077.0123,8633.416,27170.11404,187851.1754,44819.3457,,293016.0527,15602.7614,1731.0069,17333.7683,6113.6469,4750.7947,9489.1145,3016.3941,6469.3267,3452.9326,16.6,15.0,1.6,643.7985,208.9508,230.6231,98.5877,523.5385,150.0981,83.2639,1.25,10.084393,0.0,,,,9489.1145,0.0,
FY2023-24,2024,THE HONGKONG AND SHANGHAI BANKING CORPORATION LIMITED,296773.0501,148523.9304,109216.1352,788.1336,20145.04707,8633.416,32615.20852,201218.9921,35980.2424,,296773.0501,19962.2489,3952.7235,23914.9724,8650.2334,5694.5292,11312.0155,4133.8768,9570.2098,5436.333,15.88,13.95,1.93,523.5385,229.3713,194.6765,100.103,458.1303,83.2639,50.3015,1.89,14.110788,,1.2821814250042252,7.116174105131523,5.44718497320773,11312.0155,0.0,57.441040117609
FY2024-25,2025,THE HONGKONG AND SHANGHAI BANKING CORPORATION LIMITED,378940.7323,160283.5215,138277.8219,756.198313,31036.91236,8633.416,40026.17092,223377.8582,74642.9813,,378940.7323,23414.08045,4197.472188,27611.55263,10562.56846,6525.278112,12851.51199,4346.8454,10523.70607,6176.860665,16.34,14.96,1.38,458.1303,271.1092,179.024,91.2726,458.9429,50.3015,38.5962,1.83,13.74037,,27.68704306954859,11.012313434602472,26.60933446031699,12851.51199,0.0,13.62182311127742
FY2015-16,2016,THE ROYAL BANK OF SCOTLAND N.V.,14679.773,8069.9711,3539.0603,37.5155,1284.7292,169.0151,2647.7394,7962.3084,1573.9244,2326.7857,14679.773,1131.104,227.8726,1358.9766,481.8808,749.5005,649.2232,98.6315,127.5953,28.9638,26.09,21.95,4.14,82.1346,0.0077,20.7513,61.312,0.079,5.9286,,0.18,1.01822030707548,,,,,649.2232,0.0,
FY2016-17,2017,THE ROYAL BANK OF SCOTLAND N.V.,5470.3494,3691.7089,121.8887,41.0101,1081.6694,2802.821,-18.0389,545.9416,1463.1782,676.4475,5470.3494,26.6511,-0.7224,25.9287,4.9063,38.553,21.7448,0.5083,-17.5306,-18.0389,132.564,132.56,0.004,,183.4984,,,183.4984,,120.4144,-0.31,-0.644069700446124,98.79,-62.73546327998396,-93.14342559250782,-96.55590214159392,21.744799999999998,3.552713678800501e-15,-162.28084712641297
FY2017-18,2018,THE ROYAL BANK OF SCOTLAND N.V.,4716.4625,3776.2083,,19.2057,552.6999,2802.821,-199.1356,63.4726,1470.7366,578.5679,4716.4625,209.6742,2.4975,212.1717,75.3562,194.8155,134.318,123.0967,-58.0,-181.0967,295.68,295.19,0.49,183.4984,,19.3741,49.3876,114.7367,120.4144,,-3.59,-6.72164024372421,,-13.781329945761788,-88.37373814342047,,134.318,0.0,903.9231882210112
FY2018-19,2019,THE ROYAL BANK OF SCOTLAND N.V.,4751.755,4117.0194,,10.9861,483.8368,2802.821,-105.1448,31.5648,1560.3097,462.2043,4751.755,229.6439,35.0389,264.6828,83.9202,68.4082,145.7237,18.3636,112.3544,93.9908,313.3,312.76,0.54,114.7367,,,114.7367,,,,1.96,3.54591167672848,,0.7482832737459644,-50.27019532837791,,145.7237,0.0,-151.9008905187118
FY2019-20,2020,THE ROYAL BANK OF SCOTLAND N.V.,4786.7988,4181.1081,,6.9158,440.7745,2802.821,-207.6451,,1707.1916,,4786.7988,194.1851,1.156,195.3411,73.3959,162.4567,120.7892,-7.0736,-40.5115,-33.4379,284.1,283.56,0.54,,,,,,,,-0.7,-1.263511595,,0.7374917267409575,,,120.78920000000001,-1.4210854715202004e-14,-135.5757159211327
FY2020-21,2021,THE ROYAL BANK OF SCOTLAND N.V.,4754.3092,4191.9291,,5.0001,410.9107,2802.821,-181.0873,,1649.5444,,4754.3092,168.8646,1.3586,170.2232,10.5402,87.1237,158.3244,46.0015,72.5593,26.5578,290.36,289.93,0.43,,,,,,,,0.56,1.018,,-0.6787333530709483,,,158.3244,0.0,-179.4242461398593
FY2021-22,2022,THE ROYAL BANK OF SCOTLAND N.V.,4760.45,4303.2495,,,270.1114,2802.821,-260.5743,,1710.0684,,4760.45,99.7768,0.4655,100.2423,41.9104,93.5636,57.8664,44.2553,-35.2317,-79.487,306.42,306.05,0.37,,,,,,,,-1.67,-3.078517,,0.1291628234865394,,,57.86639999999999,7.105427357601002e-15,-399.2981346346459
FY2024-25,2025,UBS AG,7783.1224,4428.785,1566.9901,3.0085,341.2179,3225.0,2053.8781,2451.8801,,,7783.1224,398.8659,26.7151,425.581,79.7726,57.9291,319.0933,114.8248,287.8793,173.0545,178.76,175.4,3.36,,,,,,,,2.74,3.304615,,,,,319.0933,0.0,
FY2015-16,2016,UCO BANK,244882.5314,83974.2044,125905.3677,2884.6374,13559.0894,1075.5917,11446.3616,207118.2415,17240.4358,8001.9008,244882.5314,18560.9742,1596.3056,20157.2798,13712.9508,2840.943,4848.0234,6402.6434,3603.386,-2799.2574,9.63,7.63,2.0,10265.05,14942.35,2726.44,1573.23,20907.73,6330.58,11443.59,-1.25,-22.3307215917974,9.09,,,,4848.0234,0.0,
FY2016-17,2017,UCO BANK,231339.7065,74019.124,119724.4532,2849.4769,16646.7693,1559.7282,11193.7423,201284.5112,9534.962,7766.7628,231339.7065,16325.7993,2114.4909,18440.2902,12509.018,3005.1914,3816.7813,4776.748,2926.0808,-1850.6672,10.93,8.27,2.66,20907.73,9928.16,6320.22,1928.04,22540.95,11443.59,10703.39,-0.75,-14.6440052965601,8.94,-5.530335227496752,-2.81661830351142,-4.909174734096744,3816.7813000000006,-4.547473508864641e-13,-33.887208800448285
FY2017-18,2018,UCO BANK,216056.1768,70962.147,107470.0212,2875.102,20000.8705,2308.1571,12649.0241,181849.2799,12449.2619,6800.4538,216056.1768,14020.1254,1121.0032,15141.1286,10895.4025,2911.4858,3124.7229,5770.6096,1334.2403,-4436.3693,10.94,8.94,2.0,22540.95,15033.8,4290.12,2734.71,30549.92,10703.39,14082.07,-1.88,-32.0192346829577,13.1,-6.6065311187727405,-9.655602005406571,-10.235529728859106,3124.7229000000007,-4.547473508864641e-13,139.71729222844607
FY2018-19,2019,UCO BANK,230484.0802,82231.6918,99313.8423,2822.3143,21684.1328,5423.3982,11967.6544,197906.7817,8323.6786,6862.5673,230484.0802,14330.6323,1513.5146,15844.1469,10019.4785,3064.4243,4311.1538,7081.327,2760.2441,-4321.0829,10.7,8.64,2.06,30549.92,9082.44,5323.72,4420.31,29888.33,14082.07,9649.92,-1.84,-26.7160360390372,9.72,6.6778481475008755,8.830115691868624,-7.589259599029463,4311.1538,0.0,-2.5986655349003462
FY2019-20,2020,UCO BANK,235908.1513,90998.813,101174.2529,2840.3728,23088.5542,9918.3406,9291.2835,193203.4435,15695.0621,,235908.1513,15134.3332,2871.213,18005.5462,10042.0601,3127.8875,5092.2731,7272.4275,4835.5986,-2436.8289,11.7,8.98,2.72,29888.33,6181.38,4308.67,12479.09,19281.95,9649.92,5510.66,-0.96,-13.31575872,5.45,2.3533387187927746,-2.3765422082046794,1.8732641461803645,5092.2730999999985,1.8189894035458565e-12,-43.60605995316591
FY2020-21,2021,UCO BANK,253336.1092,93782.9499,111354.5409,3218.2324,21380.1421,9918.3406,10088.0729,205919.3944,15382.6323,,253336.1092,14446.1498,3424.1746,17870.3244,8966.4518,4754.8089,5479.698,3982.0297,4149.0637,167.034,13.74,11.14,2.6,19281.95,3102.06,1621.65,9410.39,11351.97,5510.66,4389.51,0.06,0.852,3.94,7.387603100597073,6.581637816408792,10.062133110152182,5479.6979999999985,1.8189894035458565e-12,-106.85456414276769
FY2021-22,2022,UCO BANK,267784.0157,96873.8026,122784.4056,3334.9212,18642.8953,11955.9582,11637.5394,224072.8983,13508.1442,,267784.0157,14981.3388,3100.8069,18082.1457,8508.3895,4776.3226,6472.9493,3867.6702,4797.4336,929.7634,13.74,10.97,2.77,11351.97,6122.62,3385.93,3851.23,10237.43,4389.5,3315.78,0.33,4.264978,2.7,5.7030584963290165,8.815830074138953,10.264390304715443,6472.9493,0.0,456.63122478058364
FY2022-23,2023,UCO BANK,300862.9865,95169.3452,155870.1787,3509.5093,17585.853,11955.9582,13808.5477,249337.737,20501.08,,300862.9865,17650.5183,2508.4581,20158.9764,10307.3933,5510.915,7343.125,2478.3305,4340.6681,1862.3376,16.51,13.96,2.55,10237.43,2096.03,2032.23,2574.77,7726.46,3315.78,2018.02,0.62,7.546244,1.29,12.352854860858686,11.275276435338544,26.946233879068426,7343.125,0.0,100.30231347028717
FY2023-24,2024,UCO BANK,323691.4516,92904.3955,182021.8651,3781.4733,15958.3565,11955.9582,15400.827,263129.7727,25331.4409,,323691.4516,21854.3358,3265.5294,25119.8652,13753.5555,6790.0639,8100.7803,2922.5017,4576.2458,1653.7441,16.98,14.54,2.44,7726.46,2072.39,1397.62,1937.92,6463.31,2018.02,1621.65,0.56,6.226295,0.89,7.587661535095469,5.531467424844716,16.77786387243041,8100.7803,0.0,-11.20062764130414
FY2024-25,2025,UCO BANK,362481.0826,94272.4901,215134.5788,3851.9503,13095.1517,12539.559,18465.318,293542.1782,28687.4853,,362481.0826,25066.9114,4406.6343,29473.5457,15436.8273,7999.4083,9630.0841,3592.3208,6037.3101,2444.9893,18.49,16.37,2.12,6463.31,2247.91,1226.58,1566.1,5918.54,1621.65,1068.31,0.76,8.378751,0.49,11.983520358126153,11.55794921567994,18.191613233832314,9630.0841,0.0,47.84568543585435
FY2017-18,2018,UJJIVAN SMALL FINANCE BANK LIMITED,9473.176,1232.4789,7336.2114,198.3448,211.3057,1640.0368,6.8977,3772.5174,3852.845,200.8791,9473.176,1467.8756,111.4796,1579.3552,606.8644,652.8698,861.0112,312.7584,319.621,6.8626,23.04,22.32,0.72,16.3995,556.6906,120.6883,176.4814,275.9204,1.7971,50.9337,0.08,0.416689309744862,0.69,,,,861.0112,0.0,
FY2018-19,2019,UJJIVAN SMALL FINANCE BANK LIMITED,13742.2147,1526.6222,10552.4549,284.4495,284.2279,1640.0368,179.5926,7379.4408,4166.09,377.0545,13742.2147,1831.6099,205.9641,2037.574,725.1992,1003.3539,1106.4107,109.8038,309.0209,199.2171,18.94,18.39,0.55,275.9204,83.5392,83.7523,177.855,97.8523,50.9337,27.5482,1.88,11.4936349507361,0.26,45.06449262633778,95.61051726361818,43.840660044229374,1106.4107,0.0,2802.9391192842363
FY2019-20,2020,UJJIVAN SMALL FINANCE BANK LIMITED,18411.243864,2396.137498,14043.643651,300.483176,327.690029,1928.223169,1259.502283,10780.483699,3953.265854,,18411.243864,2703.59868,322.214934,3025.813614,1070.00679,1318.575504,1633.59189,287.312704,637.23132,349.918616,28.81,28.01,0.8,97.852269,145.189791,41.828755,64.072329,137.140976,27.548192,27.489341,2.21,13.97618608,0.2,33.97581296703216,46.088084330183946,33.0841380899908,1633.5918900000001,-2.2737367544323206e-13,75.64687770276748
FY2020-21,2021,UJJIVAN SMALL FINANCE BANK LIMITED,20380.45395,2516.450071,14493.951761,280.728908,511.825787,1928.314205,1290.437732,13135.767322,3247.316667,,20380.45395,2806.065569,302.309104,3108.374673,1077.514001,1230.077005,1728.551568,792.486789,800.783667,8.296878,26.44,25.06,1.38,137.140987,1032.803074,25.499894,73.846629,1070.597538,27.489397,424.583955,0.04,0.259,2.93,10.695692808949463,21.84766183745981,3.206490574601939,1728.5515679999999,2.2737367544323206e-13,-97.62891208966144
FY2021-22,2022,UJJIVAN SMALL FINANCE BANK LIMITED,23612.1838,4152.9348,16303.1714,249.3926,730.8651,1928.3142,874.3197,18292.2169,1763.5616,,23612.1838,2812.7991,359.8865,3172.6856,1039.207,1496.3806,1773.5921,1051.6884,637.098,-414.5904,18.99,17.7,1.29,1070.5976,2088.35,1086.2904,788.5799,1284.0773,424.5839,99.5979,-2.04,-13.770597,0.61,15.857006217469461,39.25503133238279,12.482583555081273,1773.5921,0.0,-5096.944633873127
FY2022-23,2023,UJJIVAN SMALL FINANCE BANK LIMITED,33316.8775,8510.3075,21289.6611,282.8799,750.4362,2154.7066,2054.4004,25537.6822,2641.464,,33316.8775,4164.9947,589.1909,4754.1856,1467.0926,1802.0597,2697.9021,385.1116,1485.0333,1099.9217,25.81,22.68,3.13,1284.0773,334.9931,505.7459,482.7151,630.6094,99.5979,9.0383,4.04,31.373712,0.04,41.1003648887402,39.60955273824682,30.586010400405918,2697.9021000000002,-4.547473508864641e-13,-365.3032245802122
FY2023-24,2024,UJJIVAN SMALL FINANCE BANK LIMITED,40422.21625,9766.018246,26882.9191,426.664322,809.823022,1931.428509,3682.06356,31462.15984,2170.815314,,40422.21625,5677.154057,786.751895,6463.905952,2267.703944,2279.099058,3409.450113,635.612289,1917.10295,1281.490661,24.69,22.58,2.11,630.6094,479.779738,223.993373,273.871072,612.524693,9.0383,76.292231,3.47,26.0927,0.28,21.32654463192114,23.1989637650045,26.272179598011537,3409.450113,0.0,16.50744421171071
FY2024-25,2025,UJJIVAN SMALL FINANCE BANK LIMITED,47689.1515,11729.99021,31390.00398,456.913096,942.448856,1935.003643,4148.403257,37630.48425,2845.362998,,47689.1515,6354.389593,846.197425,7200.587018,2718.122506,2793.237947,3636.267087,963.123507,1689.226565,726.103058,23.1,21.38,1.72,612.524693,1128.834724,180.03745,865.43671,695.885257,76.292231,152.426266,1.67,12.415309,0.49,17.977577491189646,19.60553389013613,16.76560816641375,3636.2670869999997,4.547473508864641e-13,-43.33918458419417
FY2015-16,2016,UNION BANK OF INDIA,404695.9024,89208.3461,267354.0019,3939.8728,14917.4612,687.4411,22203.7658,342720.0092,30957.3518,8127.3345,404695.9024,32198.8008,3631.7354,35830.5362,23885.7021,6302.2157,8313.0987,4291.0161,5642.6184,1351.6023,10.56,8.14,2.42,13030.87,12952.87,1021.27,791.58,24170.89,6918.97,14025.94,0.35,6.33780120986712,5.25,,,,8313.098700000002,-1.8189894035458565e-12,
FY2016-17,2017,UNION BANK OF INDIA,452704.4402,112148.9595,286466.577,3894.415,17371.9868,687.4411,23288.7523,375899.0098,41225.873,11603.364,452704.4402,32659.9801,4964.5989,37624.579,23756.6448,6437.8448,8903.3353,6874.8763,7430.0894,555.2131,11.79,9.02,2.77,24170.89,13243.89,2438.84,1263.66,33712.28,14025.94,18832.1,0.13,2.36929335293214,6.57,11.86286728264141,9.68108068083,7.1487896063545,8903.335300000002,-1.8189894035458565e-12,-58.921858892959854
FY2017-18,2018,UNION BANK OF INDIA,487380.0884,123754.2173,288760.5825,3833.3328,21590.7614,1168.5734,23928.1978,408501.6357,45680.7681,8100.9134,487380.0884,32747.9992,4989.8684,37737.8676,23443.336,6654.956,9304.6632,12886.9441,7639.5756,-5247.3685,11.46,9.03,2.43,33712.28,21369.11,2234.51,3476.95,49369.93,18832.1,24326.31,-1.07,-21.3859853089047,8.42,7.659666025073819,8.673240697640171,0.800793420308854,9304.663199999999,1.8189894035458565e-12,-1045.1089140367903
FY2018-19,2019,UNION BANK OF INDIA,494038.8422,126046.6426,296932.153,3762.2928,24251.7801,1763.0163,24723.9911,415915.2695,42863.8249,8772.7404,494038.8422,34066.6589,4473.9467,38540.6056,23851.7482,7167.6254,10214.9107,10468.6803,7521.232,-2947.4483,11.78,9.48,2.3,49369.93,13576.72,6446.96,7770.54,48729.15,24326.31,20332.42,-0.59,-11.4278107575469,6.85,1.366234271461475,1.814835768600087,2.8298774123715287,10214.9107,0.0,-43.82997306173561
FY2019-20,2020,UNION BANK OF INDIA,550683.2685,152413.8968,315049.4069,4762.5172,23351.2283,3422.8189,30362.8257,450668.4524,52486.2533,,550683.2685,37231.1238,5260.7868,42491.9106,25794.3716,7516.4147,11436.7522,12078.9008,9181.1243,-2897.7765,12.81,10.75,2.06,48729.15,14911.44,6137.81,8417.48,49085.3,20332.42,17303.14,-0.53,-9.615559972,5.49,11.465581541677405,8.35583241312088,6.101479316724578,11436.752200000003,-1.8189894035458565e-12,-1.6852475410679801
FY2020-21,2021,UNION BANK OF INDIA,1071705.8448,331511.7896,590982.8759,7343.8719,57456.9601,6406.8444,58069.8908,923805.3402,51837.1092,,1071705.8448,68767.3348,11744.4937,80511.8285,44078.9085,16765.9927,24688.4263,16760.9622,19666.9273,2905.9651,12.56,10.35,2.21,,,,,,,,0.27,4.678,4.62,94.61383813588664,104.98557981601463,87.58418932290965,24688.4263,0.0,-200.28258217981963
FY2021-22,2022,UNION BANK OF INDIA,1187591.0609,348507.3915,661004.6627,7191.3038,51387.3446,6834.7475,63741.3875,1032392.6349,51179.0975,,1187591.0609,67943.9508,12524.8172,80468.768,40157.4864,18438.0735,27786.4644,16641.1123,21873.2081,5232.0958,14.52,12.2,2.32,89788.2,22877.39,13594.09,19484.43,79587.07,27280.52,24303.3,0.47,7.748219,3.68,10.813155182672919,11.75434801843549,11.84836137483083,27786.464400000004,-3.637978807091713e-12,80.04675279823562
FY2022-23,2023,UNION BANK OF INDIA,1280752.451,339299.0482,761845.4577,8825.6071,58631.8849,6834.7475,71499.4658,1117716.322,43137.4686,,1280752.451,80743.3386,14633.153,95376.4916,47977.9957,21931.3319,32765.3429,17033.8863,25467.164,8433.2777,16.04,13.91,2.13,79587.07,12518.6,11943.38,19175.0,60987.29,24303.3,12927.44,0.69,11.326651,1.7,7.844568148685704,8.264654765603275,15.255685880958314,32765.342900000003,-3.637978807091713e-12,61.18354904740087
FY2023-24,2024,UNION BANK OF INDIA,1391957.617,337903.5284,870776.0894,9222.7802,54752.3429,7633.6056,89335.3596,1221528.374,26948.3682,,1391957.617,99777.9577,16080.1941,115858.1518,63207.5611,24439.9598,36570.3966,14562.3243,28210.6309,13648.3066,16.97,15.0,1.97,60987.29,11876.65,11502.0,18264.21,43097.73,12927.44,8989.92,1.03,15.571089,1.03,8.682799389778427,9.287871167009776,14.29825834085301,36570.3966,0.0,61.838695291630195
FY2024-25,2025,UNION BANK OF INDIA,1499855.708,354381.3963,953513.3435,9781.8765,50845.1148,7633.6056,105341.6007,1309749.518,27341.788,,1499855.708,107725.9729,19812.9144,127538.8873,70512.2962,25936.5486,37213.6767,13102.8963,31090.0425,17987.1462,18.02,16.24,1.78,43097.73,12073.93,8187.9,11633.38,35350.38,8989.92,5969.29,1.26,17.135171,0.63,7.75153565613198,7.222193595971249,9.501553281855646,37213.676699999996,7.275957614183426e-12,31.790314558144516
FY2015-16,2016,UNITED BANK OF INDIA,129431.7504,44723.3834,68060.2004,1210.92,7111.5877,839.516,4999.669,116401.2764,2912.5065,4278.7825,129431.7504,9936.6709,1467.5332,11404.2041,7656.1136,2972.7844,2280.5573,1057.2649,775.3061,-281.9588,10.08,7.93,2.15,6552.91,5011.05,1443.53,649.42,9471.01,4081.38,6110.71,-0.22,-4.83334836690036,9.04,,,,2280.5572999999995,4.547473508864641e-13,
FY2016-17,2017,UNITED BANK OF INDIA,141053.1124,53035.4906,66139.2951,1181.6634,7680.6161,1394.3556,5931.4557,126939.251,2551.754,4236.2961,141053.1124,9427.9119,2186.6184,11614.5303,7500.1832,2561.4613,1927.7287,1333.3796,1552.8858,219.5062,11.14,8.94,2.2,9471.01,3533.08,1338.39,713.71,10951.99,6110.71,6591.85,0.16,3.33469444271701,10.02,8.978756730157,9.053143510031125,-2.822362098128639,1927.7286999999988,1.1368683772161603e-12,-177.85045190999534
FY2017-18,2018,UNITED BANK OF INDIA,144748.6558,50401.8041,62490.1998,1293.0885,10329.2397,3000.0,5661.5934,129326.378,3306.0575,3454.6269,144748.6558,8341.6293,2214.5669,10556.1962,6848.7579,2683.3782,1492.8714,2478.5063,1024.0601,-1454.4462,12.62,9.87,2.75,10951.99,8606.26,1139.23,1866.91,16552.11,6591.85,10316.3,-1.04,-18.1949006395015,16.49,2.6199658675521764,1.8805270877169322,-5.517287861146258,1492.871400000001,-9.094947017729282e-13,-762.5991429854829
FY2018-19,2019,UNITED BANK OF INDIA,151529.9278,60976.0343,66955.0974,1240.055,12695.2472,7427.9197,4070.958,134983.3151,2203.7175,2844.0175,151529.9278,8559.8764,2384.584,10944.4604,6585.271,2947.6008,1974.6054,3727.5139,1411.5886,-2315.9253,13.0,10.14,2.86,16552.11,2870.52,2003.96,5365.29,12053.38,10316.3,5785.61,-1.6,-22.9749125257296,8.67,4.684860085588438,4.374155673021329,7.144956512044942,1974.6053999999995,4.547473508864641e-13,59.2307298819303
FY2019-20,2020,UNITED BANK OF INDIA,152992.8357,58636.9227,67523.3277,1418.4855,11839.0895,9069.299,-2160.6981,137614.6391,2279.9452,,152992.8357,9655.5447,2589.0414,12244.5861,6669.8776,5403.995,2985.6671,6566.0211,170.7135,-6395.3076,5.56,3.56,2.0,12053.38,4053.08,1882.63,4288.6,9935.23,5785.61,3191.22,-4.17,-69.4859707727706,4.73,0.9654250623882366,1.949369815114288,0.8486736963509989,2985.6671000000006,-4.547473508864641e-13,176.14481347908765
FY2015-16,2016,UNITED OVERSEAS BANK LTD,1564.9467,330.8076,1115.2194,2.7042,57.6451,752.5524,55.2421,401.4637,315.8738,39.8147,1564.9467,108.155,8.2426,116.3976,30.5084,23.5153,77.6466,27.1253,62.3739,35.2486,150.53,149.58,0.95,,,,,,,,2.41,4.46088703421111,,,,,77.6466,0.0,
FY2016-17,2017,UNITED OVERSEAS BANK LTD,1673.0817,429.7387,1144.7021,1.6228,71.4819,752.5524,63.4778,241.9915,572.2977,42.7623,1673.0817,92.5602,12.1912,104.7514,29.8081,23.5567,62.7521,43.1509,51.3866,8.2357,122.92,121.98,0.94,,80.1936,,,80.1936,,44.1065,0.55,1.01435826170152,3.85,6.909819995786437,-39.72269472931177,2.6436681427887576,62.7521,0.0,-76.63538410036143
FY2017-18,2018,UNITED OVERSEAS BANK LTD,1109.098,349.7755,221.7845,0.7589,58.6145,752.5524,63.6234,161.3431,119.6925,11.8866,1109.098,74.682,6.0368,80.7188,18.1538,23.7716,56.5282,38.6478,38.7934,0.1456,183.02,182.76,0.26,80.1936,,,,80.1936,44.1065,,0.01,0.0178408852804119,,-33.70927432892249,-33.3269556988572,-80.62513382302696,56.5282,0.0,-98.23208713284845
FY2018-19,2019,UNITED OVERSEAS BANK LTD,1338.5875,257.5474,492.465,0.7768,115.9873,752.5524,49.2523,517.1642,,19.6186,1338.5875,94.1607,15.7064,109.8671,32.8463,26.0205,61.3144,65.3714,51.0003,-14.3711,150.79,150.27,0.52,80.1936,75.0,,,155.1936,,,-0.95,-1.77642437594273,,20.691543939309256,220.53691790972164,122.0466263422376,61.314400000000006,-7.105427357601002e-15,-9970.260989010989
FY2019-20,2020,UNITED OVERSEAS BANK LTD,1811.5648,365.8411,708.995,0.7882,171.2369,752.5524,86.4958,887.0265,,,1811.5648,82.7957,18.0634,100.8591,31.6808,81.1954,51.1149,-49.2606,-12.0171,37.2435,171.78,171.03,0.75,155.1936,,25.5137,54.6799,75.0,,,2.34,4.539529412,,35.33405922287485,71.51738268039433,43.968606906074555,51.11489999999999,7.105427357601002e-15,-359.1555274126546
FY2020-21,2021,UNITED OVERSEAS BANK LTD,1170.3055,609.825,419.665,0.7935,95.6214,752.5524,104.9838,301.8728,,,1170.3055,72.7756,21.8719,94.6475,33.6955,26.4561,39.0801,16.0079,34.4959,18.488,181.9,178.59,3.31,75.0,,,,75.0,,,0.86,2.179,,-35.39808788512562,-65.96800659281318,-40.8084683248824,39.080099999999995,7.105427357601002e-15,-50.35912306845489
FY2021-22,2022,UNITED OVERSEAS BANK LTD,1407.958,394.9947,326.4265,0.5618,79.2697,752.5524,114.0286,529.2937,,,1407.958,53.0457,12.6583,65.704,21.5086,28.5458,31.5371,6.6048,15.6496,9.0448,287.98,284.74,3.24,75.0,,,,75.0,,,0.58,1.049209,,20.306877135927337,75.3366649794218,-22.217363849737303,31.537099999999995,3.552713678800501e-15,-51.0774556469061
FY2022-23,2023,UNITED OVERSEAS BANK LTD,1594.858,234.1273,597.889,0.3079,77.5112,752.5524,137.7011,690.5438,,,1594.858,67.1095,10.4956,77.6051,23.7511,29.7786,43.3584,0.4029,24.0754,23.6725,180.93,179.36,1.57,75.0,,19.5133,,55.4867,,,1.69,2.694904,,13.27454370087744,30.46514628834618,83.16190627905517,43.358399999999996,7.105427357601002e-15,161.724969042986
FY2023-24,2024,UNITED OVERSEAS BANK LTD,1943.3153,406.5673,802.896,0.2996,62.4228,752.5524,156.8491,886.2277,125.1075,,1943.3153,96.1391,10.9488,107.0879,34.9153,34.2568,61.2238,18.7678,37.9158,19.148,148.81,146.73,2.08,55.4867,,4.9049,50.5818,,,,1.28,2.127963,,21.848797824006905,28.337652151825843,34.28847160593354,61.2238,0.0,-19.112894709050586
FY2024-25,2025,UNITED OVERSEAS BANK LTD,1298.3656,401.4136,631.825,1.4553,54.3717,752.5524,180.4931,144.1815,200.8663,,1298.3656,88.8389,10.1968,99.0357,26.111,35.572,62.7279,13.4705,37.3527,23.8822,167.78,165.4,2.38,,,,,,,,1.78,2.592444,,-33.18811414699405,-83.7308741308808,-21.30674458460372,62.72789999999999,7.105427357601002e-15,24.724253185711298
FY2022-23,2023,UNITY SMALL FINANCE BANK LIMITED,8761.3277,2435.8044,4468.1901,318.4653,983.8815,1392.4354,351.789,2684.6256,428.5958,,8761.3277,734.6955,68.6154,803.3109,174.9123,476.5952,559.7832,117.18,151.8034,34.6234,49.4037,27.1566,22.2471,3773.2996,151.3005,148.4233,8.8135,3767.3633,196.8943,15.3051,0.43,1.985031,0.34,,,,559.7832000000001,-1.1368683772161603e-13,
FY2023-24,2024,UNITY SMALL FINANCE BANK LIMITED,13773.79863,3824.6984,7960.8514,360.992326,1029.587106,1392.435375,514.789957,6505.1005,1298.9138,,13773.79863,1387.8809,244.0315,1631.9124,406.861,808.3734,981.0199,-22.2202,416.678,438.8982,36.461,19.9234,16.534,3767.36379,168.4871,169.72129,3405.9169,360.2127,15.312387,50.383724,4.0,24.039668,0.63,57.21131661357673,142.30941178539013,78.16724941940139,981.0199000000001,-1.1368683772161603e-13,1167.6346054980158
FY2024-25,2025,UNITY SMALL FINANCE BANK LIMITED,19151.94093,5151.990755,10985.17909,706.554895,1193.378057,1392.435375,721.916326,11951.88853,1067.266297,,19151.94093,2068.568049,768.524498,2837.092547,881.681878,1227.439653,1186.886171,245.937696,727.971016,482.03332,28.75,16.19,12.56,360.2127,696.522764,138.732699,248.57,669.432765,50.383724,169.373724,2.88,23.972353,1.54,39.04618068312795,83.73103582335123,37.99000305419593,1186.886171,0.0,9.828046685996906
FY2017-18,2018,UTKARSH SMALL FINANCE BANK LIMITED,4523.7246,661.2737,3101.7186,87.2665,104.7113,470.05,-58.1818,2193.8668,1788.8464,129.1432,4523.7246,518.1735,43.6897,561.8632,250.7305,235.5532,267.443,138.596,75.5795,-63.0165,17.4,12.95,4.45,,200.04,142.57,,57.47,,33.72,-1.93,-15.3001615565368,1.09,,,,267.443,0.0,
FY2018-19,2019,UTKARSH SMALL FINANCE BANK LIMITED,6238.8449,862.2071,4668.1652,89.8815,101.959,737.05,35.7063,3791.3867,1429.7673,244.9346,6238.8449,881.0445,58.0463,939.0908,382.2938,326.2699,498.7507,136.639,230.5271,93.8881,24.14,20.34,3.8,57.47,60.26,22.3,29.86,65.57,33.72,5.69,1.86,15.8511156910903,0.12,37.91389732257353,72.81754297936413,50.502537528710704,498.7507,0.0,-248.98970904445662
FY2019-20,2020,UTKARSH SMALL FINANCE BANK LIMITED,9404.3161,1192.3882,6281.596,131.4181,184.8612,759.2722,260.2269,5235.2125,2675.0368,,9404.3161,1307.6867,98.5553,1406.242,579.4626,476.4841,728.2241,163.5526,350.2953,186.7427,22.19,19.41,2.78,65.572495,41.190415,6.149872,55.957725,44.655313,5.69067,11.092824,2.47,20.8388492,0.18,50.738097367991955,38.081734052609285,34.56241865647769,728.2241,0.0,98.89922152008617
FY2020-21,2021,UTKARSH SMALL FINANCE BANK LIMITED,12137.9123,2313.9356,8216.8575,181.1712,256.132,848.3339,520.0187,7507.5681,2607.8252,,12137.9123,1580.9873,124.849,1705.8363,741.7407,545.0572,839.2466,307.2233,419.0384,111.8151,21.88,19.98,1.9,44.655314,309.579152,3.619939,35.325814,315.288713,11.092825,108.817475,1.04,9.365,1.33,29.06746403388121,43.405221851071005,30.808436263650197,839.2466000000001,-1.1368683772161603e-13,-40.12344257633632
FY2021-22,2022,UTKARSH SMALL FINANCE BANK LIMITED,15063.7698,2347.9238,10228.1473,286.5335,329.5161,895.5215,676.7753,10074.1826,2571.9349,,15063.7698,1848.8126,184.8334,2033.646,787.9625,733.7495,1060.8501,450.4724,511.934,61.4616,21.59,18.08,3.51,315.288713,656.426281,101.56999,221.988095,648.156909,108.817475,235.795461,0.48,4.180138,2.31,24.105113199738646,34.18702921922212,24.477603512048262,1060.8501,0.0,-45.03282651448687
FY2022-23,2023,UTKARSH SMALL FINANCE BANK LIMITED,19117.2922,2859.4222,13068.7655,303.3239,369.4176,895.9047,1104.4159,13710.14,2349.4753,,19117.2922,2504.9798,299.3062,2804.286,975.9489,990.0136,1529.0309,433.8216,838.3235,404.5019,20.64,18.25,2.39,648.156909,521.086653,354.958496,382.781438,431.503628,235.795461,50.511564,2.45,22.644569,0.0,26.90908354162449,36.09183538126457,27.772558574708818,1529.0309000000002,-2.2737367544323206e-13,558.1376013641037
FY2023-24,2024,UTKARSH SMALL FINANCE BANK LIMITED,23902.677,3679.4652,16364.8091,311.5775,519.3553,1099.4575,1873.7308,17472.5981,1995.0808,,23902.677,3178.4115,400.3434,3578.7549,1292.609,1288.8784,1885.8025,499.6393,997.2675,497.6282,22.57,20.95,1.62,431.503628,469.191677,169.695376,313.42171,417.578219,50.511564,4.489248,2.46,20.011151,0.03,25.031708203947424,27.442886068267725,25.220772382823764,1885.8025000000002,-2.2737367544323206e-13,23.022462935279165
FY2024-25,2025,UTKARSH SMALL FINANCE BANK LIMITED,28127.437,4957.8851,18716.4758,386.9206,629.5344,1101.6099,1872.8943,21565.6989,2354.7658,,28127.437,3764.926,599.8343,4364.7603,1742.0624,1615.7659,2022.8636,983.2315,1006.932,23.7005,20.93,17.88,3.05,417.578219,2108.166175,201.057851,470.302776,1854.383767,4.489248,905.273065,0.09,0.796965,4.84,17.674840353655785,23.425828125698157,14.370266622908545,2022.8636,0.0,-95.23730769277144
FY2015-16,2016,VIJAYA BANK,145408.7409,41842.4895,88986.9612,1288.2949,6671.4445,932.5604,6692.1634,125440.7229,10300.5718,2042.7224,145408.7409,12083.579,873.8597,12957.4387,9322.7447,2085.8241,2760.8343,1167.0747,1548.8699,381.7952,12.58,9.45,3.13,2443.21,5835.63,1741.9,509.87,6027.07,1659.71,4276.82,0.28,5.53949441481216,4.8,,,,2760.8343000000004,-4.547473508864641e-13,
FY2016-17,2017,VIJAYA BANK,154881.5759,44424.5513,94548.888,1318.7597,8658.6668,998.8454,7152.6425,133011.9521,11061.7967,2656.3392,154881.5759,12379.4585,1651.2627,14030.7212,8873.0179,2736.5495,3506.4406,1670.6687,2421.1538,750.4851,12.73,9.96,2.77,6027.07,2893.44,1470.44,1068.29,6381.78,4276.82,4118.16,0.49,9.51413576682671,4.36,6.514625559212162,6.035702780536201,6.250271640919913,3506.4406,0.0,96.56745291716604
FY2017-18,2018,VIJAYA BANK,177632.0472,39511.6614,116165.4423,1301.4752,15683.2268,1304.148,9323.0501,157287.5358,7299.7941,2417.5192,177632.0472,12589.843,1600.6089,14190.4519,8286.9547,2805.6956,4302.8883,2370.7787,3097.8016,727.0229,13.9,11.71,2.19,6381.78,4388.2,1703.9,1539.99,7526.09,4118.16,5021.24,0.44,7.74306466384283,4.32,14.688946162769522,18.250678466660908,22.86283292935183,4302.8883000000005,-9.094947017729282e-13,-3.126271261081659
FY2018-19,2019,VIJAYA BANK,191981.5278,41613.113,130606.3232,1691.2674,9386.474,1304.148,7415.0806,175817.4337,3717.2529,3727.6126,191981.5278,14975.9346,1342.2364,16318.171,10065.3251,3834.0115,4910.6095,4852.9478,2418.8344,-2434.1134,10.14,8.14,2.0,7526.09,5457.81,2542.55,1518.05,8923.3,5021.24,4018.37,-1.26,-25.1634416809384,3.08,8.078204820689594,11.780906736031383,12.431305398645232,4910.6095000000005,-9.094947017729282e-13,-434.8056024094976
FY2015-16,2016,WESTPAC BANKING CORPORATION,3834.0106,1946.7593,647.5025,2.4511,355.0912,808.73,81.4648,1772.3235,851.9833,319.509,3834.0106,205.7135,-33.3113,172.4022,80.1209,48.4724,125.5926,19.4785,43.8089,24.3304,43.72,43.26,0.46,,,,,,,,0.77,2.77102275367482,,,,,125.5926,0.0,
FY2016-17,2017,WESTPAC BANKING CORPORATION,2736.676,1135.3234,551.4187,1.6088,755.1261,808.73,127.2034,1031.0381,99.9978,669.7067,2736.676,209.8016,-3.9807,205.8209,85.2289,44.0754,124.5727,30.778,76.5166,45.7386,53.76,53.23,0.53,,,,,,,,1.44,5.00935257447971,,-28.621063280315397,-41.82562607785768,-14.839139617221575,124.57270000000001,-1.4210854715202004e-14,87.98951106434747
FY2017-18,2018,WESTPAC BANKING CORPORATION,2273.0236,902.7579,854.881,0.6188,311.3346,808.73,146.8999,263.0392,800.2903,254.0642,2273.0236,116.031,17.4086,133.4396,46.9573,39.5574,69.0737,21.8049,46.9249,25.12,56.24,55.61,0.63,,,,,,,,1.06,2.65600416332882,,-16.942173644231172,-74.48792629486728,55.03300849245774,69.0737,0.0,-45.07921099465222
FY2018-19,2019,WESTPAC BANKING CORPORATION,1695.3593,901.9859,349.5658,1.6473,252.3654,808.73,166.9026,376.0011,125.0,218.7256,1695.3593,119.5671,15.0743,134.6414,56.8178,37.9555,62.7493,13.8024,39.8681,26.0657,75.87,75.34,0.53,,,,,,,,1.14,2.69934304632332,,-25.41391563202423,42.944891864026346,-59.109419907566085,62.7493,0.0,3.7647292993630455
FY2019-20,2020,WESTPAC BANKING CORPORATION,999.5569,,,,75.4234,808.73,183.5494,,,,999.5569,66.3229,-3.6019,62.721,4.8816,36.8208,61.4413,4.3718,21.0186,16.6468,63.83,63.83,,,,,,,,,1.53,1.69182361812927,,-41.04158923716052,,,61.441300000000005,-7.105427357601002e-15,-36.13522752122521
FY2015-16,2016,WOORI BANK,917.9072,234.4203,291.0451,3.998,15.5991,415.3261,49.9196,442.3503,,10.3112,917.9072,72.8436,4.3907,77.2343,31.3764,16.7605,41.4672,10.9128,29.0974,18.1846,78.22,77.87,0.35,,,,,,,,1.95,3.98650980130807,,,,,41.46719999999999,7.105427357601002e-15,
FY2016-17,2017,WOORI BANK,1338.1133,318.6446,483.9193,10.8099,26.6513,415.3261,63.7643,847.1555,,11.8674,1338.1133,76.8089,4.899,81.7079,33.6728,22.385,43.1361,11.8054,25.6501,13.8447,86.51,86.03,0.48,,,,,,,,1.24,2.93215519347402,,45.77871270646967,91.51236022672529,66.26952317699218,43.13609999999999,7.105427357601002e-15,-23.865798532824478
FY2017-18,2018,WOORI BANK,2582.382,424.8133,1647.7872,13.0808,44.2546,415.3261,69.9774,2054.5018,,42.5767,2582.382,103.951,9.8985,113.8495,55.2966,39.104,48.6544,13.2358,19.4489,6.2131,41.39,40.77,0.62,,,,,,,,0.38,1.28849840298658,,92.98679715686258,142.51767237537857,240.5086757234109,48.654399999999995,7.105427357601002e-15,-55.122899015507734
FY2018-19,2019,WOORI BANK,3296.3068,740.3523,1840.6709,10.0873,58.1378,415.3261,81.9795,2684.2556,45.4569,69.2887,3296.3068,215.4638,16.8778,232.3416,150.601,46.0541,64.8628,23.6843,35.6865,12.0022,31.95,31.42,0.53,,12.8866,,,12.8866,,,0.4,2.44292465844251,,27.64597956460353,30.652384923683208,11.705619512034083,64.8628,0.0,93.1757093882281
FY2019-20,2020,WOORI BANK,4725.0114,1204.8713,2133.8741,7.0492,142.6181,696.3261,128.7122,3511.3838,319.1896,,4725.0114,269.473,31.044,300.517,162.8035,53.061,106.6695,37.9198,84.6525,46.7327,33.16,32.22,0.94,12.8866,,,12.8866,,,,1.22,7.068161316,,43.342585708344885,30.814062565427825,15.929148442559725,106.6695,0.0,289.3677825731949
FY2020-21,2021,WOORI BANK,4190.395753,1587.292134,1789.596965,4.094761,72.407153,696.326066,175.551346,2908.958173,356.170415,,4190.395753,221.329505,35.806812,257.136317,115.271685,56.527132,106.05782,38.4984,85.3375,46.8391,29.09,27.5,1.59,,,,,,,,1.1,5.52,,-11.314589569032584,-17.156359467170756,-16.133901011310837,106.05782,0.0,0.2276778358622611
FY2021-22,2022,WOORI BANK,4653.331,1704.7048,1991.5058,1.6077,77.0819,696.3261,208.141,3467.3549,180.3316,,4653.331,196.5548,25.5458,222.1006,107.2338,54.8096,89.321,27.4676,60.0572,32.5896,48.24,45.82,2.42,,,,,,,,0.73,3.669288,,11.047530455054865,19.19576335551525,11.282363512501824,89.321,0.0,-30.42223270728943
FY2022-23,2023,WOORI BANK,4459.3439,1791.9141,1947.9311,2.5709,71.8851,696.3261,234.6566,2800.7313,676.3261,,4459.3439,311.1249,36.3146,347.4395,243.1442,57.4089,67.9807,20.3708,46.8864,26.5156,53.3,48.06,5.24,,7.6031,,,7.6031,,6.4626,0.49,2.889275,0.33,-4.168779310992498,-19.225710065041223,-2.1880277727536535,67.98070000000001,-1.4210854715202004e-14,-18.637847656921224
FY2023-24,2024,WOORI BANK,5749.3576,1800.3362,2593.088,2.4361,79.5253,696.3261,252.5712,2966.9436,1746.7267,,5749.3576,327.467,33.1316,360.5986,237.1596,57.7179,90.3074,47.8066,65.7211,17.9145,34.89,33.22,1.67,7.6031,65.7771,7.6031,,65.7771,,49.3328,0.38,1.90592,1.89,28.928329568840837,5.934603580143527,33.1201088169905,90.30739999999997,2.842170943040401e-14,-32.4378856220489
FY2024-25,2025,WOORI BANK,5108.4398,1701.4484,2924.502,11.4979,96.3178,696.3261,250.0867,3607.9607,443.3963,,5108.4398,394.4279,29.8738,424.3017,308.717,76.9216,85.7109,41.1475,38.6631,-2.4844,37.75,35.71,2.04,65.7771,,7.6031,58.174,,49.3328,,-0.04,-0.262163,,-11.147641955685629,21.605301159078326,12.780669225263463,85.71090000000004,-4.263256414560601e-14,-113.86809567668648
FY2015-16,2016,YES BANK LTD.,165263.4118,48838.4656,98209.927,470.7177,9525.8768,420.5316,13366.0671,111719.5331,31658.9769,8098.3031,165263.4118,13533.4419,2712.1472,16245.5891,8966.7193,2976.3714,4566.7226,1763.0518,4302.4984,2539.4466,16.5,10.7,5.8,313.4009,911.108,217.2231,258.3044,748.9814,87.7247,284.4745,1.78,19.9433653059807,0.29,,,,4566.722599999999,9.094947017729282e-13,
FY2016-17,2017,YES BANK LTD.,215059.9177,50031.7983,132262.6769,683.5385,12532.4599,456.4858,21597.5735,142873.8567,38606.673,11525.3287,215059.9177,16424.6437,4156.7569,20581.4006,10627.3367,4116.541,5797.307,2507.4265,5837.5229,3330.0964,17.0,13.3,3.7,748.981,2632.322,1220.663,142.083,2018.557,284.474,1072.268,1.81,18.582786063805,0.81,30.131597404187183,27.88619208792593,34.673429601469905,5797.307000000001,-9.094947017729282e-13,31.134728330180273
FY2017-18,2018,YES BANK LTD.,312445.6033,68398.9387,203533.8628,832.3917,14946.0437,460.5934,25297.6864,200738.1476,74893.5808,11055.5951,312445.6033,20267.4216,5223.8335,25491.2551,12530.3624,5212.7798,7737.0592,3523.5492,7748.1129,4224.5637,18.4,13.2,5.2,2018.557,8215.737,6898.899,708.593,2626.802,1072.268,1312.746,1.78,17.6714370370556,0.64,45.28304792520621,40.50026522451955,53.88609059673433,7737.0592000000015,-1.8189894035458565e-12,26.860102308149393
FY2018-19,2019,YES BANK LTD.,380826.1654,89522.0327,241499.6024,816.9955,22098.0231,463.0066,26441.1895,227610.1818,108424.1089,17887.6786,380826.1654,29624.7473,4590.1526,34214.8999,19815.716,6264.2768,9809.0313,6414.6283,8134.9071,1720.2788,16.5,11.3,5.2,2626.802,7970.331,2245.64,468.933,7882.56,1312.746,4484.85,0.52,6.53322416236795,1.86,21.88558948430559,13.386610627466,18.65327915350703,9809.031299999999,1.8189894035458565e-12,-59.27913692010372
FY2019-20,2020,YES BANK LTD.,257826.922507,43914.8259,171443.294185,1009.088123,33076.713361,2510.0944,19216.199185,105363.9434,113790.5026,,257826.922507,26066.6039,11856.4938,37923.0977,19261.3725,6729.2114,6805.2314,28350.5448,11932.5138,-16418.031,8.46,6.46,2.0,7882.56,37272.486,5435.459,6841.998,32877.589,4484.85,8623.78,-5.39,-67.52155327,5.03,-32.298002098623655,-53.70859837343181,-29.00887103696531,6805.231399999997,2.7284841053187847e-12,-1054.3819873848354
FY2020-21,2021,YES BANK LTD.,273542.7653,43319.1476,166892.9938,2148.5304,31873.3611,5010.9812,28185.3472,162946.6422,63949.0848,,273542.7653,20041.8353,3011.6944,23053.5297,12613.2337,5792.0152,7428.6016,8110.5072,4648.2808,-3462.2264,17.5,11.3,6.2,32877.588,12034.789,4062.702,12240.144,28609.531,8623.78,9813.359,-1.43,-12.608,5.88,6.095501059464925,54.65123736057889,-2.6541139486563448,7428.601599999998,1.8189894035458565e-12,-78.9120485885305
FY2021-22,2022,YES BANK LTD.,318220.225,51895.5557,181051.991,2133.1268,36499.9621,5010.9906,28730.8864,197191.7331,72204.5835,,318220.225,19023.5113,3262.4693,22285.9806,12525.6577,6844.394,6497.8536,1849.7165,2915.9289,1066.2124,17.43,11.6,5.83,28609.529,5795.392,5458.031,970.913,27975.977,9813.359,8204.532,0.4,3.185662,4.53,16.332897582212148,21.016137821341374,8.483877529914619,6497.853599999999,1.8189894035458565e-12,-130.7955713121476
FY2022-23,2023,YES BANK LTD.,354786.1308,76888.2974,203269.4436,2444.7724,52909.1799,5750.9551,34043.1129,217501.8616,77451.9923,,354786.1308,22697.4304,3685.0569,26382.4873,14779.8587,8419.8646,7917.5717,2465.3553,3182.764,717.4087,17.92,13.26,4.66,27975.977,4775.111,10242.499,18114.017,4394.572,8204.532,1658.091,0.2,1.951178,0.83,11.490754806675163,10.299685580480356,12.271310841315186,7917.5717,0.0,-32.71427906859834
FY2023-24,2024,YES BANK LTD.,405492.9899,90235.1322,227799.472,2856.5218,65672.2245,5753.5764,35443.4232,266372.1717,79940.8803,,405492.9899,27585.9383,5114.2988,32700.2371,19491.3182,9822.6576,8094.6201,2135.1818,3386.2613,1251.0795,15.36,12.18,3.18,4394.572,5334.037,2984.029,2762.022,3982.558,1658.091,1329.731,0.3,3.089426,0.58,14.29223261508621,22.46891577869603,12.067740219858614,8094.6201,0.0,74.38867133894531
FY2024-25,2025,YES BANK LTD.,423422.3003,85104.4827,246188.469,3065.4248,61004.8915,6270.8231,41509.2308,284525.1333,71602.9679,,423422.3003,30894.9101,5856.8631,36751.7732,21950.5639,10547.2578,8944.3462,1848.0923,4253.9515,2405.8592,15.6462,13.5195,2.13,3982.558,5090.351,2335.275,2802.022,3935.612,1329.731,800.139,0.6,5.407819,0.33,4.421607980059439,6.814886661826169,8.072449351419042,8944.3462,0.0,92.30266341987058
